normalized_name,observed_rows,raw_name_variants,distinct_restaurant_ids,confidence,review_status
unknown,1703,1,87,High,Priority review
domino s pizza,443,1,442,High,Priority review
pizza hut,323,3,322,Medium,Priority review
kfc,310,1,309,High,Priority review
kwality walls frozen dessert and ice cream shop,302,2,301,Medium,Priority review
baskin robbins,274,1,274,High,Priority review
subway,233,2,232,Medium,Priority review
faasos wraps and rolls,197,1,197,High,Priority review
the biryani life,196,2,196,Medium,Priority review
lunchbox meals and thalis,195,1,195,High,Priority review
firangi bake,194,2,194,Medium,Priority review
oven story pizza,194,2,194,Medium,Priority review
the good bowl,194,1,194,High,Priority review
mcdonald s,189,2,189,Medium,Priority review
the belgian waffle co,188,2,188,Medium,Priority review
behrouz biryani,185,1,185,High,Priority review
faasos signature wraps and rolls,178,1,178,High,Priority review
nic natural ice creams,175,1,174,High,Priority review
grameen kulfi,174,1,173,High,Priority review
sweet truth cake and desserts,171,1,171,High,Priority review
cafe coffee day,161,1,160,High,Priority review
burger king,149,1,149,High,Priority review
pure veg meals by lunchbox,144,1,144,High,Priority review
la pino z pizza,138,5,137,Medium,Priority review
wow momo,127,2,127,Medium,Priority review
barbeque nation,125,1,125,High,Priority review
the brooklyn creamery healthy ice cream,124,1,124,High,Priority review
ubq by barbeque nation,124,4,124,Medium,Priority review
ibaco,118,3,118,Medium,Priority review
gourmet ice cream cakes by baskin robbins,113,2,113,Medium,Priority review
mcdonald s gourmet burger collection,112,1,112,High,Priority review
natural ice cream,110,2,110,Medium,Priority review
keventers milkshakes and desserts,109,1,109,High,Priority review
five star chicken,104,6,104,Medium,Priority review
lassi shop,92,5,92,Medium,Priority review
box8 desi meals,90,1,90,High,Priority review
slay coffee,90,2,90,Medium,Priority review
nh1 bowls highway to north,88,1,88,High,Priority review
starbucks coffee,88,1,88,High,Priority review
mealful rolls meals in a roll,84,1,84,High,Priority review
itminaan biryani dum pukht,83,1,83,High,Priority review
zaza 22 spice biryani,82,1,82,High,Priority review
inox,81,2,81,Medium,Priority review
mccafe by mcdonald s,78,1,78,High,Priority review
frozen bottle milkshakes desserts and ice cream,76,1,76,High,Priority review
chaayos chai snacks relax,73,1,73,High,Priority review
mad over donuts,73,1,73,High,Priority review
pvr cafe,71,1,71,High,Priority review
baskin robbins happyness shakes,65,1,65,High,Priority review
cakezone,64,1,64,High,Priority review
giani s,64,3,64,Medium,Priority review
meat and eat,64,8,64,Medium,Priority review
rolls mania,64,2,64,Medium,Priority review
drunken monkey,63,4,63,Medium,Priority review
the dessert heaven pure veg,62,1,62,High,Priority review
iceberg organic icecreams,61,1,61,High,Priority review
keventers ice cream,61,1,61,High,Priority review
paris waffle co,61,2,61,Medium,Priority review
a2b veg,59,4,59,Medium,Priority review
dindigul thalappakatti,59,1,59,High,Priority review
london dairy,59,2,59,Medium,Priority review
barista,58,1,58,High,Priority review
eatfit,58,1,58,High,Priority review
ghee and turmeric,58,1,58,High,Priority review
great indian khichdi by eatfit,58,1,58,High,Priority review
paratha box by eatfit,58,1,58,High,Priority review
goli vada pav no 1,57,9,57,Medium,Priority review
home plate by eatfit,57,1,57,High,Priority review
taco bell,57,1,57,High,Priority review
biryani by kilo,56,2,56,Medium,Priority review
kaati zone rolls and wraps,56,1,56,High,Priority review
indiana burgers,55,1,55,High,Priority review
the dessert zone,55,1,55,High,Priority review
burger it up,54,2,54,Medium,Priority review
chai sutta bar,54,6,54,Medium,Priority review
snack house,54,2,54,Medium,Priority review
china town,53,4,52,Medium,Priority review
kouzina kafe the food court,53,4,53,Medium,Priority review
monginis,53,2,53,Medium,Priority review
slurpy shakes,53,1,53,High,Priority review
biryani trip,52,1,52,High,Priority review
laziz pizza,52,4,52,Medium,Priority review
momo monk,52,3,52,Medium,Priority review
7th heaven,51,5,51,Medium,Priority review
andhra gunpowder,51,1,51,High,Priority review
biryani house,51,3,50,Medium,Priority review
shero home food chettinad,51,1,51,High,Priority review
tea time,51,3,51,Medium,Priority review
apsara ice creams,50,1,50,High,Priority review
punjabi dhaba,50,3,50,Medium,Priority review
samosa singh,50,1,50,High,Priority review
sundae everyday ice creams,50,1,50,High,Priority review
the chocolate room,50,4,49,Medium,Priority review
wow china,50,2,50,Medium,Priority review
cupcake bliss cakes and desserts,48,1,48,High,Priority review
theobroma,48,2,48,Medium,Priority review
hrx by eatfit,47,1,47,High,Priority review
chicago pizza,46,3,46,Medium,Priority review
mom s kitchen,46,9,46,Medium,Priority review
noto healthy ice cream,46,4,46,Medium,Priority review
paradise biryani,46,1,46,High,Priority review
winni cakes and more,46,6,46,Medium,Priority review
zomoz the momo company,46,3,46,Medium,Priority review
havmor havfunn ice cream,45,3,45,Medium,Priority review
mandarin oak the heavenly chinese,45,1,45,High,Priority review
chai point,44,1,44,High,Priority review
chinese wok wok express,44,5,44,Medium,Priority review
enchante by chai point,44,1,44,High,Priority review
peppy parathas and rolls by chai point,44,1,44,High,Priority review
the momo co,44,3,44,Medium,Priority review
big bowl company,43,1,43,High,Priority review
cream stone ice cream,43,1,43,High,Priority review
mehfil biryani by zakir khan,43,2,43,Medium,Priority review
momo zone the momo company,43,5,43,Medium,Priority review
punjabi tadka,43,4,43,Medium,Priority review
the thick shake factory,43,1,43,High,Priority review
warmoven cakes and desserts,43,1,43,High,Priority review
sagar ratna,42,2,42,Medium,Priority review
sri krishna sweets,42,4,42,Medium,Priority review
burger singh big punjabi burgers,41,2,41,Medium,Priority review
khana khazana,41,4,41,Medium,Priority review
wendy s,41,1,41,High,Priority review
bakingo,40,2,40,Medium,Priority review
biryani blues,40,1,40,High,Priority review
giani,40,2,40,Medium,Priority review
paratha envy,40,1,40,High,Priority review
punjabi rasoi,40,3,40,Medium,Priority review
the bowl company,40,1,40,High,Priority review
bikanervala,39,2,39,Medium,Priority review
house of candy,39,3,39,Medium,Priority review
bigbites,38,1,38,High,Priority review
rolls and bowls company,38,4,38,Medium,Priority review
tibbs frankie,38,3,38,Medium,Priority review
polar bear,37,2,37,Medium,Priority review
express by ab s,36,9,36,Medium,Priority review
nirula s,36,1,36,High,Priority review
anand sweets and savouries,35,1,35,High,Priority review
biggies burger,35,1,34,High,Priority review
burger point,35,3,35,Medium,Priority review
chicking,35,1,35,High,Priority review
kekiz the cake shop,35,9,35,Medium,Priority review
madras meal company,35,1,35,High,Priority review
pizza house,35,3,35,Medium,Priority review
pizza king,35,4,35,Medium,Priority review
pizza point,35,5,35,Medium,Priority review
tea post,35,2,35,Medium,Priority review
canteen central by eatfit,34,1,34,High,Priority review
food junction,34,3,34,Medium,Priority review
homely,34,2,34,Medium,Priority review
zwarma,34,3,34,Medium,Priority review
biryani badshah,33,2,33,Medium,Priority review
breakfast express,33,1,33,High,Priority review
third wave coffee,33,2,33,Medium,Priority review
vadilal ice cream,33,2,33,Medium,Priority review
vadilal ice creams,33,2,33,Medium,Priority review
just bake,32,4,32,Medium,Priority review
krispy kreme,32,1,32,High,Priority review
ab s absolute barbecues,31,5,31,Medium,Priority review
beijing bites,31,2,31,Medium,Priority review
fb cakes,31,3,31,Medium,Priority review
bombay kulfis,30,2,30,Medium,Priority review
itc fabelle chocolates,30,1,30,High,Priority review
kathi junction,30,6,30,Medium,Priority review
the baker s dozen,30,2,30,Medium,Priority review
ck s bakery,29,2,29,Medium,Priority review
kanti sweets,29,1,29,High,Priority review
makers of milkshakes,29,3,29,Medium,Priority review
pizza hub,29,5,29,Medium,Priority review
rollsking,29,3,29,Medium,Priority review
the sugar free keto kafe by artinci,29,1,29,High,Priority review
anjappar,28,1,28,High,Priority review
artinci indulge guilt free,28,2,28,Medium,Priority review
bikkgane biryani,28,2,28,Medium,Priority review
blue tokai coffee roasters,28,1,28,High,Priority review
chai kings,28,3,28,Medium,Priority review
grill inn,28,4,28,Medium,Priority review
haldiram s,28,2,28,Medium,Priority review
istah shawarma,28,1,28,High,Priority review
moti mahal delux,28,4,28,Medium,Priority review
shawarma hut,28,3,28,Medium,Priority review
shero home food andhra,28,3,28,Medium,Priority review
the lassi corner,28,2,28,Medium,Priority review
the red box,28,2,28,Medium,Priority review
food factory,27,3,27,Medium,Priority review
getawhey healthy ice creams,27,4,27,Medium,Priority review
ghar ki rasoi,27,3,27,Medium,Priority review
haka,27,1,27,High,Priority review
mumbai kulfi,27,4,27,Medium,Priority review
smoor,27,1,27,High,Priority review
cake point,26,2,26,Medium,Priority review
cream and fudge,26,3,26,Medium,Priority review
desi tadka,26,4,26,Medium,Priority review
fnp cakes n more,26,16,26,Medium,Priority review
mainland china,26,1,26,High,Priority review
miami shakes and more,26,2,26,Medium,Priority review
pastas by pizza hut,26,1,26,High,Priority review
sanjha chulha,26,2,26,Medium,Priority review
v cafe meals by pvr,26,1,26,High,Priority review
al baik com,25,14,25,Medium,Priority review
amma s pastries,25,1,25,High,Priority review
apni rasoi,25,3,25,Medium,Priority review
ghar ka khana,25,6,25,Medium,Priority review
jenny s brownies,25,1,25,High,Priority review
momo nation cafe,25,4,24,Medium,Priority review
new york waffles and dinges,25,2,25,Medium,Priority review
pizza paradise,25,3,25,Medium,Priority review
samosa party,25,1,25,High,Priority review
smoodies and juices yours fruitfully,25,1,25,High,Priority review
the burger company,25,4,25,Medium,Priority review
wat a burger india ka burger,25,4,25,Medium,Priority review
cake house,24,3,24,Medium,Priority review
dairy day ice creams,24,2,24,Medium,Priority review
french loaf,24,1,24,High,Priority review
giani ice cream,24,4,24,Medium,Priority review
pind balluchi,24,2,24,Medium,Priority review
punjabi zaika,24,3,24,Medium,Priority review
the cake world,24,2,24,Medium,Priority review
asia kitchen by mainland china,23,2,23,Medium,Priority review
biryani hub,23,4,23,Medium,Priority review
boss burger,23,1,23,High,Priority review
love at first bite,23,3,23,Medium,Priority review
madras cafe,23,3,23,Medium,Priority review
mega biryani,23,1,23,High,Priority review
momo magic cafe,23,3,23,Medium,Priority review
panda momos,23,1,23,High,Priority review
starboy pizza and shakes,23,2,23,Medium,Priority review
the london shakes,23,3,23,Medium,Priority review
veer ji malai chaap wale,23,5,23,Medium,Priority review
amul ice cream parlour,22,5,22,Medium,Priority review
biryani junction,22,2,22,Medium,Priority review
burgrill the win win burger,22,2,22,Medium,Priority review
california burrito,22,1,22,High,Priority review
chandni chowk,22,1,22,High,Priority review
food adda,22,3,22,Medium,Priority review
karachi bakery,22,2,22,Medium,Priority review
lassi corner,22,2,22,Medium,Priority review
madurai famous jigarthanda,22,4,22,Medium,Priority review
momo shomo,22,2,22,Medium,Priority review
one bite,22,2,22,Medium,Priority review
pizza corner,22,4,22,Medium,Priority review
ribbons and balloons,22,4,22,Medium,Priority review
wack waffles and brownies,22,2,22,Medium,Priority review
wah ji wah,22,5,22,Medium,Priority review
badmash biryani,21,2,21,Medium,Priority review
biryani hazir ho,21,3,21,Medium,Priority review
cafe durga,21,2,21,Medium,Priority review
cake factory,21,3,21,Medium,Priority review
food mohalla,21,2,21,Medium,Priority review
la milano pizzeria,21,1,21,High,Priority review
mio amore the cake shop,21,1,21,High,Priority review
momo guy,21,1,21,High,Priority review
nazeer foods,21,1,21,High,Priority review
pizza express,21,4,21,Medium,Priority review
royal kitchen,21,4,21,Medium,Priority review
taste of india,21,4,21,Medium,Priority review
the burger club,21,2,21,Medium,Priority review
bercos if you love chinese,20,1,20,High,Priority review
bombay kulfi,20,3,20,Medium,Priority review
brownie heaven,20,1,20,High,Priority review
cookie man,20,2,20,Medium,Priority review
desert shawarma,20,3,20,Medium,Priority review
food court,20,3,19,Medium,Priority review
food plaza,20,2,20,Medium,Priority review
food point,20,4,20,Medium,Priority review
karim s,20,3,19,Medium,Priority review
maa ki rasoi,20,3,20,Medium,Priority review
mamagoto,20,1,20,High,Priority review
mirch masala,20,2,20,Medium,Priority review
mr burger,20,7,20,Medium,Priority review
papacream,20,3,20,Medium,Priority review
pizza bite,20,4,20,Medium,Priority review
sher e punjab,20,8,20,Medium,Priority review
taste of punjab,20,4,20,Medium,Priority review
the pizza box,20,3,20,Medium,Priority review
the table,20,3,20,Medium,Priority review
wandercrust,20,1,20,High,Priority review
99 pancakes,19,2,19,Medium,Conservative normalization
al baik,19,6,19,Medium,Conservative normalization
bawarchi,19,2,19,Medium,Conservative normalization
biryani bowl,19,3,19,Medium,Conservative normalization
chef bakers,19,2,19,Medium,Conservative normalization
dosa plaza,19,4,19,Medium,Conservative normalization
getawhey,19,1,19,High,Conservative normalization
grill masters,19,2,19,Medium,Conservative normalization
home kitchen,19,5,19,Medium,Conservative normalization
kailash parbat,19,1,19,High,Conservative normalization
madras coffee house,19,4,19,Medium,Conservative normalization
naadbramha idli,19,2,19,Medium,Conservative normalization
punjabi kitchen,19,4,19,Medium,Conservative normalization
takeout cafe,19,1,19,High,Conservative normalization
tea junction,19,2,19,Medium,Conservative normalization
the great indian food court,19,1,19,High,Conservative normalization
tongue twisters,19,1,19,High,Conservative normalization
urban tapri,19,1,19,High,Conservative normalization
34 chowringhee lane,18,4,18,Medium,Conservative normalization
cake corner,18,3,18,Medium,Conservative normalization
chinese hut,18,3,18,Medium,Conservative normalization
food costa,18,4,18,Medium,Conservative normalization
food hub,18,4,18,Medium,Conservative normalization
ganga sweets,18,1,18,High,Conservative normalization
hotel saravana bhavan,18,1,18,High,Conservative normalization
kreamz,18,1,18,High,Conservative normalization
little italy,18,2,18,Medium,Conservative normalization
maa ki khichdi,18,3,18,Medium,Conservative normalization
mama mia italian ice creams,18,2,18,Medium,Conservative normalization
mother s kitchen,18,4,18,Medium,Conservative normalization
punjabi chulha,18,3,18,Medium,Conservative normalization
sanskari biryani,18,2,18,Medium,Conservative normalization
scoops,18,2,18,Medium,Conservative normalization
aligarh house by eatfit,17,1,17,High,Conservative normalization
biryani king,17,2,17,Medium,Conservative normalization
cake square,17,4,17,Medium,Conservative normalization
chickpet donne biryani house,17,5,17,Medium,Conservative normalization
delhi 6,17,3,17,Medium,Conservative normalization
dumont creamery,17,1,17,High,Conservative normalization
fat tiger,17,2,17,Medium,Conservative normalization
hero sandwiches,17,1,17,High,Conservative normalization
kolkata famous kati roll,17,5,17,Medium,Conservative normalization
makhni brothers,17,1,17,High,Conservative normalization
mba in khichdi,17,2,17,Medium,Conservative normalization
monginis cake shop,17,3,17,Medium,Conservative normalization
red chilli,17,4,17,Medium,Conservative normalization
street foods by punjab grill,17,1,17,High,Conservative normalization
sweet truth,17,1,17,High,Conservative normalization
the almighty biryani,17,2,17,Medium,Conservative normalization
zaika restaurant,17,3,17,Medium,Conservative normalization
bikaner sweets,16,4,16,Medium,Conservative normalization
biryani darbar,16,3,16,Medium,Conservative normalization
biryani express,16,2,16,Medium,Conservative normalization
cake n bake,16,3,16,Medium,Conservative normalization
champaran meat house,16,3,16,Medium,Conservative normalization
cheesecake and co,16,6,16,Medium,Conservative normalization
chennai kulfi,16,3,16,Medium,Conservative normalization
cupcake noggins vintage patisserie,16,1,16,High,Conservative normalization
dessert studio by third wave,16,1,16,High,Conservative normalization
dhaba estd 1986 delhi,16,1,16,High,Conservative normalization
dunkin,16,1,16,High,Conservative normalization
five star,16,3,16,Medium,Conservative normalization
hotel empire,16,1,16,High,Conservative normalization
khichdi express,16,3,16,Medium,Conservative normalization
khichdi paradise,16,1,16,High,Conservative normalization
kingdom of momos,16,5,16,Medium,Conservative normalization
leon grill,16,2,16,Medium,Conservative normalization
maalgaadi by dhaba estd 1986 delhi,16,1,16,High,Conservative normalization
onesta,16,2,16,Medium,Conservative normalization
potful claypot biryanis,16,1,16,High,Conservative normalization
punjab grill,16,2,16,Medium,Conservative normalization
royal sandwich,16,3,16,Medium,Conservative normalization
shree santosh family dhaba,16,3,16,Medium,Conservative normalization
social,16,1,16,High,Conservative normalization
suchali s artisan bakehouse,16,1,16,High,Conservative normalization
the grill theory,16,4,16,Medium,Conservative normalization
the shake maker,16,1,16,High,Conservative normalization
the shawarma company,16,3,16,Medium,Conservative normalization
the waffle co,16,5,16,Medium,Conservative normalization
ufo fries and corn,16,7,16,Medium,Conservative normalization
wakka makka chinese,16,2,16,Medium,Conservative normalization
what a sandwich,16,2,16,Medium,Conservative normalization
zaika,16,2,16,Medium,Conservative normalization
anna dosa point,15,3,15,Medium,Conservative normalization
behrouz biryani royal and safe,15,1,15,High,Conservative normalization
belgian waffle factory,15,2,15,Medium,Conservative normalization
biryani point,15,3,15,Medium,Conservative normalization
burger hut,15,3,15,Medium,Conservative normalization
cake adda,15,2,15,Medium,Conservative normalization
cake junction,15,2,15,Medium,Conservative normalization
chai waale,15,3,15,Medium,Conservative normalization
chinese adda,15,2,15,Medium,Conservative normalization
delhi darbar,15,3,15,Medium,Conservative normalization
desi chinese,15,3,15,Medium,Conservative normalization
food express,15,4,15,Medium,Conservative normalization
freshmenu,15,1,15,High,Conservative normalization
goli vada pav,15,4,15,Medium,Conservative normalization
havmor ice cream,15,3,15,Medium,Conservative normalization
hot chips,15,2,15,Medium,Conservative normalization
ice cream works,15,1,15,High,Conservative normalization
jay bhavani vadapav,15,1,15,High,Conservative normalization
kitchen king,15,5,15,Medium,Conservative normalization
meal box,15,2,15,Medium,Conservative normalization
mehfil,15,2,15,Medium,Conservative normalization
paratha king,15,2,15,Medium,Conservative normalization
pizza zone,15,2,15,Medium,Conservative normalization
punjabi chaap corner,15,6,15,Medium,Conservative normalization
rock n roll,15,4,15,Medium,Conservative normalization
royal biryani,15,3,15,Medium,Conservative normalization
saffron,15,2,15,Medium,Conservative normalization
salem rr biriyani unavagam,15,1,15,High,Conservative normalization
shakti the sandwich shop,15,3,15,Medium,Conservative normalization
shawarma house,15,4,15,Medium,Conservative normalization
sree gupta bhavan,15,3,15,Medium,Conservative normalization
thalaivars biryani,15,1,15,High,Conservative normalization
thali central,15,1,15,High,Conservative normalization
aasife biriyani,14,4,14,Medium,Conservative normalization
best belgian waffle,14,4,14,Medium,Conservative normalization
brown sugar,14,2,14,Medium,Conservative normalization
burger hub,14,2,14,Medium,Conservative normalization
burger lounge,14,2,14,Medium,Conservative normalization
chaat ka chaska,14,4,14,Medium,Conservative normalization
chettinese,14,1,14,High,Conservative normalization
chili s american grill and bar,14,1,14,High,Conservative normalization
chinese corner,14,3,14,Medium,Conservative normalization
chinese hub,14,3,14,Medium,Conservative normalization
chinese kitchen,14,3,14,Medium,Conservative normalization
ching chong asian,14,1,14,High,Conservative normalization
fabcafe by fabindia,14,3,14,Medium,Conservative normalization
food corner,14,3,14,Medium,Conservative normalization
gopala,14,1,14,High,Conservative normalization
huber and holly,14,2,14,Medium,Conservative normalization
hudson chopsticks,14,1,14,High,Conservative normalization
hyderabadi biryani,14,2,14,Medium,Conservative normalization
kritunga restaurant,14,2,14,Medium,Conservative normalization
meals101,14,1,14,High,Conservative normalization
momo king,14,2,14,Medium,Conservative normalization
mr momo,14,7,14,Medium,Conservative normalization
mr sandwich,14,5,14,Medium,Conservative normalization
nandhana palace,14,1,14,High,Conservative normalization
pavman,14,2,14,Medium,Conservative normalization
pizza cafe,14,2,14,Medium,Conservative normalization
pizza world,14,3,14,Medium,Conservative normalization
rasoi,14,2,14,Medium,Conservative normalization
roms pizza,14,3,14,Medium,Conservative normalization
royal cafe,14,3,14,Medium,Conservative normalization
sandwich junction,14,2,14,Medium,Conservative normalization
shawarma corner,14,3,14,Medium,Conservative normalization
shawarma king,14,3,14,Medium,Conservative normalization
street food karvaan,14,1,14,High,Conservative normalization
thalassery restaurant,14,2,14,Medium,Conservative normalization
thali 99,14,4,14,Medium,Conservative normalization
top n town,14,2,14,Medium,Conservative normalization
topi vappa biriyani,14,4,14,Medium,Conservative normalization
us pizza,14,4,14,Medium,Conservative normalization
vaango,14,1,14,High,Conservative normalization
ambur star briyani,13,3,13,Medium,Conservative normalization
apna dhaba,13,3,13,Medium,Conservative normalization
beyond temptation,13,2,12,Medium,Conservative normalization
biryani adda,13,4,13,Medium,Conservative normalization
biryani corner,13,3,13,Medium,Conservative normalization
cafe chokolade,13,1,13,High,Conservative normalization
cafe delhi heights,13,2,13,Medium,Conservative normalization
cafe peter,13,3,13,Medium,Conservative normalization
cake studio,13,3,13,Medium,Conservative normalization
cake world,13,3,13,Medium,Conservative normalization
chinese express,13,4,13,Medium,Conservative normalization
cloud kitchen,13,2,13,Medium,Conservative normalization
corner house ice cream,13,1,13,High,Conservative normalization
crazy 4 cakes,13,1,13,High,Conservative normalization
desi kitchen,13,3,13,Medium,Conservative normalization
emoi artisanal ice creams and gelato,13,3,13,Medium,Conservative normalization
fat chinese chef,13,2,13,Medium,Conservative normalization
flurys,13,1,13,High,Conservative normalization
food villa,13,3,13,Medium,Conservative normalization
food zone,13,3,13,Medium,Conservative normalization
foodies,13,2,13,Medium,Conservative normalization
garam masala,13,2,13,Medium,Conservative normalization
golden dragon,13,2,13,Medium,Conservative normalization
green dot pizza,13,1,13,High,Conservative normalization
grill nights,13,3,13,Medium,Conservative normalization
hocco eatery,13,1,13,High,Conservative normalization
honest,13,1,13,High,Conservative normalization
hot breads,13,1,13,High,Conservative normalization
hungry point,13,2,13,Medium,Conservative normalization
junior kuppanna,13,1,13,High,Conservative normalization
kake da hotel,13,3,13,Medium,Conservative normalization
kannu ki chai,13,2,13,Medium,Conservative normalization
khana khajana,13,3,13,Medium,Conservative normalization
lassi n shakes,13,6,13,Medium,Conservative normalization
laziz biryani,13,2,12,Medium,Conservative normalization
masala darbar,13,3,13,Medium,Conservative normalization
mast banarasi paan,13,2,13,Medium,Conservative normalization
murugan idli shop,13,1,13,High,Conservative normalization
myfroyoland,13,1,13,High,Conservative normalization
oh my shawarma,13,3,13,Medium,Conservative normalization
pet pooja,13,2,13,Medium,Conservative normalization
pizza delight,13,3,13,Medium,Conservative normalization
pizza never lies,13,1,13,High,Conservative normalization
pokket cafe,13,3,13,Medium,Conservative normalization
prowl foods by tiger shroff,13,1,13,High,Conservative normalization
roll express,13,3,13,Medium,Conservative normalization
rolls king,13,3,13,Medium,Conservative normalization
rolls on wheels,13,3,13,Medium,Conservative normalization
sanjha chulha since 1979,13,3,13,Medium,Conservative normalization
sizzlly chicken,13,2,13,Medium,Conservative normalization
smoke house deli,13,2,13,Medium,Conservative normalization
smokin joe s,13,3,13,Medium,Conservative normalization
swad restaurant,13,1,13,High,Conservative normalization
swiss castle,13,1,13,High,Conservative normalization
the brooklyn creamery the healthy ice cream,13,1,13,High,Conservative normalization
the chinese story,13,2,13,Medium,Conservative normalization
the milkshake factory,13,3,13,Medium,Conservative normalization
the momo panda,13,3,13,Medium,Conservative normalization
the pizza house,13,3,13,Medium,Conservative normalization
the wrap co,13,1,13,High,Conservative normalization
tibb s frankie,13,2,13,Medium,Conservative normalization
unmarried kitchen value meals and combos,13,1,13,High,Conservative normalization
wangs kitchen,13,1,13,High,Conservative normalization
william john s pizza,13,3,13,Medium,Conservative normalization
winner pizzas fresh dough,13,1,13,High,Conservative normalization
wrap n roll,13,4,13,Medium,Conservative normalization
xero degrees,13,4,13,Medium,Conservative normalization
zaitoon,13,1,13,High,Conservative normalization
afc,12,2,12,Medium,Conservative normalization
ande ka funda,12,3,12,Medium,Conservative normalization
auntie fung s,12,2,12,Medium,Conservative normalization
biryani mount,12,1,12,High,Conservative normalization
biryani wala,12,3,12,Medium,Conservative normalization
burger house,12,2,12,Medium,Conservative normalization
cafe by nature s basket,12,2,12,Medium,Conservative normalization
chai club,12,2,12,Medium,Conservative normalization
chawla chicken social,12,3,12,Medium,Conservative normalization
chennai express,12,2,12,Medium,Conservative normalization
chhaswala,12,1,12,High,Conservative normalization
chicken king,12,3,12,Medium,Conservative normalization
chinese junction,12,3,12,Medium,Conservative normalization
chitale bandhu mithaiwale,12,2,12,Medium,Conservative normalization
costa coffee,12,1,12,High,Conservative normalization
dana paani,12,2,12,Medium,Conservative normalization
desi dhaba,12,2,12,Medium,Conservative normalization
dessi cuppa,12,2,12,Medium,Conservative normalization
donne biriyani house,12,2,12,Medium,Conservative normalization
donne biriyani mane,12,3,12,Medium,Conservative normalization
donut house,12,1,12,High,Conservative normalization
fat wrap fat roll,12,1,12,High,Conservative normalization
food lovers,12,3,12,Medium,Conservative normalization
friends cafe,12,2,12,Medium,Conservative normalization
go zero guilt free ice creams,12,1,12,High,Conservative normalization
haji biryani,12,2,12,Medium,Conservative normalization
home food,12,3,12,Medium,Conservative normalization
hot lee chinese,12,2,12,Medium,Conservative normalization
ice n spice,12,4,12,Medium,Conservative normalization
jallikattu biriyani,12,2,12,Medium,Conservative normalization
just baked,12,2,12,Medium,Conservative normalization
just shawarma,12,1,12,High,Conservative normalization
kelvin scale,12,3,12,Medium,Conservative normalization
khan chacha,12,1,12,High,Conservative normalization
krishna restaurant,12,2,12,Medium,Conservative normalization
lassi house,12,3,12,Medium,Conservative normalization
london bubble co,12,3,12,Medium,Conservative normalization
madras military hotel,12,2,12,Medium,Conservative normalization
masala kitchen,12,2,12,Medium,Conservative normalization
momo junction,12,2,12,Medium,Conservative normalization
moms kitchen,12,2,12,Medium,Conservative normalization
moonmoon juicy crustwiches,12,1,12,High,Conservative normalization
mughal biryani,12,3,12,Medium,Conservative normalization
mughal darbar,12,3,12,Medium,Conservative normalization
oh calcutta,12,2,12,Medium,Conservative normalization
olio the wood fired pizzeria,12,1,12,High,Conservative normalization
paratha house,12,3,12,Medium,Conservative normalization
pizza club,12,4,12,Medium,Conservative normalization
pizza factory,12,2,12,Medium,Conservative normalization
pizza mania,12,4,12,Medium,Conservative normalization
rasna buzz,12,3,12,Medium,Conservative normalization
rasoi ghar,12,2,12,Medium,Conservative normalization
roll xpress,12,1,12,High,Conservative normalization
sai fast food,12,4,12,Medium,Conservative normalization
sangeetha veg restaurant,12,2,12,Medium,Conservative normalization
sankalp,12,1,12,High,Conservative normalization
senoritas mexican kitchen by little italy,12,1,12,High,Conservative normalization
sha sha shandaar shawarma,12,3,12,Medium,Conservative normalization
shree mahalakshmi sweets,12,2,12,Medium,Conservative normalization
silver spoon,12,2,12,Medium,Conservative normalization
tandoori nights,12,2,12,Medium,Conservative normalization
thali junction,12,3,12,Medium,Conservative normalization
the empire juice shop,12,1,12,High,Conservative normalization
the food junction,12,3,12,Medium,Conservative normalization
the icecream zone,12,2,12,Medium,Conservative normalization
urban dhaba,12,2,12,Medium,Conservative normalization
yo china,12,5,12,Medium,Conservative normalization
7th heaven cake shop,11,5,11,Medium,Conservative normalization
al bek,11,4,11,Medium,Conservative normalization
annapurna,11,2,10,Medium,Conservative normalization
ath all things healthy,11,1,11,High,Conservative normalization
banana leaf,11,3,11,Medium,Conservative normalization
bangarpet chats,11,3,11,Medium,Conservative normalization
basmati express,11,1,11,High,Conservative normalization
bhukha sher,11,2,11,Medium,Conservative normalization
big wong,11,2,11,Medium,Conservative normalization
bistro 57,11,2,11,Medium,Conservative normalization
bowl soul,11,1,11,High,Conservative normalization
bowlss of bliss,11,2,11,Medium,Conservative normalization
brewbakes,11,2,11,Medium,Conservative normalization
brown burger co,11,3,11,Medium,Conservative normalization
burger express,11,3,11,Medium,Conservative normalization
cakes and bakes,11,7,11,Medium,Conservative normalization
chaatimes,11,1,11,High,Conservative normalization
charcoal eats biryani and beyond,11,2,11,Medium,Conservative normalization
chicken khurana,11,2,11,Medium,Conservative normalization
china bowl,11,3,11,Medium,Conservative normalization
chinese king,11,3,11,Medium,Conservative normalization
chopstick,11,1,11,High,Conservative normalization
crazy bao,11,1,11,High,Conservative normalization
crusto s cheese burst pizza,11,1,11,High,Conservative normalization
dangee dums,11,1,11,High,Conservative normalization
delhi cacies,11,2,11,Medium,Conservative normalization
desi chulha,11,3,11,Medium,Conservative normalization
dosa corner,11,3,11,Medium,Conservative normalization
dou chi,11,2,11,Medium,Conservative normalization
excellent dumpling house,11,3,11,Medium,Conservative normalization
food land,11,2,11,Medium,Conservative normalization
g pulla reddy sweets,11,1,11,High,Conservative normalization
go 69 pizza,11,3,11,Medium,Conservative normalization
gobblers rolls and bowls,11,1,11,High,Conservative normalization
hira sweets,11,2,11,Medium,Conservative normalization
hungry panda deliciously chinese,11,1,11,High,Conservative normalization
imperio restaurant,11,3,11,Medium,Conservative normalization
it s just wings,11,1,11,High,Conservative normalization
itc sunfeast baked creations,11,1,11,High,Conservative normalization
jarlie fine desserts,11,1,11,High,Conservative normalization
juice factory,11,3,11,Medium,Conservative normalization
juice junction,11,2,11,Medium,Conservative normalization
jumboking indian burger,11,2,11,Medium,Conservative normalization
kahi se bhi,11,2,11,Medium,Conservative normalization
kathleen,11,2,11,Medium,Conservative normalization
kebabi karvaan kebabs curries and biryanis,11,1,11,High,Conservative normalization
kerala kitchen,11,3,11,Medium,Conservative normalization
koli hut,11,4,11,Medium,Conservative normalization
ks bakers,11,1,11,High,Conservative normalization
kunafa world,11,2,11,Medium,Conservative normalization
laale di chaap,11,2,11,Medium,Conservative normalization
let s wok,11,1,11,High,Conservative normalization
lo low carb and keto foods,11,1,11,High,Conservative normalization
london yard pizza,11,1,11,High,Conservative normalization
louis burger,11,1,11,High,Conservative normalization
lucky restaurant,11,3,11,Medium,Conservative normalization
mani s dum biryani,11,2,11,Medium,Conservative normalization
meraki,11,2,11,Medium,Conservative normalization
miami waffles and jawbreakers,11,2,11,Medium,Conservative normalization
mohammedia shawarma,11,2,11,Medium,Conservative normalization
nomad pizza traveller series,11,1,11,High,Conservative normalization
oye chhotu,11,2,11,Medium,Conservative normalization
pind kaneda,11,2,11,Medium,Conservative normalization
pizza 99,11,5,11,Medium,Conservative normalization
pizza galleria,11,1,11,High,Conservative normalization
pizza story,11,4,11,Medium,Conservative normalization
pizza time,11,3,11,Medium,Conservative normalization
punjab di gaddi,11,1,11,High,Conservative normalization
punjabi angithi,11,1,11,High,Conservative normalization
raja bhoj and co,11,2,11,Medium,Conservative normalization
rice bowl,11,1,11,High,Conservative normalization
rollz karvaan,11,1,11,High,Conservative normalization
roti aur boti xpress,11,2,11,Medium,Conservative normalization
rozi roti,11,2,11,Medium,Conservative normalization
rp s pizzeria,11,2,11,Medium,Conservative normalization
saffron restaurant,11,3,11,Medium,Conservative normalization
sagar restaurant,11,2,11,Medium,Conservative normalization
salt and pepper,11,6,11,Medium,Conservative normalization
shaan e punjab,11,5,11,Medium,Conservative normalization
sharief bhai,11,1,11,High,Conservative normalization
shiv sagar,11,1,11,High,Conservative normalization
super donuts an american eatery and bakery,11,5,11,Medium,Conservative normalization
tandoori bites,11,3,11,Medium,Conservative normalization
tasty bites,11,4,11,Medium,Conservative normalization
tgb cafe n bakery,11,3,11,Medium,Conservative normalization
the parotta combo,11,2,11,Medium,Conservative normalization
the second wife,11,3,11,Medium,Conservative normalization
the waffle jar,11,3,11,Medium,Conservative normalization
wagh bakri tea lounge,11,2,11,Medium,Conservative normalization
wow chow,11,2,11,Medium,Conservative normalization
wowffles,11,1,11,High,Conservative normalization
absolute shawarma,10,1,10,High,Conservative normalization
arabian nights,10,4,10,Medium,Conservative normalization
artiste handcrafted ice cream,10,2,10,Medium,Conservative normalization
asia seven,10,1,10,High,Conservative normalization
atithi restaurant,10,2,10,Medium,Conservative normalization
ballu bawarchi,10,2,10,Medium,Conservative normalization
basmati s briyani nation,10,1,10,High,Conservative normalization
beijing chicken lollipops,10,1,10,High,Conservative normalization
bib english breakfast in the box,10,4,10,Medium,Conservative normalization
biriyani brothers,10,3,10,Medium,Conservative normalization
biryani box,10,2,10,Medium,Conservative normalization
biryanis and more,10,4,10,Medium,Conservative normalization
burgerama,10,1,10,High,Conservative normalization
cafe creme,10,3,10,Medium,Conservative normalization
cake affair,10,4,10,Medium,Conservative normalization
cake hub,10,4,10,Medium,Conservative normalization
cake palace,10,2,10,Medium,Conservative normalization
cakes n bakes,10,3,10,Medium,Conservative normalization
chaat street,10,1,10,High,Conservative normalization
chai shai bar,10,2,10,Medium,Conservative normalization
chatore,10,2,10,Medium,Conservative normalization
chick blast,10,2,10,Medium,Conservative normalization
chicken xperience by venky s,10,7,10,Medium,Conservative normalization
chinese daily,10,1,10,High,Conservative normalization
chopper s stop,10,3,10,Medium,Conservative normalization
ciro s pizzeria,10,1,10,High,Conservative normalization
curry leaf,10,2,10,Medium,Conservative normalization
dairy den,10,1,10,High,Conservative normalization
dande s hyderabad biryani,10,1,10,High,Conservative normalization
dawat restaurant,10,2,10,Medium,Conservative normalization
desi handi,10,2,10,Medium,Conservative normalization
dilli meri jaan,10,2,10,Medium,Conservative normalization
donburi,10,1,10,High,Conservative normalization
dosa house,10,3,10,Medium,Conservative normalization
dosa king,10,3,10,Medium,Conservative normalization
easy bites by hotel empire,10,2,10,Medium,Conservative normalization
eatsome,10,1,10,High,Conservative normalization
famous jigarthanda,10,2,10,Medium,Conservative normalization
food king,10,3,10,Medium,Conservative normalization
fruit shop on greams road,10,3,10,Medium,Conservative normalization
gelato vinto,10,2,10,Medium,Conservative normalization
ghar ka tadka,10,2,10,Medium,Conservative normalization
good fettle healthy ice cream,10,5,10,Medium,Conservative normalization
green cravings,10,2,10,Medium,Conservative normalization
grill n chill,10,4,10,Medium,Conservative normalization
gwalia sweets and fast food,10,1,10,High,Conservative normalization
haagen dazs,10,3,10,Medium,Conservative normalization
haldiram s prabhuji,10,1,9,High,Conservative normalization
hao chi,10,2,10,Medium,Conservative normalization
hari super sandwich,10,2,10,Medium,Conservative normalization
hong s kitchen,10,1,10,High,Conservative normalization
hong s momos,10,1,10,High,Conservative normalization
hot and spicy,10,4,10,Medium,Conservative normalization
hotel sagar,10,2,10,Medium,Conservative normalization
ice corner,10,2,10,Medium,Conservative normalization
insta pizza,10,1,10,High,Conservative normalization
italian pizza,10,3,10,Medium,Conservative normalization
juice shop,10,1,10,High,Conservative normalization
juice world fresh n juicy,10,9,10,Medium,Conservative normalization
kasturi restaurant,10,1,10,High,Conservative normalization
krazzy for waffle,10,5,10,Medium,Conservative normalization
kulfi house,10,1,10,High,Conservative normalization
lassi blast,10,2,10,Medium,Conservative normalization
lazeez,10,2,10,Medium,Conservative normalization
london pizza,10,3,10,Medium,Conservative normalization
mad momos,10,1,10,High,Conservative normalization
master chef,10,2,10,Medium,Conservative normalization
meghana foods,10,1,10,High,Conservative normalization
miami waffle and jawbreakers,10,1,10,High,Conservative normalization
millet express,10,1,10,High,Conservative normalization
momo and co,10,6,10,Medium,Conservative normalization
momomia love in every bite,10,8,10,Medium,Conservative normalization
moolchandwala,10,2,10,Medium,Conservative normalization
mummy s kitchen,10,3,10,Medium,Conservative normalization
nadan pothichoru,10,1,10,High,Conservative normalization
nando s,10,1,10,High,Conservative normalization
oki poki sushi dimsums and more,10,1,10,High,Conservative normalization
piazza pizza by little italy,10,1,10,High,Conservative normalization
pizza day,10,3,10,Medium,Conservative normalization
puffizza,10,2,10,Medium,Conservative normalization
punjabi nawabi,10,1,10,High,Conservative normalization
punjabi unplugged,10,1,10,High,Conservative normalization
rohit wadewale,10,2,10,Medium,Conservative normalization
roll over,10,2,10,Medium,Conservative normalization
roti curry and co,10,3,10,Medium,Conservative normalization
royal food court,10,3,10,Medium,Conservative normalization
sam s pizza,10,2,10,Medium,Conservative normalization
santushti shakes and more,10,2,10,Medium,Conservative normalization
sardarji londonwaley,10,1,10,High,Conservative normalization
sbarro new york pizza,10,3,10,Medium,Conservative normalization
shawarma spot,10,3,10,Medium,Conservative normalization
shero home sambar poriyal and rasam,10,2,10,Medium,Conservative normalization
spicy kitchen,10,2,10,Medium,Conservative normalization
sweet bengal,10,1,10,High,Conservative normalization
taste of china,10,3,10,Medium,Conservative normalization
tharavadu malabar biryani,10,1,10,High,Conservative normalization
the cake factory,10,4,10,Medium,Conservative normalization
the coffee bean and tea leaf,10,1,10,High,Conservative normalization
the kati roll shop,10,3,10,Medium,Conservative normalization
the kitchen,10,3,10,Medium,Conservative normalization
the kitchen story,10,2,10,Medium,Conservative normalization
the pizza hub,10,2,10,Medium,Conservative normalization
the punjabi rasoi,10,1,10,High,Conservative normalization
the twenty handmade chocolates,10,2,10,Medium,Conservative normalization
tiffin box,10,3,10,Medium,Conservative normalization
wow chicken,10,2,10,Medium,Conservative normalization
wow chinese,10,4,10,Medium,Conservative normalization
yumlane pizza,10,1,10,High,Conservative normalization
yummy express,10,3,10,Medium,Conservative normalization
aggarwal sweets,9,3,9,Medium,Conservative normalization
andhra meal company,9,1,9,High,Conservative normalization
angels in my kitchen,9,1,9,High,Conservative normalization
aubree,9,1,9,High,Conservative normalization
b bicha reddy sweets,9,3,9,Medium,Conservative normalization
bakery by nature s basket,9,1,9,High,Conservative normalization
bawarchi restaurant,9,2,9,Medium,Conservative normalization
bhojohori manna,9,2,9,Medium,Conservative normalization
biriyani zone,9,2,9,Medium,Conservative normalization
biryani mahal,9,2,9,Medium,Conservative normalization
bismillah hotel,9,2,9,Medium,Conservative normalization
bombay fast food,9,2,9,Medium,Conservative normalization
bombay sandwich,9,2,9,Medium,Conservative normalization
btw,9,1,9,High,Conservative normalization
burger bites,9,2,9,Medium,Conservative normalization
burger cafe,9,2,9,Medium,Conservative normalization
burger monk,9,2,9,Medium,Conservative normalization
cafe chocolicious,9,3,9,Medium,Conservative normalization
cake and bake,9,5,9,Medium,Conservative normalization
cake fresh,9,2,9,Medium,Conservative normalization
cake gallery,9,3,9,Medium,Conservative normalization
cake hut,9,2,9,Medium,Conservative normalization
cake o clock,9,6,9,Medium,Conservative normalization
cake showroom,9,2,9,Medium,Conservative normalization
cake waves,9,1,9,High,Conservative normalization
cake zone,9,2,9,Medium,Conservative normalization
calcutta cravings,9,2,9,Medium,Conservative normalization
captain sam s pizza,9,1,9,High,Conservative normalization
chaap junction,9,3,9,Medium,Conservative normalization
chai garam,9,2,9,Medium,Conservative normalization
chaska,9,2,9,Medium,Conservative normalization
chatkazz,9,2,9,Medium,Conservative normalization
chawla chicken,9,3,9,Medium,Conservative normalization
chicken only chicken,9,4,9,Medium,Conservative normalization
china box,9,2,9,Medium,Conservative normalization
chinese bowl,9,2,9,Medium,Conservative normalization
chinese culture,9,2,9,Medium,Conservative normalization
ching s house,9,1,9,High,Conservative normalization
chopstix,9,3,9,Medium,Conservative normalization
chung wah,9,1,9,High,Conservative normalization
coffee culture,9,1,9,High,Conservative normalization
copper chimney,9,1,9,High,Conservative normalization
copper chocs,9,1,9,High,Conservative normalization
creams and bites,9,2,9,Medium,Conservative normalization
creme castle,9,2,9,Medium,Conservative normalization
dawat,9,2,9,Medium,Conservative normalization
delicious pizza,9,3,9,Medium,Conservative normalization
desi bites,9,3,9,Medium,Conservative normalization
falahaar,9,1,9,High,Conservative normalization
flavours,9,2,9,Medium,Conservative normalization
flavours of andhra,9,3,9,Medium,Conservative normalization
flying kombucha,9,1,9,High,Conservative normalization
food court by kitchens,9,1,9,High,Conservative normalization
food house,9,3,9,Medium,Conservative normalization
food mood,9,3,9,Medium,Conservative normalization
food station,9,2,9,Medium,Conservative normalization
foodies corner,9,2,9,Medium,Conservative normalization
gabru di chaap,9,2,9,Medium,Conservative normalization
go69 pizza,9,1,9,High,Conservative normalization
gopizza,9,1,9,High,Conservative normalization
gowhey healthy dessert company,9,1,9,High,Conservative normalization
green chilli,9,2,9,Medium,Conservative normalization
grillland,9,2,9,Medium,Conservative normalization
happinezz ice creams by vadilal,9,1,9,High,Conservative normalization
happy tummy,9,3,9,Medium,Conservative normalization
hot n spicy,9,5,9,Medium,Conservative normalization
hotel al zaika,9,4,9,Medium,Conservative normalization
hotel paradise,9,3,9,Medium,Conservative normalization
house of mughals,9,1,9,High,Conservative normalization
hunger point,9,3,9,Medium,Conservative normalization
hungry chang,9,2,9,Medium,Conservative normalization
hungry kya,9,5,9,Medium,Conservative normalization
imperio combo king,9,2,9,Medium,Conservative normalization
jugaadi adda,9,3,9,Medium,Conservative normalization
kabuliwala,9,2,9,Medium,Conservative normalization
kapoor s cafe,9,1,9,High,Conservative normalization
kerala note book,9,1,9,High,Conservative normalization
kgn xprs,9,4,9,Medium,Conservative normalization
khan saheb grills and rolls,9,1,9,High,Conservative normalization
kolkata rolls,9,3,9,Medium,Conservative normalization
kumarakom,9,1,9,High,Conservative normalization
lucknowee,9,1,9,High,Conservative normalization
ludos pizza,9,1,9,High,Conservative normalization
machhli baba fries,9,1,9,High,Conservative normalization
magic pancakes,9,1,9,High,Conservative normalization
mallu house,9,1,9,High,Conservative normalization
marrakesh,9,1,9,High,Conservative normalization
meals and bowls,9,3,9,Medium,Conservative normalization
meghduth biryanis,9,2,9,Medium,Conservative normalization
merwans cake stop,9,1,9,High,Conservative normalization
momos junction,9,2,9,Medium,Conservative normalization
momos king,9,3,9,Medium,Conservative normalization
moti mahal delux tandoori trail,9,5,9,Medium,Conservative normalization
mr and mrs idly,9,6,9,Medium,Conservative normalization
mr hungry,9,2,9,Medium,Conservative normalization
mr shawarma,9,6,9,Medium,Conservative normalization
ms food,9,3,9,Medium,Conservative normalization
mumma s kitchen,9,3,9,Medium,Conservative normalization
namma veedu vasanta bhavan,9,2,9,Medium,Conservative normalization
norfest the dhaba,9,4,9,Medium,Conservative normalization
nothing but chicken,9,2,9,Medium,Conservative normalization
omleterian,9,1,9,High,Conservative normalization
oye kiddan,9,1,9,High,Conservative normalization
pizza box,9,3,9,Medium,Conservative normalization
pizza palace,9,4,9,Medium,Conservative normalization
pizza slice,9,3,9,Medium,Conservative normalization
pizza wala,9,4,9,Medium,Conservative normalization
punjabites,9,1,9,High,Conservative normalization
quick bites,9,3,9,Medium,Conservative normalization
rajdhani,9,2,9,Medium,Conservative normalization
rnr biryani taste of 1953,9,1,9,High,Conservative normalization
rollick ice creams cakes and desserts,9,2,9,Medium,Conservative normalization
rolls and bowls by feedx,9,3,9,Medium,Conservative normalization
roti express,9,1,9,High,Conservative normalization
sandwich eatery,9,1,9,High,Conservative normalization
sandwich express,9,1,9,High,Conservative normalization
sanjos donuts,9,3,9,Medium,Conservative normalization
santosh family dhaba,9,4,9,Medium,Conservative normalization
sardar ji bakhsh coffee and co,9,3,9,Medium,Conservative normalization
shahenshah biryani,9,1,9,High,Conservative normalization
shahi biryani,9,3,9,Medium,Conservative normalization
shahi darbar,9,2,9,Medium,Conservative normalization
shawarma wala,9,3,9,Medium,Conservative normalization
simply south,9,2,9,Medium,Conservative normalization
sip n bite,9,4,9,Medium,Conservative normalization
spicy bites,9,3,9,Medium,Conservative normalization
superman momos,9,2,9,Medium,Conservative normalization
swagat restaurant,9,2,9,Medium,Conservative normalization
taj hotel,9,3,9,Medium,Conservative normalization
tandoor point,9,3,9,Medium,Conservative normalization
tealogy,9,1,9,High,Conservative normalization
temptations,9,1,9,High,Conservative normalization
thali express,9,2,9,Medium,Conservative normalization
the betel leaf co,9,2,9,Medium,Conservative normalization
the china town,9,3,9,Medium,Conservative normalization
the daily bowl,9,1,9,High,Conservative normalization
the food court,9,3,9,Medium,Conservative normalization
the juice box,9,3,9,Medium,Conservative normalization
the momo box,9,3,9,Medium,Conservative normalization
the pizza bakery,9,1,9,High,Conservative normalization
thrsty,9,1,9,High,Conservative normalization
top n town ice cream,9,2,9,Medium,Conservative normalization
toscano,9,2,9,Medium,Conservative normalization
waffle house,9,2,9,Medium,Conservative normalization
winners pizza fresh dough,9,2,9,Medium,Conservative normalization
wow biryani,9,3,9,Medium,Conservative normalization
wrapstick,9,2,9,Medium,Conservative normalization
yummy bites,9,3,9,Medium,Conservative normalization
1441 pizzeria,8,1,8,High,Conservative normalization
a1 chips,8,3,8,Medium,Conservative normalization
aahar,8,2,8,Medium,Conservative normalization
adiga s,8,1,8,High,Conservative normalization
ambur dum biriyani,8,2,8,Medium,Conservative normalization
annapurna restaurant,8,3,8,Medium,Conservative normalization
apna sweets,8,2,8,Medium,Conservative normalization
arabian knights,8,3,8,Medium,Conservative normalization
baha superfoods,8,1,8,High,Conservative normalization
balaji fast food,8,4,8,Medium,Conservative normalization
big bites,8,4,8,Medium,Conservative normalization
big bowl,8,1,8,High,Conservative normalization
bikaner express,8,2,8,Medium,Conservative normalization
biryani and mughlai house,8,2,8,Medium,Conservative normalization
biryani by itc master chef,8,1,8,High,Conservative normalization
biryani factory,8,2,8,Medium,Conservative normalization
biryani hut,8,3,8,Medium,Conservative normalization
biryani khazana,8,1,8,High,Conservative normalization
biryani lovers,8,2,8,Medium,Conservative normalization
blind ch3mistry,8,2,8,Medium,Conservative normalization
bluefox,8,2,8,Medium,Conservative normalization
bombay pav bhaji,8,3,8,Medium,Conservative normalization
bowl 99,8,1,8,High,Conservative normalization
buhari,8,2,8,Medium,Conservative normalization
burger bar,8,3,8,Medium,Conservative normalization
cake 24x7,8,3,8,Medium,Conservative normalization
cake cafe,8,3,8,Medium,Conservative normalization
cake golden,8,2,8,Medium,Conservative normalization
cake park,8,2,8,Medium,Conservative normalization
cake town,8,5,8,Medium,Conservative normalization
chai truck,8,1,8,High,Conservative normalization
chawlas 2,8,2,8,Medium,Conservative normalization
chef s kitchen,8,4,8,Medium,Conservative normalization
chill out,8,2,8,Medium,Conservative normalization
china belly by wow momo,8,1,8,High,Conservative normalization
chinese circus,8,1,8,High,Conservative normalization
chinese master,8,3,8,Medium,Conservative normalization
chinese tadka,8,2,8,Medium,Conservative normalization
chocolate biclate,8,4,8,Medium,Conservative normalization
chopsticks,8,2,8,Medium,Conservative normalization
club 10 chicken,8,3,8,Medium,Conservative normalization
creme shakes,8,2,8,Medium,Conservative normalization
cremeborne,8,2,8,Medium,Conservative normalization
da pizza makers,8,4,8,Medium,Conservative normalization
das khaman,8,1,8,High,Conservative normalization
dawat e biryani,8,6,8,Medium,Conservative normalization
delhi zaika,8,2,8,Medium,Conservative normalization
dhaba cafe,8,3,8,Medium,Conservative normalization
dominic pizza,8,3,8,Medium,Conservative normalization
dominick pizza,8,2,8,Medium,Conservative normalization
donne biryani house,8,2,8,Medium,Conservative normalization
dosa junction,8,3,8,Medium,Conservative normalization
dragon s kitchen,8,1,8,High,Conservative normalization
drunken panda,8,2,8,Medium,Conservative normalization
eagles pizza,8,1,8,High,Conservative normalization
east pizza co,8,2,8,Medium,Conservative normalization
eat street,8,3,8,Medium,Conservative normalization
euphoria,8,1,8,High,Conservative normalization
farmbowl by urbankisaan,8,1,8,High,Conservative normalization
five star chicken and koli hut,8,5,8,Medium,Conservative normalization
flavours by itc hotels,8,1,8,High,Conservative normalization
flourish lounge and cafe,8,2,8,Medium,Conservative normalization
food island,8,1,8,High,Conservative normalization
food nation,8,3,8,Medium,Conservative normalization
food of dreams,8,2,8,Medium,Conservative normalization
food palace,8,3,8,Medium,Conservative normalization
foodies hub,8,4,8,Medium,Conservative normalization
fuel juice and pasta bar,8,4,8,Medium,Conservative normalization
ganesh bhel,8,2,8,Medium,Conservative normalization
go grill,8,2,8,Medium,Conservative normalization
goila butter chicken,8,1,8,High,Conservative normalization
gopal s,8,1,8,High,Conservative normalization
grill house by fipola,8,1,8,High,Conservative normalization
grow fit,8,1,8,High,Conservative normalization
haldirams,8,1,8,High,Conservative normalization
haldirams sweets and namkeen,8,2,8,Medium,Conservative normalization
homely meals 69,8,3,8,Medium,Conservative normalization
hot box,8,3,8,Medium,Conservative normalization
hot wings,8,3,8,Medium,Conservative normalization
hotel annapurna,8,2,8,Medium,Conservative normalization
hotel lazeez,8,3,8,Medium,Conservative normalization
hotel malabar,8,2,8,Medium,Conservative normalization
hotel taj,8,2,8,Medium,Conservative normalization
house of chow,8,2,8,Medium,Conservative normalization
house of juice,8,1,8,High,Conservative normalization
house of pops,8,3,8,Medium,Conservative normalization
itc master chef creations,8,1,8,High,Conservative normalization
jessore local,8,2,8,Medium,Conservative normalization
joshi wadewale,8,2,8,Medium,Conservative normalization
juisome,8,1,8,High,Conservative normalization
just cakes,8,3,8,Medium,Conservative normalization
kabab magic,8,2,8,Medium,Conservative normalization
kake di hatti,8,3,8,Medium,Conservative normalization
kareem s,8,1,8,High,Conservative normalization
karnavati dabeli,8,1,8,High,Conservative normalization
karnavati snacks,8,1,8,High,Conservative normalization
kelvin scale shakes,8,3,8,Medium,Conservative normalization
khalids biriyani,8,2,8,Medium,Conservative normalization
khichdi tales,8,1,8,High,Conservative normalization
kolkata kitchen,8,3,8,Medium,Conservative normalization
lassi king,8,3,8,Medium,Conservative normalization
le wrap factorie,8,3,8,Medium,Conservative normalization
little china,8,1,8,High,Conservative normalization
lubov patisserie cakes macarons and desserts,8,1,8,High,Conservative normalization
madurai idly shop,8,2,8,Medium,Conservative normalization
maggi point,8,3,8,Medium,Conservative normalization
mankar dosa,8,3,8,Medium,Conservative normalization
matka biryani,8,2,8,Medium,Conservative normalization
meals on wheels,8,4,8,Medium,Conservative normalization
minerva coffee shop,8,1,8,High,Conservative normalization
mio amore,8,2,8,Medium,Conservative normalization
momo box,8,2,8,Medium,Conservative normalization
momo street,8,2,8,Medium,Conservative normalization
momos factory,8,2,8,Medium,Conservative normalization
mtr,8,1,8,High,Conservative normalization
munchies,8,2,8,Medium,Conservative normalization
new arsalan biryani,8,2,8,Medium,Conservative normalization
new freeze land,8,1,8,High,Conservative normalization
nmco natural milkshake company by mama mia,8,1,8,High,Conservative normalization
oh china,8,5,8,Medium,Conservative normalization
ovenfresh pizzas and cakes,8,1,8,High,Conservative normalization
paradise restaurant,8,3,8,Medium,Conservative normalization
paratha corner,8,3,8,Medium,Conservative normalization
paratha express,8,3,8,Medium,Conservative normalization
paratha junction,8,2,8,Medium,Conservative normalization
paratha plaza,8,3,8,Medium,Conservative normalization
pizza castle,8,2,8,Medium,Conservative normalization
pizza home,8,3,8,Medium,Conservative normalization
pizza hot,8,3,8,Medium,Conservative normalization
pizza inn,8,2,8,Medium,Conservative normalization
pizza junction,8,3,8,Medium,Conservative normalization
pizza stop,8,3,8,Medium,Conservative normalization
pizza street,8,1,8,High,Conservative normalization
pizza studio,8,3,8,Medium,Conservative normalization
pizza xpress,8,2,8,Medium,Conservative normalization
puliyogare palace,8,1,8,High,Conservative normalization
punjabi restaurant,8,3,8,Medium,Conservative normalization
ram ki bandi,8,2,8,Medium,Conservative normalization
roll baby roll,8,2,8,Medium,Conservative normalization
roll corner,8,3,8,Medium,Conservative normalization
roll zone,8,1,8,High,Conservative normalization
royal pizza,8,2,8,Medium,Conservative normalization
royal restaurant,8,3,8,Medium,Conservative normalization
s kumar wadewale,8,2,8,Medium,Conservative normalization
sangam sweets,8,1,8,High,Conservative normalization
sathyam cinemas,8,1,8,High,Conservative normalization
satkar restaurant,8,3,8,Medium,Conservative normalization
shakezone,8,2,8,Medium,Conservative normalization
shawarmashi,8,2,8,Medium,Conservative normalization
si pizza,8,1,8,High,Conservative normalization
sindhi sweets,8,1,8,High,Conservative normalization
singh da punjabi dhaba,8,1,8,High,Conservative normalization
soroush biriyani,8,1,8,High,Conservative normalization
southy,8,1,8,High,Conservative normalization
sreeraj lassi bar,8,1,8,High,Conservative normalization
street food,8,3,8,Medium,Conservative normalization
sweet tooth,8,3,8,Medium,Conservative normalization
sweetish house mafia,8,1,8,High,Conservative normalization
tandoori pizza,8,1,8,High,Conservative normalization
tea bar,8,2,8,Medium,Conservative normalization
tea villa cafe,8,2,8,Medium,Conservative normalization
thanco s natural ice cream,8,2,8,Medium,Conservative normalization
the biryani house,8,3,8,Medium,Conservative normalization
the biryani zone by kouzina,8,1,8,High,Conservative normalization
the cake house,8,2,8,Medium,Conservative normalization
the cake point,8,2,8,Medium,Conservative normalization
the daily meal,8,1,8,High,Conservative normalization
the dripping cone,8,1,8,High,Conservative normalization
the food factory,8,2,8,Medium,Conservative normalization
the golden bowl,8,2,8,Medium,Conservative normalization
the indian kitchen,8,2,8,Medium,Conservative normalization
the lassi day,8,1,8,High,Conservative normalization
the royal biryani,8,2,8,Medium,Conservative normalization
the tummy section,8,1,8,High,Conservative normalization
thorat s baarbeque misal,8,2,8,Medium,Conservative normalization
truffles,8,1,8,High,Conservative normalization
u s pizza,8,3,8,Medium,Conservative normalization
uncle jack s,8,1,8,High,Conservative normalization
urban tadka,8,3,8,Medium,Conservative normalization
urban vada pav,8,1,8,High,Conservative normalization
veerji malai chaap wale,8,3,8,Medium,Conservative normalization
vipul dudhiya sweets,8,2,8,Medium,Conservative normalization
waffee house,8,2,8,Medium,Conservative normalization
waffle cart,8,4,8,Medium,Conservative normalization
we chai,8,3,8,Medium,Conservative normalization
wok on fire,8,2,8,Medium,Conservative normalization
wraps and rolls,8,4,8,Medium,Conservative normalization
yaa mohaideen biryani,8,1,8,High,Conservative normalization
yummy momos,8,3,8,Medium,Conservative normalization
zippyfeed,8,2,8,Medium,Conservative normalization
aapki rasoi,7,2,7,Medium,Conservative normalization
absolute momo cafe,7,2,7,Medium,Conservative normalization
al taza,7,1,7,High,Conservative normalization
althaf food court,7,3,7,Medium,Conservative normalization
am 2 pm,7,2,7,Medium,Conservative normalization
ambur hot dum biriyani,7,2,7,Medium,Conservative normalization
amul ice cream,7,3,7,Medium,Conservative normalization
amul icecream parlour,7,3,7,Medium,Conservative normalization
angeethi,7,3,7,Medium,Conservative normalization
anna dosa,7,2,7,Medium,Conservative normalization
apna adda,7,2,7,Medium,Conservative normalization
arabian grill,7,2,7,Medium,Conservative normalization
azad hind dhaba,7,1,7,High,Conservative normalization
baap of rolls,7,4,7,Medium,Conservative normalization
baba ka dhaba,7,2,7,Medium,Conservative normalization
bake n cake,7,4,7,Medium,Conservative normalization
baker s basket,7,1,7,High,Conservative normalization
bakery 24x7,7,3,7,Medium,Conservative normalization
balaji restaurant,7,2,7,Medium,Conservative normalization
baozi momos,7,3,7,Medium,Conservative normalization
barkaas arabic restaurant,7,2,7,Medium,Conservative normalization
bbq master,7,1,7,High,Conservative normalization
bhayankar burgers,7,1,7,High,Conservative normalization
bhojanam,7,2,7,Medium,Conservative normalization
biryani bite,7,2,7,Medium,Conservative normalization
biryani kingdom,7,1,7,High,Conservative normalization
biryani nation,7,1,7,High,Conservative normalization
biryani palace,7,2,7,Medium,Conservative normalization
biryani zone,7,3,7,Medium,Conservative normalization
bismillah biryani,7,2,7,Medium,Conservative normalization
bombay brasserie,7,1,7,High,Conservative normalization
boomerang,7,2,7,Medium,Conservative normalization
brunch italino,7,2,7,Medium,Conservative normalization
bunnies burger,7,3,7,Medium,Conservative normalization
burger box,7,3,7,Medium,Conservative normalization
burgerman,7,3,7,Medium,Conservative normalization
burmese kitchen,7,2,7,Medium,Conservative normalization
cake box,7,3,7,Medium,Conservative normalization
cake for you,7,4,7,Medium,Conservative normalization
cake kohinoor,7,2,7,Medium,Conservative normalization
cake wala,7,2,7,Medium,Conservative normalization
cakes by mama mia,7,1,7,High,Conservative normalization
cakey bakey,7,2,7,Medium,Conservative normalization
chai nagri,7,2,7,Medium,Conservative normalization
chai pani,7,3,7,Medium,Conservative normalization
chai thela,7,2,7,Medium,Conservative normalization
chai vaai cafe,7,4,7,Medium,Conservative normalization
cheese and chips,7,1,7,High,Conservative normalization
chickeera,7,2,7,Medium,Conservative normalization
china express,7,2,7,Medium,Conservative normalization
chinese chef co,7,4,7,Medium,Conservative normalization
chinese wok,7,2,7,Medium,Conservative normalization
chung s,7,1,7,High,Conservative normalization
cinnabon and auntie anne s,7,1,7,High,Conservative normalization
cocoberry,7,2,7,Medium,Conservative normalization
cocoworks,7,2,7,Medium,Conservative normalization
coffee house,7,3,7,Medium,Conservative normalization
cold stone creamery,7,1,7,High,Conservative normalization
copper kitchen,7,1,7,High,Conservative normalization
crazy momos,7,2,7,Medium,Conservative normalization
d lite frankie,7,2,7,Medium,Conservative normalization
daawat restaurant,7,2,7,Medium,Conservative normalization
dariole,7,1,7,High,Conservative normalization
delicious,7,2,7,Medium,Conservative normalization
dhaba curry,7,1,7,High,Conservative normalization
dhakka mukki eatery,7,1,7,High,Conservative normalization
dial for cake,7,3,7,Medium,Conservative normalization
dil punjabi,7,1,7,High,Conservative normalization
doner and gyros,7,1,7,High,Conservative normalization
dosa factory,7,3,7,Medium,Conservative normalization
eat and meet,7,3,7,Medium,Conservative normalization
eat n joy,7,3,7,Medium,Conservative normalization
edabba,7,1,7,High,Conservative normalization
edesia by freshmenu,7,1,7,High,Conservative normalization
eggless cakes,7,2,7,Medium,Conservative normalization
fantasy bakery n patisserie,7,3,7,Medium,Conservative normalization
fast food corner,7,3,7,Medium,Conservative normalization
fat lulu s pizza,7,1,7,High,Conservative normalization
five star and koli hut,7,4,7,Medium,Conservative normalization
flipped by cassandra,7,1,7,High,Conservative normalization
food garden,7,2,7,Medium,Conservative normalization
food o clock,7,4,7,Medium,Conservative normalization
foodland,7,3,7,Medium,Conservative normalization
fried wings,7,3,7,Medium,Conservative normalization
friends corner,7,3,7,Medium,Conservative normalization
fruitos bowl,7,3,7,Medium,Conservative normalization
gatox natural ice cream,7,2,7,Medium,Conservative normalization
gelato italiano,7,2,7,Medium,Conservative normalization
glen s bakehouse,7,2,7,Medium,Conservative normalization
godavari ruchulu,7,2,7,Medium,Conservative normalization
haji ali juice centre,7,3,7,Medium,Conservative normalization
hangout,7,2,7,Medium,Conservative normalization
hangyo ice creams,7,2,7,Medium,Conservative normalization
hari om juice bar,7,3,7,Medium,Conservative normalization
hashtag foods,7,3,7,Medium,Conservative normalization
haveli,7,2,7,Medium,Conservative normalization
haveli restaurant,7,2,7,Medium,Conservative normalization
heaven pizza and cafe,7,5,7,Medium,Conservative normalization
hoi foods,7,2,7,Medium,Conservative normalization
homese just veg,7,1,7,High,Conservative normalization
honey and dough,7,1,7,High,Conservative normalization
hot spot,7,4,7,Medium,Conservative normalization
hot wok,7,1,7,High,Conservative normalization
hotel junior kuppanna,7,1,7,High,Conservative normalization
hotel pandian,7,1,7,High,Conservative normalization
hotel samrat,7,3,7,Medium,Conservative normalization
hunger spot,7,2,7,Medium,Conservative normalization
hunger strike,7,1,7,High,Conservative normalization
hungry bites,7,2,7,Medium,Conservative normalization
hungry dragon,7,3,7,Medium,Conservative normalization
hyderabad biryaani house,7,2,7,Medium,Conservative normalization
ifc restaurant,7,2,6,Medium,Conservative normalization
indian bowl co,7,1,7,High,Conservative normalization
indian spice,7,3,7,Medium,Conservative normalization
irani cafe,7,2,7,Medium,Conservative normalization
itc hotels biryani and pulao collection,7,1,7,High,Conservative normalization
juice bar,7,2,7,Medium,Conservative normalization
juice box,7,2,7,Medium,Conservative normalization
juicy,7,2,7,Medium,Conservative normalization
kachori chowk,7,1,7,High,Conservative normalization
kaka halwai sweet centre,7,1,7,High,Conservative normalization
kake da dhaba,7,5,7,Medium,Conservative normalization
kaleva,7,1,7,High,Conservative normalization
kerala cafe,7,3,7,Medium,Conservative normalization
khichdi central,7,1,7,High,Conservative normalization
khichdi kahani,7,1,7,High,Conservative normalization
king s kitchen,7,5,7,Medium,Conservative normalization
kings kulfi,7,1,7,High,Conservative normalization
kitchens of china,7,2,7,Medium,Conservative normalization
kolkata kathi rolls,7,2,7,Medium,Conservative normalization
l opera,7,1,7,High,Conservative normalization
la pinoz pizza,7,3,7,Medium,Conservative normalization
lassi ghar,7,3,7,Medium,Conservative normalization
lassi magic,7,4,7,Medium,Conservative normalization
lassi n cafe,7,4,7,Medium,Conservative normalization
lassi spot,7,3,7,Medium,Conservative normalization
lazeez biryani,7,2,7,Medium,Conservative normalization
let s eat,7,2,7,Medium,Conservative normalization
little chef,7,3,7,Medium,Conservative normalization
lunch box,7,3,7,Medium,Conservative normalization
masqati ice cream,7,1,7,High,Conservative normalization
midnight cafe,7,3,7,Medium,Conservative normalization
milkyway,7,1,7,High,Conservative normalization
mocha,7,1,7,High,Conservative normalization
momo house,7,5,7,Medium,Conservative normalization
momo hut,7,2,7,Medium,Conservative normalization
momoman,7,1,7,High,Conservative normalization
momos hut,7,2,7,Medium,Conservative normalization
momos point,7,4,7,Medium,Conservative normalization
moolchand chur chur naan or paratha since 1979,7,2,7,Medium,Conservative normalization
moti mahal,7,1,7,High,Conservative normalization
mr biryani,7,4,7,Medium,Conservative normalization
mr chow,7,4,7,Medium,Conservative normalization
mr idli,7,4,7,Medium,Conservative normalization
my kitchen,7,2,7,Medium,Conservative normalization
naivedyam,7,1,7,High,Conservative normalization
namma cafe,7,2,7,Medium,Conservative normalization
nandhini deluxe,7,1,7,High,Conservative normalization
nescafe,7,2,7,Medium,Conservative normalization
nizam s kitchens,7,1,7,High,Conservative normalization
nutmeg by itc hotels cakes and desserts,7,1,7,High,Conservative normalization
old madras baking company,7,2,7,Medium,Conservative normalization
pabrai s fresh and naturelle ice cream,7,2,7,Medium,Conservative normalization
papa louie s pizza,7,3,7,Medium,Conservative normalization
paranthe wali gali,7,3,7,Medium,Conservative normalization
paratha meal co,7,2,7,Medium,Conservative normalization
paratha singh,7,2,7,Medium,Conservative normalization
parathe wala,7,2,7,Medium,Conservative normalization
parfait cakes n bakes,7,2,7,Medium,Conservative normalization
paris panini french street food,7,1,7,High,Conservative normalization
perambur sri srinivasa sweets and snacks,7,1,7,High,Conservative normalization
piece of cake,7,2,7,Medium,Conservative normalization
pizza bites,7,3,7,Medium,Conservative normalization
pizza cave,7,3,7,Medium,Conservative normalization
pizza hut express,7,4,7,Medium,Conservative normalization
pizza place,7,3,7,Medium,Conservative normalization
pizza villa,7,1,7,High,Conservative normalization
pizza wings,7,2,7,Medium,Conservative normalization
punjabi by nature,7,1,7,High,Conservative normalization
punjabi chaska,7,3,7,Medium,Conservative normalization
punjabi hut,7,3,7,Medium,Conservative normalization
qmin,7,1,7,High,Conservative normalization
rang de basanti dhaba,7,1,7,High,Conservative normalization
real paprika,7,1,7,High,Conservative normalization
red chilli restaurant,7,1,7,High,Conservative normalization
roll bites,7,2,7,Medium,Conservative normalization
rotti mane,7,2,7,Medium,Conservative normalization
roy s kitchen,7,4,7,Medium,Conservative normalization
royal bakers,7,2,7,Medium,Conservative normalization
royce chocolate,7,1,7,High,Conservative normalization
sandwich hub,7,3,7,Medium,Conservative normalization
sgf spice grill flame,7,3,7,Medium,Conservative normalization
shawarma express,7,2,7,Medium,Conservative normalization
shawarma nation,7,1,7,High,Conservative normalization
shere punjab dhaba,7,1,7,High,Conservative normalization
shree marutinandan,7,1,7,High,Conservative normalization
southern spice,7,3,7,Medium,Conservative normalization
spring onion,7,1,7,High,Conservative normalization
sri krishna bhavan,7,1,7,High,Conservative normalization
ss hyderabad briyani,7,1,7,High,Conservative normalization
subhub,7,3,7,Medium,Conservative normalization
sudama bhel,7,4,7,Medium,Conservative normalization
sushi junction,7,1,7,High,Conservative normalization
sushiya,7,1,7,High,Conservative normalization
swad,7,2,7,Medium,Conservative normalization
taste buds,7,3,7,Medium,Conservative normalization
taste of south,7,4,7,Medium,Conservative normalization
tasty corner,7,2,7,Medium,Conservative normalization
tasty kitchen,7,2,7,Medium,Conservative normalization
the betel leaf co originally from bangalore,7,3,7,Medium,Conservative normalization
the cake and cream factory,7,1,7,High,Conservative normalization
the carl s kitchen,7,1,7,High,Conservative normalization
the cascade,7,1,7,High,Conservative normalization
the chicken company,7,3,7,Medium,Conservative normalization
the chinese hub,7,3,7,Medium,Conservative normalization
the chinese hut,7,2,7,Medium,Conservative normalization
the curry house,7,3,7,Medium,Conservative normalization
the food story,7,3,7,Medium,Conservative normalization
the grand sweets and snacks amirtham restaurant,7,1,7,High,Conservative normalization
the pizza story,7,2,7,Medium,Conservative normalization
the sandwich story,7,3,7,Medium,Conservative normalization
the wok tales,7,1,7,High,Conservative normalization
tiffin,7,2,7,Medium,Conservative normalization
toscano s crafted cakes and desserts,7,1,7,High,Conservative normalization
trattoria by toscano,7,3,7,Medium,Conservative normalization
tummy and me,7,1,7,High,Conservative normalization
urban foods,7,2,7,Medium,Conservative normalization
urban singh,7,1,7,High,Conservative normalization
venky s chicken xperience,7,3,7,Medium,Conservative normalization
vivaha bhojanambu,7,3,7,Medium,Conservative normalization
we desi,7,3,7,Medium,Conservative normalization
wow pizza,7,2,7,Medium,Conservative normalization
wrap and roll,7,4,7,Medium,Conservative normalization
ws bakers,7,3,7,Medium,Conservative normalization
yaara da dhaba,7,3,7,Medium,Conservative normalization
yo dimsum,7,4,7,Medium,Conservative normalization
yummy tummy,7,3,7,Medium,Conservative normalization
zeugar sugar free,7,2,7,Medium,Conservative normalization
4 seasons,6,1,6,High,Conservative normalization
7 spices,6,2,6,Medium,Conservative normalization
9834 the fruit truck,6,1,6,High,Conservative normalization
aahar restaurant,6,1,6,High,Conservative normalization
aap ki rasoi,6,3,6,Medium,Conservative normalization
agra sweets banjara,6,1,6,High,Conservative normalization
almond house,6,1,6,High,Conservative normalization
ambur dum biryani,6,2,6,Medium,Conservative normalization
ambur star briyani since 1890,6,1,6,High,Conservative normalization
amritsari dhaba,6,2,6,Medium,Conservative normalization
amritsari zaika,6,2,6,Medium,Conservative normalization
andhra kitchen,6,2,6,Medium,Conservative normalization
andhra ruchulu,6,1,6,High,Conservative normalization
andhra spice,6,3,6,Medium,Conservative normalization
angithi by nature,6,2,6,Medium,Conservative normalization
anna idli,6,1,6,High,Conservative normalization
annapurna hotel,6,2,6,Medium,Conservative normalization
annapurna kitchen,6,3,6,Medium,Conservative normalization
annapurna rasoi,6,2,6,Medium,Conservative normalization
art of delight,6,2,6,Medium,Conservative normalization
asian cucina,6,1,6,High,Conservative normalization
bake my cake,6,1,6,High,Conservative normalization
bakers county,6,2,6,Medium,Conservative normalization
bakers delight,6,2,6,Medium,Conservative normalization
bakery by foodhall,6,1,6,High,Conservative normalization
banchharam s,6,1,6,High,Conservative normalization
basaveshwar khanavali,6,3,6,Medium,Conservative normalization
big bite,6,1,6,High,Conservative normalization
biryani bites,6,2,6,Medium,Conservative normalization
biryani blast,6,2,6,Medium,Conservative normalization
biryani com,6,3,6,Medium,Conservative normalization
biryani delight,6,2,6,Medium,Conservative normalization
biryani world,6,2,6,Medium,Conservative normalization
biryaniwala,6,2,6,Medium,Conservative normalization
bismillah,6,1,6,High,Conservative normalization
bodypower cafe,6,4,6,Medium,Conservative normalization
bombay bites,6,3,6,Medium,Conservative normalization
bombaysthan,6,2,6,Medium,Conservative normalization
bon appetit,6,4,6,Medium,Conservative normalization
bread story,6,1,6,High,Conservative normalization
break time,6,1,6,High,Conservative normalization
breakfast point,6,2,6,Medium,Conservative normalization
brunch biryani,6,2,6,Medium,Conservative normalization
burger bros,6,1,6,High,Conservative normalization
burger land,6,2,6,Medium,Conservative normalization
burger queen,6,1,6,High,Conservative normalization
burger time,6,2,6,Medium,Conservative normalization
burger wala,6,2,6,Medium,Conservative normalization
burgers and more,6,4,6,Medium,Conservative normalization
burma burma,6,1,6,High,Conservative normalization
butter chicken factory since 1979,6,1,6,High,Conservative normalization
cafe corner,6,2,6,Medium,Conservative normalization
cake bazzar,6,2,6,Medium,Conservative normalization
cake king,6,2,6,Medium,Conservative normalization
cake plaza,6,3,6,Medium,Conservative normalization
cake shop,6,2,6,Medium,Conservative normalization
cakes and desserts by warmoven,6,1,6,High,Conservative normalization
celebration,6,2,6,Medium,Conservative normalization
chaat puchka,6,1,6,High,Conservative normalization
chaat wala,6,3,6,Medium,Conservative normalization
chai galli,6,1,6,High,Conservative normalization
chakhna,6,2,6,Medium,Conservative normalization
chatkara,6,2,6,Medium,Conservative normalization
chicken house,6,2,6,Medium,Conservative normalization
chicken hut,6,2,6,Medium,Conservative normalization
chicken shawarma hub,6,2,6,Medium,Conservative normalization
chill bro,6,4,6,Medium,Conservative normalization
china hut,6,2,6,Medium,Conservative normalization
chinese bae,6,1,6,High,Conservative normalization
chinese chaska,6,2,6,Medium,Conservative normalization
chinese hunger,6,3,6,Medium,Conservative normalization
chinese mania,6,1,6,High,Conservative normalization
chinese monk no msg,6,1,6,High,Conservative normalization
chinese panda,6,1,6,High,Conservative normalization
chinese point,6,2,6,Medium,Conservative normalization
chinese town,6,3,6,Medium,Conservative normalization
chinese trail,6,1,6,High,Conservative normalization
chinese xpress,6,3,6,Medium,Conservative normalization
chinjabi,6,1,6,High,Conservative normalization
chocomans,6,1,6,High,Conservative normalization
choko la,6,2,6,Medium,Conservative normalization
chowman,6,1,6,High,Conservative normalization
chutneys,6,1,6,High,Conservative normalization
circle of crust,6,2,6,Medium,Conservative normalization
classic kitchen,6,3,6,Medium,Conservative normalization
coconut juice bar,6,3,6,Medium,Conservative normalization
combo 10,6,2,6,Medium,Conservative normalization
combo king,6,2,6,Medium,Conservative normalization
combo kitchen,6,3,6,Medium,Conservative normalization
concu,6,1,6,High,Conservative normalization
cream bell,6,3,6,Medium,Conservative normalization
cream en creamy,6,2,6,Medium,Conservative normalization
creamy nuts,6,3,6,Medium,Conservative normalization
culinaire,6,1,6,High,Conservative normalization
cupcake bliss cake and desserts,6,1,6,High,Conservative normalization
curry on tikka,6,1,6,High,Conservative normalization
d cafe,6,3,6,Medium,Conservative normalization
daebak cafe delight in every bite,6,1,6,High,Conservative normalization
dairy don,6,1,6,High,Conservative normalization
dana choga,6,1,6,High,Conservative normalization
darjeeling momos,6,2,6,Medium,Conservative normalization
davanagere benne dosa,6,2,6,Medium,Conservative normalization
decadenz,6,1,6,High,Conservative normalization
delicious food,6,2,6,Medium,Conservative normalization
desi rasoi,6,3,6,Medium,Conservative normalization
desi spice,6,3,6,Medium,Conservative normalization
desi swad,6,3,6,Medium,Conservative normalization
dhaba by taj,6,3,6,Medium,Conservative normalization
dial a biryani,6,2,6,Medium,Conservative normalization
dil tiffins,6,1,6,High,Conservative normalization
dilli 6,6,3,6,Medium,Conservative normalization
dilli darbar,6,2,6,Medium,Conservative normalization
dilli di rasoi,6,2,6,Medium,Conservative normalization
dnd daily nutritional diet,6,2,6,Medium,Conservative normalization
dolma aunty momos,6,1,6,High,Conservative normalization
dosa express,6,3,6,Medium,Conservative normalization
dragon momos,6,3,6,Medium,Conservative normalization
dumpling hood,6,2,6,Medium,Conservative normalization
eagle boys pizzeria and cafe,6,3,6,Medium,Conservative normalization
eat n drink,6,3,6,Medium,Conservative normalization
ebites 99,6,2,6,Medium,Conservative normalization
ebowl,6,1,6,High,Conservative normalization
eclair de cake,6,1,6,High,Conservative normalization
enso the pizza kitchen,6,3,6,Medium,Conservative normalization
farki,6,1,6,High,Conservative normalization
fiero pizzeria,6,2,6,Medium,Conservative normalization
fitchef,6,1,6,High,Conservative normalization
five star koli hut,6,2,6,Medium,Conservative normalization
fnp cakes,6,3,6,Medium,Conservative normalization
food box,6,3,6,Medium,Conservative normalization
food planet,6,1,6,High,Conservative normalization
food street,6,2,6,Medium,Conservative normalization
foodie folks,6,2,6,Medium,Conservative normalization
foodie junction,6,2,6,Medium,Conservative normalization
foodies junction,6,3,6,Medium,Conservative normalization
freaking good pizza,6,1,6,High,Conservative normalization
fresh crush,6,2,6,Medium,Conservative normalization
fusion kitchen,6,3,6,Medium,Conservative normalization
gajanand pauva house,6,1,6,High,Conservative normalization
gangour,6,1,6,High,Conservative normalization
gelatica gelato ice cream and sorbet the finest,6,2,6,Medium,Conservative normalization
ghar ka swad,6,3,6,Medium,Conservative normalization
gianis,6,1,6,High,Conservative normalization
goodness to go,6,1,6,High,Conservative normalization
grill house,6,2,6,Medium,Conservative normalization
grillland bbq,6,2,6,Medium,Conservative normalization
gustovita,6,2,6,Medium,Conservative normalization
habibi falafel,6,1,6,High,Conservative normalization
haji biryani house,6,2,6,Medium,Conservative normalization
haldiram,6,1,6,High,Conservative normalization
haldiram s planet food,6,1,6,High,Conservative normalization
halka fulka,6,2,6,Medium,Conservative normalization
hangout cafe,6,1,6,High,Conservative normalization
happy burger,6,2,6,Medium,Conservative normalization
hashtag cafe,6,3,6,Medium,Conservative normalization
hatti kaapi coffee and more,6,1,6,High,Conservative normalization
healthy bites,6,2,6,Medium,Conservative normalization
hong kong express,6,2,6,Medium,Conservative normalization
hotel aryaas,6,1,6,High,Conservative normalization
hotel ashirwad,6,2,6,Medium,Conservative normalization
hotel malhar,6,2,6,Medium,Conservative normalization
hotel shalimar,6,3,6,Medium,Conservative normalization
hotel surya,6,2,6,Medium,Conservative normalization
house of biryani,6,2,6,Medium,Conservative normalization
how s the bowl,6,2,6,Medium,Conservative normalization
hungry bird,6,3,6,Medium,Conservative normalization
hungry head,6,2,6,Medium,Conservative normalization
hyderabad darbar,6,1,6,High,Conservative normalization
ice and spice,6,3,6,Medium,Conservative normalization
ice magic,6,2,6,Medium,Conservative normalization
ice stone,6,3,6,Medium,Conservative normalization
idc kitchen,6,3,6,Medium,Conservative normalization
imperial restaurant,6,1,6,High,Conservative normalization
indian burrito company,6,1,6,High,Conservative normalization
indian grill,6,2,6,Medium,Conservative normalization
indian masala,6,3,6,Medium,Conservative normalization
indian masala house,6,1,6,High,Conservative normalization
jagdamb juice bar,6,2,6,Medium,Conservative normalization
jain dairy,6,1,6,High,Conservative normalization
jain restaurant,6,2,6,Medium,Conservative normalization
juice my day,6,1,6,High,Conservative normalization
just punjabi,6,2,6,Medium,Conservative normalization
kabab corner,6,2,6,Medium,Conservative normalization
khandani biryani,6,1,6,High,Conservative normalization
khichdi etc,6,3,6,Medium,Conservative normalization
kinara grand,6,1,6,High,Conservative normalization
kobe sizzlers,6,3,6,Medium,Conservative normalization
kolkata biryani,6,3,6,Medium,Conservative normalization
krazee kulcha,6,3,6,Medium,Conservative normalization
krazzy for ice cream sundae,6,2,6,Medium,Conservative normalization
kurtosshhh,6,1,6,High,Conservative normalization
kutchi king,6,1,6,High,Conservative normalization
kwality,6,2,6,Medium,Conservative normalization
lazzetti,6,2,6,Medium,Conservative normalization
lets eat,6,4,6,Medium,Conservative normalization
little india,6,2,6,Medium,Conservative normalization
lucknowi zaika,6,3,6,Medium,Conservative normalization
madina hotel,6,2,6,Medium,Conservative normalization
maggi story,6,1,6,High,Conservative normalization
malabar camboose,6,2,6,Medium,Conservative normalization
malabar kitchen,6,3,6,Medium,Conservative normalization
mandi king arabian restaurant,6,3,6,Medium,Conservative normalization
martino z pizza,6,2,6,Medium,Conservative normalization
mayur restaurant,6,1,6,High,Conservative normalization
mba chai wala,6,3,6,Medium,Conservative normalization
mcrennett,6,2,6,Medium,Conservative normalization
meals of india,6,1,6,High,Conservative normalization
mh 12 pav bhaji,6,2,6,Medium,Conservative normalization
minus30,6,1,6,High,Conservative normalization
miso the asian kitchen,6,1,6,High,Conservative normalization
mithaas,6,1,6,High,Conservative normalization
mithas,6,1,6,High,Conservative normalization
modern biryani pvt ltd,6,3,6,Medium,Conservative normalization
mom s cafe,6,4,6,Medium,Conservative normalization
mom s magic,6,3,6,Medium,Conservative normalization
momo express,6,2,6,Medium,Conservative normalization
momo point,6,2,6,Medium,Conservative normalization
momos corner,6,3,6,Medium,Conservative normalization
momos house,6,3,6,Medium,Conservative normalization
momos hub,6,3,6,Medium,Conservative normalization
momos mania,6,2,6,Medium,Conservative normalization
momoz,6,2,6,Medium,Conservative normalization
moti mahal deluxe,6,3,6,Medium,Conservative normalization
mr brown,6,1,6,High,Conservative normalization
mr cake,6,3,6,Medium,Conservative normalization
mr chef,6,4,6,Medium,Conservative normalization
mr delicious,6,3,6,Medium,Conservative normalization
mr dosa,6,2,6,Medium,Conservative normalization
mr paratha,6,3,6,Medium,Conservative normalization
mr singh s tandoori hut,6,5,6,Medium,Conservative normalization
mughlai junction,6,2,6,Medium,Conservative normalization
munch box,6,2,6,Medium,Conservative normalization
my cafe,6,2,6,Medium,Conservative normalization
natural fresh ice cream,6,3,6,Medium,Conservative normalization
nawabi zaika,6,2,6,Medium,Conservative normalization
new ambur hot dum biriyani,6,2,6,Medium,Conservative normalization
new udupi grand,6,1,6,High,Conservative normalization
noodle bar,6,1,6,High,Conservative normalization
noodle king,6,2,6,Medium,Conservative normalization
nothing before coffee,6,1,6,High,Conservative normalization
oh so stoned,6,3,6,Medium,Conservative normalization
ohri s cake nation,6,1,6,High,Conservative normalization
old mumbai ice cream,6,2,6,Medium,Conservative normalization
olive mithai shop,6,1,6,High,Conservative normalization
oregano,6,1,6,High,Conservative normalization
oriental majik,6,2,6,Medium,Conservative normalization
oven and grill,6,1,6,High,Conservative normalization
paakashala,6,2,6,Medium,Conservative normalization
paan aroma,6,2,6,Medium,Conservative normalization
pal dhaba,6,2,6,Medium,Conservative normalization
palamuru grill,6,1,6,High,Conservative normalization
palmshore,6,1,6,High,Conservative normalization
parantha junction,6,2,6,Medium,Conservative normalization
paris bakery,6,2,6,Medium,Conservative normalization
pasta street,6,2,6,Medium,Conservative normalization
pet puja,6,2,6,Medium,Conservative normalization
petuk,6,2,6,Medium,Conservative normalization
pinch of spice,6,2,6,Medium,Conservative normalization
pind da swad,6,1,6,High,Conservative normalization
pind punjabi,6,3,6,Medium,Conservative normalization
pista house restaurant and bakery,6,2,6,Medium,Conservative normalization
pizza com,6,4,6,Medium,Conservative normalization
pizza country,6,2,6,Medium,Conservative normalization
pizza lover,6,2,6,Medium,Conservative normalization
pizza republic,6,1,6,High,Conservative normalization
pizza square,6,3,6,Medium,Conservative normalization
pizza station,6,1,6,High,Conservative normalization
pizza town,6,2,6,Medium,Conservative normalization
pizza vizza,6,3,6,Medium,Conservative normalization
pizzalicious,6,2,6,Medium,Conservative normalization
pizzaria,6,1,6,High,Conservative normalization
pizzeria,6,2,6,Medium,Conservative normalization
plan b,6,2,6,Medium,Conservative normalization
pradeep sweets,6,3,6,Medium,Conservative normalization
punjab da dhaba,6,4,6,Medium,Conservative normalization
punjabi angeethi,6,1,6,High,Conservative normalization
punjabi chaap,6,2,6,Medium,Conservative normalization
punjabi chillies,6,1,6,High,Conservative normalization
punjabi junction,6,2,6,Medium,Conservative normalization
punjabi paratha,6,3,6,Medium,Conservative normalization
punjabi vaishno dhaba,6,3,6,Medium,Conservative normalization
rahman biriyani,6,1,6,High,Conservative normalization
rajmandir ice cream,6,2,6,Medium,Conservative normalization
raju omlet,6,1,6,High,Conservative normalization
red chilly,6,2,6,Medium,Conservative normalization
red velvet,6,2,6,Medium,Conservative normalization
roll king,6,2,6,Medium,Conservative normalization
roll nation,6,1,6,High,Conservative normalization
roll point,6,1,6,High,Conservative normalization
rolls county,6,1,6,High,Conservative normalization
rolls hub,6,2,6,Medium,Conservative normalization
rolls karvaan,6,1,6,High,Conservative normalization
rominus pizza and burger,6,2,6,Medium,Conservative normalization
roti boti,6,4,6,Medium,Conservative normalization
rotivala,6,1,6,High,Conservative normalization
royal china,6,1,6,High,Conservative normalization
royal chinese,6,3,6,Medium,Conservative normalization
royal darbar,6,1,6,High,Conservative normalization
royal food,6,4,6,Medium,Conservative normalization
royale rolls,6,1,6,High,Conservative normalization
ruchi curry point,6,2,6,Medium,Conservative normalization
sagar fast food,6,3,5,Medium,Conservative normalization
saiko sushi house,6,1,6,High,Conservative normalization
salad days,6,1,6,High,Conservative normalization
saladspoint,6,1,6,High,Conservative normalization
salt n pepper,6,4,6,Medium,Conservative normalization
samosa king,6,2,6,Medium,Conservative normalization
samosazz,6,2,6,Medium,Conservative normalization
sandwich point,6,2,6,Medium,Conservative normalization
sanskari paratha,6,1,6,High,Conservative normalization
sante spa cuisine,6,2,6,Medium,Conservative normalization
sardar g malai chaap junction,6,3,6,Medium,Conservative normalization
sardar ji malai chaap wale,6,3,6,Medium,Conservative normalization
sardar ji tandoori junction,6,2,6,Medium,Conservative normalization
savoury restaurant,6,1,6,High,Conservative normalization
seedha saada samosa,6,1,6,High,Conservative normalization
shama chicken corner,6,2,6,Medium,Conservative normalization
shama dhaba,6,3,6,Medium,Conservative normalization
shanghai chillie s,6,3,6,Medium,Conservative normalization
shangz,6,1,6,High,Conservative normalization
shawarma and grill,6,4,6,Medium,Conservative normalization
shawarma crime,6,4,6,Medium,Conservative normalization
shegaon kachori,6,1,6,High,Conservative normalization
shero home food north indian,6,2,6,Medium,Conservative normalization
shiraz golden restaurant,6,1,6,High,Conservative normalization
shree foods,6,3,6,Medium,Conservative normalization
sip and bite,6,3,6,Medium,Conservative normalization
slice of italy,6,3,6,Medium,Conservative normalization
smoodies and juices your fruitfully,6,1,6,High,Conservative normalization
snack time,6,2,6,Medium,Conservative normalization
sodabottleopenerwala,6,2,6,Medium,Conservative normalization
spicy bite,6,4,6,Medium,Conservative normalization
splurge thickshakes and milkshakes,6,1,6,High,Conservative normalization
sri ganesh bhavan,6,1,6,High,Conservative normalization
sri udupi food hub,6,1,6,High,Conservative normalization
sri udupi park,6,1,6,High,Conservative normalization
star burma hotel,6,2,6,Medium,Conservative normalization
street arabiya,6,2,6,Medium,Conservative normalization
subbayya gari hotel,6,1,6,High,Conservative normalization
sujata mastani,6,1,6,High,Conservative normalization
sukhi de parathe,6,1,6,High,Conservative normalization
superstar pizza,6,2,6,Medium,Conservative normalization
sweet chariot,6,1,6,High,Conservative normalization
tandoori junction,6,2,6,Medium,Conservative normalization
tandoori zaika,6,2,6,Medium,Conservative normalization
taste me,6,2,6,Medium,Conservative normalization
taste of heaven,6,4,6,Medium,Conservative normalization
taste of shakes,6,4,6,Medium,Conservative normalization
tasty treat,6,3,6,Medium,Conservative normalization
tasty treats,6,2,6,Medium,Conservative normalization
thalassery cafe,6,2,6,Medium,Conservative normalization
thali house,6,2,6,Medium,Conservative normalization
that waffle place,6,2,6,Medium,Conservative normalization
the belgian waffle xpress,6,1,6,High,Conservative normalization
the biryani story,6,2,6,Medium,Conservative normalization
the burger,6,1,6,High,Conservative normalization
the burger house,6,2,6,Medium,Conservative normalization
the bvk biryani bai veetu kalyanam,6,1,6,High,Conservative normalization
the cake corner,6,2,6,Medium,Conservative normalization
the cake town,6,3,6,Medium,Conservative normalization
the chef,6,3,6,Medium,Conservative normalization
the chinese corner,6,2,6,Medium,Conservative normalization
the chinese factory,6,1,6,High,Conservative normalization
the chinese kitchen,6,2,6,Medium,Conservative normalization
the country wok,6,2,6,Medium,Conservative normalization
the ice cream bakery tib,6,2,6,Medium,Conservative normalization
the lunch box,6,2,6,Medium,Conservative normalization
the meal box,6,2,6,Medium,Conservative normalization
the meal factory,6,2,6,Medium,Conservative normalization
the noodle theory,6,1,6,High,Conservative normalization
the paratha house,6,2,6,Medium,Conservative normalization
the pizza club,6,2,6,Medium,Conservative normalization
the pizza king,6,3,6,Medium,Conservative normalization
the pizza point,6,3,6,Medium,Conservative normalization
the pizzeria,6,2,6,Medium,Conservative normalization
the sandwich club,6,3,6,Medium,Conservative normalization
the tea planet,6,2,6,Medium,Conservative normalization
the thickshake project,6,2,6,Medium,Conservative normalization
the urban dhaba,6,1,6,High,Conservative normalization
the village,6,2,6,Medium,Conservative normalization
the wok,6,3,6,Medium,Conservative normalization
the yellow chilli,6,1,6,High,Conservative normalization
the yellow straw,6,1,6,High,Conservative normalization
tibet momo,6,2,6,Medium,Conservative normalization
tiffin story,6,1,6,High,Conservative normalization
tipsy topsy,6,1,6,High,Conservative normalization
tokyo fresh,6,1,6,High,Conservative normalization
tummy fillers,6,1,6,High,Conservative normalization
tummy full,6,3,6,Medium,Conservative normalization
tunday kababi,6,2,6,Medium,Conservative normalization
udipi s upahar,6,2,6,Medium,Conservative normalization
uzo sandwich,6,3,6,Medium,Conservative normalization
vadilal scoop shop,6,1,6,High,Conservative normalization
vasireddy swagruha foods,6,3,6,Medium,Conservative normalization
veer ji da dhaba,6,3,6,Medium,Conservative normalization
vintage cafe,6,2,6,Medium,Conservative normalization
vintage kitchen,6,1,6,High,Conservative normalization
waffle studio,6,2,6,Medium,Conservative normalization
waffle world,6,3,6,Medium,Conservative normalization
wallonia waffle co,6,2,6,Medium,Conservative normalization
wraps rolls and bowls,6,1,6,High,Conservative normalization
youmee,6,1,6,High,Conservative normalization
yum yum china,6,3,6,Medium,Conservative normalization
zaika biryani house,6,2,6,Medium,Conservative normalization
zam zam restaurant,6,3,6,Medium,Conservative normalization
zorro milkshakes and thickshakes,6,1,6,High,Conservative normalization
zwarma the shawarma makers,6,5,6,Medium,Conservative normalization
10 downing street,5,1,5,High,Conservative normalization
1591 hyder biryani,5,1,5,High,Conservative normalization
1944 the hocco kitchen,5,2,5,Medium,Conservative normalization
1by2,5,1,5,High,Conservative normalization
36 china town,5,2,5,Medium,Conservative normalization
6 ballygunge place takeaway,5,1,5,High,Conservative normalization
99 biryani,5,4,5,Medium,Conservative normalization
aadd m aadd b,5,4,5,Medium,Conservative normalization
aakhri pasta,5,2,5,Medium,Conservative normalization
aami bangali,5,1,5,High,Conservative normalization
adyar bakery,5,1,5,High,Conservative normalization
afc american fried chicken,5,4,5,Medium,Conservative normalization
al arabian delights,5,3,5,Medium,Conservative normalization
al bake,5,2,5,Medium,Conservative normalization
al lazeez,5,3,5,Medium,Conservative normalization
alibaba shawarma and 40 dishes,5,2,5,Medium,Conservative normalization
alishan biryani,5,2,5,Medium,Conservative normalization
alkakori alkauser,5,1,5,High,Conservative normalization
amma s kitchen,5,3,5,Medium,Conservative normalization
amritsari kulcha junction,5,3,5,Medium,Conservative normalization
andhra kodi pulao,5,1,5,High,Conservative normalization
annapurna bhojnalya,5,1,5,High,Conservative normalization
annapurna pure veg,5,2,5,Medium,Conservative normalization
annapurna tiffin service,5,2,5,Medium,Conservative normalization
apna kitchen,5,3,5,Medium,Conservative normalization
apni veg rasoi,5,1,5,High,Conservative normalization
arabian bites,5,3,5,Medium,Conservative normalization
arabian mandi,5,1,5,High,Conservative normalization
aramane donne biriyani,5,3,5,Medium,Conservative normalization
aromas of biryani,5,2,5,Medium,Conservative normalization
aromas of china,5,4,5,Medium,Conservative normalization
arsalan biryani,5,2,5,Medium,Conservative normalization
aryan family s delight,5,1,5,High,Conservative normalization
asha s kitchen,5,4,5,Medium,Conservative normalization
asharfi kulfi,5,1,5,High,Conservative normalization
atti square,5,2,5,Medium,Conservative normalization
baati chokha,5,1,5,High,Conservative normalization
bachelor s kitchen,5,3,5,Medium,Conservative normalization
bahar biryani cafe,5,1,5,High,Conservative normalization
balaji santosh dhaba,5,2,5,Medium,Conservative normalization
balaji santosh family dhaba,5,3,5,Medium,Conservative normalization
balle balle punjab,5,2,5,Medium,Conservative normalization
bangali babu,5,1,5,High,Conservative normalization
banjara,5,2,5,Medium,Conservative normalization
bansiwala,5,2,5,Medium,Conservative normalization
basaveshwara khanavali,5,2,5,Medium,Conservative normalization
bateel,5,1,5,High,Conservative normalization
bebe di rasoi punjabi,5,1,5,High,Conservative normalization
being hungry,5,2,5,Medium,Conservative normalization
bella chow,5,3,5,Medium,Conservative normalization
bengal sweets,5,3,5,Medium,Conservative normalization
beyond bajji,5,2,5,Medium,Conservative normalization
bharkadevi ice cream,5,3,5,Medium,Conservative normalization
bhikharam chandmal,5,1,5,High,Conservative normalization
biggies pizza,5,2,5,Medium,Conservative normalization
bikaner mishthan bhandar,5,2,5,Medium,Conservative normalization
bikaner sweets and restaurant,5,4,5,Medium,Conservative normalization
bikash babu sweets,5,2,5,Medium,Conservative normalization
binge pop,5,2,5,Medium,Conservative normalization
biriyani house,5,2,5,Medium,Conservative normalization
biryani central,5,3,5,Medium,Conservative normalization
biryani lover,5,2,5,Medium,Conservative normalization
biryani paradise,5,2,5,Medium,Conservative normalization
biryani pot,5,2,5,Medium,Conservative normalization
biryani queen,5,1,5,High,Conservative normalization
biryani stories,5,2,5,Medium,Conservative normalization
biryani story,5,2,5,Medium,Conservative normalization
biryani villa,5,2,5,Medium,Conservative normalization
biryani xpress,5,3,5,Medium,Conservative normalization
biryani zaika,5,2,5,Medium,Conservative normalization
blaack forest,5,1,5,High,Conservative normalization
bocs pizza,5,3,5,Medium,Conservative normalization
bolo tara rara,5,1,5,High,Conservative normalization
brahmins thatte idli,5,3,5,Medium,Conservative normalization
bread bash,5,2,5,Medium,Conservative normalization
brik oven,5,1,5,High,Conservative normalization
bunwich,5,1,5,High,Conservative normalization
burger and beyond,5,1,5,High,Conservative normalization
burger bite,5,3,5,Medium,Conservative normalization
burger break,5,1,5,High,Conservative normalization
burger burger,5,1,5,High,Conservative normalization
burger in law,5,1,5,High,Conservative normalization
burger junction,5,2,5,Medium,Conservative normalization
burger shurger,5,2,5,Medium,Conservative normalization
burger world,5,3,5,Medium,Conservative normalization
burger xpress,5,2,5,Medium,Conservative normalization
burma atho kadai,5,3,5,Medium,Conservative normalization
butter chicken factory,5,2,5,Medium,Conservative normalization
butter chicken wala,5,2,5,Medium,Conservative normalization
cad m cad b,5,4,5,Medium,Conservative normalization
cafe 24,5,3,5,Medium,Conservative normalization
cafe 99,5,3,5,Medium,Conservative normalization
cafe biryani,5,2,5,Medium,Conservative normalization
cafe delight,5,1,5,High,Conservative normalization
cafe katta,5,2,5,Medium,Conservative normalization
cafe plus,5,2,5,Medium,Conservative normalization
cake bee,5,1,5,High,Conservative normalization
cake club,5,3,5,Medium,Conservative normalization
cake crush,5,3,5,Medium,Conservative normalization
cake delivery 24x7,5,2,5,Medium,Conservative normalization
cake fantasy,5,1,5,High,Conservative normalization
cake feast,5,2,5,Medium,Conservative normalization
cake l amore,5,1,5,High,Conservative normalization
cake o clocks,5,2,5,Medium,Conservative normalization
cake of the day,5,4,5,Medium,Conservative normalization
cake spot,5,2,5,Medium,Conservative normalization
cake story,5,3,5,Medium,Conservative normalization
cake sunshine,5,2,5,Medium,Conservative normalization
cake time,5,3,5,Medium,Conservative normalization
cake walas,5,2,5,Medium,Conservative normalization
cakes and more,5,5,5,Medium,Conservative normalization
cakes away,5,2,5,Medium,Conservative normalization
cakes n cookies,5,3,5,Medium,Conservative normalization
cakes n craft,5,3,5,Medium,Conservative normalization
call chotu meal in a bowl,5,1,5,High,Conservative normalization
call chotu your everyday food genie,5,1,5,High,Conservative normalization
caterspoint,5,1,5,High,Conservative normalization
chaap king,5,2,5,Medium,Conservative normalization
chaap wala,5,2,5,Medium,Conservative normalization
chai days,5,2,5,Medium,Conservative normalization
chai lelo chai snacks and more,5,4,5,Medium,Conservative normalization
chai resto,5,2,5,Medium,Conservative normalization
chai toh banti hai,5,5,5,Medium,Conservative normalization
chai villa,5,3,5,Medium,Conservative normalization
chai wala,5,2,5,Medium,Conservative normalization
chaicup,5,1,5,High,Conservative normalization
chaitanya paranthas,5,1,5,High,Conservative normalization
chalu fried chicken,5,1,5,High,Conservative normalization
chaska restaurant,5,2,5,Medium,Conservative normalization
chatar patar,5,1,5,High,Conservative normalization
chatori gali,5,2,5,Medium,Conservative normalization
chaubara,5,2,5,Medium,Conservative normalization
chawla dillivala,5,1,5,High,Conservative normalization
cheesy juicy burgers,5,1,5,High,Conservative normalization
cheesy pizza,5,3,5,Medium,Conservative normalization
cherry on top,5,3,5,Medium,Conservative normalization
chhotu kolhapuri,5,1,5,High,Conservative normalization
chicago delights,5,1,5,High,Conservative normalization
chicken bites,5,2,5,Medium,Conservative normalization
chickpet donne biriyani house,5,4,5,Medium,Conservative normalization
china bistro,5,2,5,Medium,Conservative normalization
china house,5,2,5,Medium,Conservative normalization
chinese bowl company,5,1,5,High,Conservative normalization
chinese delight,5,1,5,High,Conservative normalization
chinese fast food,5,3,5,Medium,Conservative normalization
chinese food corner,5,2,5,Medium,Conservative normalization
chinese food court,5,1,5,High,Conservative normalization
chinese fusion,5,3,5,Medium,Conservative normalization
chinese hawker,5,1,5,High,Conservative normalization
chinese hotspot,5,3,5,Medium,Conservative normalization
chinese house,5,1,5,High,Conservative normalization
chinese inn,5,2,4,Medium,Conservative normalization
chinese karkhana,5,1,5,High,Conservative normalization
chinese station,5,2,5,Medium,Conservative normalization
chinese street,5,1,5,High,Conservative normalization
chinese veg crunch,5,1,5,High,Conservative normalization
cloud 9,5,2,5,Medium,Conservative normalization
cocofit,5,2,5,Medium,Conservative normalization
combo box,5,2,5,Medium,Conservative normalization
courtallam border rahmath kadai,5,2,5,Medium,Conservative normalization
crazy bites,5,2,5,Medium,Conservative normalization
crazy chicken,5,2,5,Medium,Conservative normalization
crazy noodles,5,3,5,Medium,Conservative normalization
creamy heaven,5,1,5,High,Conservative normalization
creamy inn,5,1,5,High,Conservative normalization
creme berry,5,1,5,High,Conservative normalization
curry house,5,2,5,Medium,Conservative normalization
currynama by seven seas,5,2,5,Medium,Conservative normalization
da pizza hub,5,3,5,Medium,Conservative normalization
daddy s kitchen,5,3,5,Medium,Conservative normalization
dadu s,5,1,5,High,Conservative normalization
dakshin,5,1,5,High,Conservative normalization
dana pani,5,1,5,High,Conservative normalization
danny s coffee bar,5,2,5,Medium,Conservative normalization
deepak dhaba,5,2,5,Medium,Conservative normalization
delhi chaap express,5,2,5,Medium,Conservative normalization
delhi kitchen,5,1,5,High,Conservative normalization
deli2go,5,2,5,Medium,Conservative normalization
desi khana,5,1,5,High,Conservative normalization
desi paratha,5,2,5,Medium,Conservative normalization
desi pizza,5,3,5,Medium,Conservative normalization
desi swaad,5,2,5,Medium,Conservative normalization
domnik pizza,5,3,5,Medium,Conservative normalization
donut hubb,5,3,5,Medium,Conservative normalization
dosa in,5,3,5,Medium,Conservative normalization
dosa planet,5,1,4,High,Conservative normalization
dosa point,5,1,5,High,Conservative normalization
dosa street,5,1,5,High,Conservative normalization
dosawala,5,2,5,Medium,Conservative normalization
double roti,5,1,5,High,Conservative normalization
down town cafe,5,4,5,Medium,Conservative normalization
dr bubbles,5,3,5,Medium,Conservative normalization
dr gelato,5,1,5,High,Conservative normalization
dragon hut,5,2,5,Medium,Conservative normalization
drnk lab,5,4,5,Medium,Conservative normalization
dubai shawarma,5,3,5,Medium,Conservative normalization
dum biryani,5,2,5,Medium,Conservative normalization
eat more,5,3,5,Medium,Conservative normalization
express by abs,5,3,5,Medium,Conservative normalization
falhari a fruitful habit,5,2,5,Medium,Conservative normalization
falooda nation,5,1,5,High,Conservative normalization
farzi cafe,5,1,5,High,Conservative normalization
fast and fresh,5,3,5,Medium,Conservative normalization
fasta pizza,5,1,5,High,Conservative normalization
fat belly,5,1,5,High,Conservative normalization
firangi falooda,5,2,5,Medium,Conservative normalization
five star chicken and kolihut,5,4,5,Medium,Conservative normalization
flavours of punjab,5,3,5,Medium,Conservative normalization
flyingkombucha,5,1,5,High,Conservative normalization
food 99,5,3,5,Medium,Conservative normalization
food circle,5,2,5,Medium,Conservative normalization
food club,5,2,5,Medium,Conservative normalization
food garage,5,3,5,Medium,Conservative normalization
food hut,5,3,5,Medium,Conservative normalization
food mania,5,2,5,Medium,Conservative normalization
food mistri,5,3,5,Medium,Conservative normalization
food singh taste of punjab,5,3,5,Medium,Conservative normalization
food square,5,2,5,Medium,Conservative normalization
food studio,5,2,5,Medium,Conservative normalization
food village,5,3,5,Medium,Conservative normalization
food way,5,3,5,Medium,Conservative normalization
foodaholic,5,2,5,Medium,Conservative normalization
foodicted,5,2,5,Medium,Conservative normalization
foodies adda,5,2,5,Medium,Conservative normalization
foodies point,5,3,5,Medium,Conservative normalization
foodish daily chaska,5,1,5,High,Conservative normalization
frespresso,5,2,5,Medium,Conservative normalization
friends restaurant,5,2,5,Medium,Conservative normalization
frosty crumble,5,1,5,High,Conservative normalization
fullon punjab,5,1,5,High,Conservative normalization
fusion biryani,5,1,5,High,Conservative normalization
geetham veg restaurant,5,1,5,High,Conservative normalization
ghar ka dabba 69,5,1,5,High,Conservative normalization
global punjab,5,1,5,High,Conservative normalization
glocal bhoj,5,1,5,High,Conservative normalization
gokul restaurant,5,2,5,Medium,Conservative normalization
gola sizzlers,5,2,5,Medium,Conservative normalization
golden bakery,5,2,5,Medium,Conservative normalization
golden spoon,5,1,5,High,Conservative normalization
good flippin burgers,5,1,5,High,Conservative normalization
handi biryani,5,2,5,Medium,Conservative normalization
haribhavanam,5,2,5,Medium,Conservative normalization
harley s fine baking,5,1,5,High,Conservative normalization
hashtag pizza,5,3,5,Medium,Conservative normalization
hasty tasty,5,3,5,Medium,Conservative normalization
hatari,5,1,5,High,Conservative normalization
healing rice bowls,5,1,5,High,Conservative normalization
healthy beverages by adigas,5,1,5,High,Conservative normalization
henry havaldar,5,1,5,High,Conservative normalization
him cream,5,1,5,High,Conservative normalization
home made food,5,3,5,Medium,Conservative normalization
home made foods,5,3,5,Medium,Conservative normalization
hoppipola,5,1,5,High,Conservative normalization
hot and crispy,5,4,5,Medium,Conservative normalization
hot and fresh,5,4,5,Medium,Conservative normalization
hot n cool,5,4,5,Medium,Conservative normalization
hot pan,5,2,5,Medium,Conservative normalization
hot pizza,5,1,5,High,Conservative normalization
hotel akshaya,5,2,5,Medium,Conservative normalization
hotel bilal,5,2,5,Medium,Conservative normalization
hotel crescent,5,1,5,High,Conservative normalization
hotel jagdamb,5,2,5,Medium,Conservative normalization
hotel maharaja,5,2,5,Medium,Conservative normalization
hotel royal,5,2,5,Medium,Conservative normalization
hotel sitara grand dhanturi group of hotels,5,1,5,High,Conservative normalization
hotel swagath grand dhanturi group of hotels,5,1,5,High,Conservative normalization
hotel swaraj,5,2,5,Medium,Conservative normalization
hotel vasantham,5,2,5,Medium,Conservative normalization
house of commons,5,3,5,Medium,Conservative normalization
house of momos,5,4,5,Medium,Conservative normalization
hunger hackers,5,2,5,Medium,Conservative normalization
hungry birds,5,2,5,Medium,Conservative normalization
hungry helpers,5,2,5,Medium,Conservative normalization
hungry hub,5,2,5,Medium,Conservative normalization
hungry panda,5,2,5,Medium,Conservative normalization
hungry tummy,5,2,5,Medium,Conservative normalization
hyderabad biriyani hotel,5,2,5,Medium,Conservative normalization
hyderabadi bawarchi,5,2,5,Medium,Conservative normalization
ice pice shakes and sundaes,5,1,5,High,Conservative normalization
icy spicy,5,1,5,High,Conservative normalization
ifc,5,1,5,High,Conservative normalization
imly,5,2,5,Medium,Conservative normalization
in between,5,2,5,Medium,Conservative normalization
indian biryani house,5,3,5,Medium,Conservative normalization
indian cafe,5,2,5,Medium,Conservative normalization
indian rasoi,5,2,5,Medium,Conservative normalization
indian tadka,5,2,5,Medium,Conservative normalization
indulge ice cream by almond house,5,1,5,High,Conservative normalization
jalpaan,5,1,5,High,Conservative normalization
jiang pure veg chinese,5,2,5,Medium,Conservative normalization
jj bakers,5,1,5,High,Conservative normalization
jodhpur sweets,5,2,5,Medium,Conservative normalization
jonah s bistro,5,1,5,High,Conservative normalization
juice park,5,2,5,Medium,Conservative normalization
juice world,5,3,5,Medium,Conservative normalization
kaapi n more,5,2,5,Medium,Conservative normalization
kalyan bhel,5,3,5,Medium,Conservative normalization
kanti bakes and flakes,5,2,5,Medium,Conservative normalization
katakirrr misal,5,1,5,High,Conservative normalization
kebab e khwaish,5,1,5,High,Conservative normalization
khadak singh da dhaba,5,1,5,High,Conservative normalization
khatta meetha,5,2,5,Medium,Conservative normalization
king of chinese,5,3,5,Medium,Conservative normalization
kings pizza,5,2,5,Medium,Conservative normalization
knight bite,5,2,5,Medium,Conservative normalization
kolapasi,5,2,5,Medium,Conservative normalization
kolkata biryani house,5,2,5,Medium,Conservative normalization
kolkata roll,5,2,5,Medium,Conservative normalization
kookie jar,5,1,5,High,Conservative normalization
kota kachori and falahaar,5,1,5,High,Conservative normalization
krishna sweets and snacks,5,3,5,Medium,Conservative normalization
kulfi and more,5,4,5,Medium,Conservative normalization
kurry kingdom,5,1,5,High,Conservative normalization
laddu gopal,5,2,5,Medium,Conservative normalization
lassi and falooda co,5,2,5,Medium,Conservative normalization
lazeez restaurant,5,2,5,Medium,Conservative normalization
laziz rasoi,5,2,5,Medium,Conservative normalization
le chef,5,3,5,Medium,Conservative normalization
little bites,5,2,5,Medium,Conservative normalization
live kitchen,5,2,5,Medium,Conservative normalization
loc life of chai,5,2,5,Medium,Conservative normalization
london waffle co,5,1,5,High,Conservative normalization
lucky food court,5,3,5,Medium,Conservative normalization
lunch box factory,5,1,5,High,Conservative normalization
mad over bowls mob,5,3,5,Medium,Conservative normalization
mad over chicken,5,3,5,Medium,Conservative normalization
madrasi dosa,5,1,5,High,Conservative normalization
madurai pandiyan hotel,5,3,5,Medium,Conservative normalization
madurai sri muniyandi vilas,5,2,5,Medium,Conservative normalization
magic momos,5,2,5,Medium,Conservative normalization
marwar s,5,1,5,High,Conservative normalization
masala street,5,2,5,Medium,Conservative normalization
mayur pan house,5,1,5,High,Conservative normalization
meal for one,5,3,5,Medium,Conservative normalization
mealbox,5,1,5,High,Conservative normalization
meet and eat,5,3,5,Medium,Conservative normalization
meeting point,5,3,5,Medium,Conservative normalization
melting pot,5,1,5,High,Conservative normalization
midnight cravings,5,2,5,Medium,Conservative normalization
milkshake mafia,5,1,5,High,Conservative normalization
millets made tasty,5,1,5,High,Conservative normalization
mini punjab,5,2,5,Medium,Conservative normalization
mom s bakery,5,3,5,Medium,Conservative normalization
momo,5,3,5,Medium,Conservative normalization
momo g,5,2,5,Medium,Conservative normalization
momo mania,5,1,5,High,Conservative normalization
momo mia,5,2,5,Medium,Conservative normalization
momo mom by oriental mom,5,1,5,High,Conservative normalization
momo s king,5,2,5,Medium,Conservative normalization
momomia,5,2,5,Medium,Conservative normalization
momories,5,2,5,Medium,Conservative normalization
momos adda,5,3,5,Medium,Conservative normalization
moms magic,5,2,5,Medium,Conservative normalization
moolchand chur chur naan and paratha since 1979,5,1,5,High,Conservative normalization
mothers kitchen,5,3,5,Medium,Conservative normalization
mozza,5,2,5,Medium,Conservative normalization
mr noodles,5,2,5,Medium,Conservative normalization
mr pizza,5,4,5,Medium,Conservative normalization
mr pulao,5,3,5,Medium,Conservative normalization
mr samosa,5,2,5,Medium,Conservative normalization
mr tandoor,5,4,5,Medium,Conservative normalization
muddapappu avakai com,5,2,5,Medium,Conservative normalization
mughlai biryani,5,2,5,Medium,Conservative normalization
mughlai darbar,5,2,5,Medium,Conservative normalization
mum s kitchen,5,2,5,Medium,Conservative normalization
mummy ki rasoi,5,2,5,Medium,Conservative normalization
murthal xpress,5,1,5,High,Conservative normalization
myfroyoland frozen yogurt,5,1,5,High,Conservative normalization
mymate,5,1,5,High,Conservative normalization
nagarjuna,5,1,5,High,Conservative normalization
nagpal chole bhature,5,2,5,Medium,Conservative normalization
nagpal s chole bhature,5,2,5,Medium,Conservative normalization
namak,5,1,5,High,Conservative normalization
namaste india,5,3,5,Medium,Conservative normalization
nasi and mee,5,2,5,Medium,Conservative normalization
nathu s sweets,5,1,5,High,Conservative normalization
nayi dilli ke paranthe,5,2,5,Medium,Conservative normalization
new delhi sweets,5,1,5,High,Conservative normalization
new pizza king,5,2,5,Medium,Conservative normalization
new poona bakery,5,2,5,Medium,Conservative normalization
new york churros co,5,1,5,High,Conservative normalization
ni hao,5,2,5,Medium,Conservative normalization
ninja momos,5,2,5,Medium,Conservative normalization
nizam s kathi kabab,5,1,5,High,Conservative normalization
nukkad cafe,5,2,5,Medium,Conservative normalization
nutriobox,5,1,5,High,Conservative normalization
nysf burgers,5,1,5,High,Conservative normalization
obvsly gelato,5,2,5,Medium,Conservative normalization
ocean cake,5,2,5,Medium,Conservative normalization
oh my grill,5,3,5,Medium,Conservative normalization
orange wok,5,2,5,Medium,Conservative normalization
oriental mom,5,1,5,High,Conservative normalization
pabrai s fresh and naturelle ice creams,5,3,5,Medium,Conservative normalization
pakwan restaurant,5,1,5,High,Conservative normalization
pancake lounge,5,2,5,Medium,Conservative normalization
pancakes by knight bite,5,1,5,High,Conservative normalization
panino the sandwich world,5,1,5,High,Conservative normalization
panjabi tadka,5,1,5,High,Conservative normalization
papa pizza,5,1,5,High,Conservative normalization
paradise biryani house,5,3,5,Medium,Conservative normalization
parathas and more,5,2,5,Medium,Conservative normalization
parathe wali gali,5,1,5,High,Conservative normalization
pasta la vista,5,1,5,High,Conservative normalization
pastawallah,5,1,5,High,Conservative normalization
pathaan sir,5,1,5,High,Conservative normalization
peetuk,5,2,5,Medium,Conservative normalization
pind punjab,5,2,5,Medium,Conservative normalization
pink panther,5,1,5,High,Conservative normalization
pirates of grill,5,2,5,Medium,Conservative normalization
pista house bakery,5,1,5,High,Conservative normalization
pizza burst,5,2,5,Medium,Conservative normalization
pizza expert,5,3,5,Medium,Conservative normalization
pizza heart,5,1,5,High,Conservative normalization
pizza in,5,3,5,Medium,Conservative normalization
pizza italia,5,1,5,High,Conservative normalization
pizza land,5,2,5,Medium,Conservative normalization
pizza master,5,1,5,High,Conservative normalization
pizza park,5,3,5,Medium,Conservative normalization
pizza pie,5,2,5,Medium,Conservative normalization
pizza planet,5,1,5,High,Conservative normalization
pizza punjabi,5,1,5,High,Conservative normalization
pizza ricotta,5,2,5,Medium,Conservative normalization
pizzaexpress,5,1,5,High,Conservative normalization
platform 65,5,2,5,Medium,Conservative normalization
poetry by love and cheesecake,5,2,5,Medium,Conservative normalization
polar bear the ice cream sundae zone,5,1,5,High,Conservative normalization
pop tate s,5,1,5,High,Conservative normalization
pralines and cream,5,4,5,Medium,Conservative normalization
prince fast food,5,2,5,Medium,Conservative normalization
prince restaurant,5,2,5,Medium,Conservative normalization
punjab di rasoi,5,2,5,Medium,Conservative normalization
punjabi affair,5,1,5,High,Conservative normalization
punjabi bites,5,2,5,Medium,Conservative normalization
punjabi grill,5,2,5,Medium,Conservative normalization
punjabi paratha house,5,1,5,High,Conservative normalization
quality restaurant,5,1,5,High,Conservative normalization
radha ki rasoi,5,3,5,Medium,Conservative normalization
raj restaurant,5,1,5,High,Conservative normalization
rangla punjab,5,2,5,Medium,Conservative normalization
rasoee,5,1,5,High,Conservative normalization
rasoi restaurant,5,1,5,High,Conservative normalization
rayalaseema ruchulu,5,2,5,Medium,Conservative normalization
red dragon,5,2,5,Medium,Conservative normalization
relax pure veg,5,1,5,High,Conservative normalization
rock and roll,5,5,5,Medium,Conservative normalization
rolls club,5,3,5,Medium,Conservative normalization
rolls nation,5,3,5,Medium,Conservative normalization
rolls queen,5,3,5,Medium,Conservative normalization
rolls tiger,5,2,5,Medium,Conservative normalization
rose milk factory,5,2,5,Medium,Conservative normalization
roti wala,5,3,5,Medium,Conservative normalization
royal bites,5,2,5,Medium,Conservative normalization
royal dhaba,5,3,5,Medium,Conservative normalization
royal family restaurant,5,1,5,High,Conservative normalization
royal fast food,5,2,5,Medium,Conservative normalization
royal rasoi,5,1,5,High,Conservative normalization
rushhrs,5,1,5,High,Conservative normalization
sadda adda,5,2,5,Medium,Conservative normalization
sadda punjab,5,2,5,Medium,Conservative normalization
sai restaurant,5,1,5,High,Conservative normalization
saladify,5,2,5,Medium,Conservative normalization
salt n spice,5,3,5,Medium,Conservative normalization
sampradaya foods,5,2,5,Medium,Conservative normalization
sandwich club,5,3,5,Medium,Conservative normalization
sandwich corner,5,2,5,Medium,Conservative normalization
sandwich guru,5,1,5,High,Conservative normalization
sandwich king,5,3,5,Medium,Conservative normalization
sandwich square,5,2,5,Medium,Conservative normalization
sankalp restaurant,5,1,5,High,Conservative normalization
santosh dhaba exclusive,5,1,5,High,Conservative normalization
saravana bhavan,5,2,5,Medium,Conservative normalization
sardarji malai chaap wale,5,3,5,Medium,Conservative normalization
saucy wok,5,1,5,High,Conservative normalization
savoury sea shell,5,1,5,High,Conservative normalization
say noodles,5,2,5,Medium,Conservative normalization
schezwan hub,5,1,5,High,Conservative normalization
scoops ice cream,5,4,5,Medium,Conservative normalization
second wife,5,2,5,Medium,Conservative normalization
shahi rasoi,5,2,5,Medium,Conservative normalization
shake it up,5,2,5,Medium,Conservative normalization
shake studio,5,2,5,Medium,Conservative normalization
shakes,5,5,5,Medium,Conservative normalization
shakespear,5,2,5,Medium,Conservative normalization
shanghai chillies,5,2,5,Medium,Conservative normalization
shanthi sagar,5,2,5,Medium,Conservative normalization
shawarma buzz,5,2,5,Medium,Conservative normalization
shawarma factory,5,2,5,Medium,Conservative normalization
shawarma inn,5,3,5,Medium,Conservative normalization
shawarma point,5,4,5,Medium,Conservative normalization
shawarma time,5,2,5,Medium,Conservative normalization
shawarma zone,5,2,5,Medium,Conservative normalization
sher a punjaab legendry since 1979,5,2,5,Medium,Conservative normalization
shere punjab,5,1,5,High,Conservative normalization
shivam restaurant,5,2,5,Medium,Conservative normalization
shree janta ice cream,5,2,5,Medium,Conservative normalization
shree rathnam,5,1,5,High,Conservative normalization
shree restaurant,5,1,5,High,Conservative normalization
shri balaajee bhavan,5,1,5,High,Conservative normalization
shri ganesh bhavan,5,2,5,Medium,Conservative normalization
singh dhaba,5,1,5,High,Conservative normalization
skfc,5,1,5,High,Conservative normalization
slice,5,1,5,High,Conservative normalization
slice of heaven,5,2,5,Medium,Conservative normalization
snakkers,5,2,5,Medium,Conservative normalization
souffle cake shop,5,1,5,High,Conservative normalization
south kitchen,5,2,5,Medium,Conservative normalization
southly healthy,5,1,5,High,Conservative normalization
soya chaap house,5,2,5,Medium,Conservative normalization
spice kitchen,5,3,5,Medium,Conservative normalization
spice market premium kebab experience,5,1,5,High,Conservative normalization
spice n ice,5,1,5,High,Conservative normalization
spice up,5,2,5,Medium,Conservative normalization
spicy dragon,5,4,5,Medium,Conservative normalization
spicy hut,5,3,5,Medium,Conservative normalization
spicy tadka,5,1,5,High,Conservative normalization
sree annapoorna,5,1,5,High,Conservative normalization
sree annapoorna sweets and savouries,5,1,5,High,Conservative normalization
sri krishna sagar,5,2,5,Medium,Conservative normalization
sri sai cafe,5,2,5,Medium,Conservative normalization
sri santosh family dhaba,5,1,5,High,Conservative normalization
sri udupi grand,5,2,5,Medium,Conservative normalization
ss kitchen,5,3,5,Medium,Conservative normalization
star bakery,5,2,5,Medium,Conservative normalization
star cafe,5,2,5,Medium,Conservative normalization
star kitchen,5,3,5,Medium,Conservative normalization
sun shine cake,5,3,5,Medium,Conservative normalization
super chai,5,1,5,High,Conservative normalization
super star haji biryani,5,2,5,Medium,Conservative normalization
susie s burgers,5,1,5,High,Conservative normalization
swad punjab da,5,4,5,Medium,Conservative normalization
swastik pure veg,5,2,5,Medium,Conservative normalization
sweet magic,5,2,5,Medium,Conservative normalization
taiki,5,1,5,High,Conservative normalization
taj biryani,5,3,5,Medium,Conservative normalization
take a break,5,3,5,Medium,Conservative normalization
tandoor house,5,2,5,Medium,Conservative normalization
tandoori dhaba,5,1,5,High,Conservative normalization
tandoori flames,5,3,5,Medium,Conservative normalization
tandoori house,5,2,5,Medium,Conservative normalization
tandoori hub,5,2,5,Medium,Conservative normalization
tandoori hut,5,1,4,High,Conservative normalization
taste of biryani,5,3,5,Medium,Conservative normalization
tasty bite,5,3,5,Medium,Conservative normalization
tasty momos,5,1,5,High,Conservative normalization
tasty point,5,1,5,High,Conservative normalization
teabon foods,5,1,5,High,Conservative normalization
tempteys,5,1,5,High,Conservative normalization
tempting churros,5,2,5,Medium,Conservative normalization
test and you,5,3,5,Medium,Conservative normalization
tfc,5,2,5,Medium,Conservative normalization
thali com,5,2,5,Medium,Conservative normalization
thali master,5,3,5,Medium,Conservative normalization
thali wala,5,2,5,Medium,Conservative normalization
the belgian waffle cafe,5,3,5,Medium,Conservative normalization
the bengal club,5,2,5,Medium,Conservative normalization
the biryani bowl,5,2,5,Medium,Conservative normalization
the biryani inc,5,2,5,Medium,Conservative normalization
the bread basket,5,2,5,Medium,Conservative normalization
the burger factory,5,1,5,High,Conservative normalization
the burger project,5,1,5,High,Conservative normalization
the cake gallery,5,2,5,Medium,Conservative normalization
the cake shop,5,2,5,Medium,Conservative normalization
the cake studio,5,2,5,Medium,Conservative normalization
the chaap factory,5,1,5,High,Conservative normalization
the chinese wok,5,1,5,High,Conservative normalization
the d pizza,5,1,5,High,Conservative normalization
the dhaba,5,2,5,Medium,Conservative normalization
the flavours,5,2,5,Medium,Conservative normalization
the food dude,5,2,5,Medium,Conservative normalization
the food villa,5,2,5,Medium,Conservative normalization
the food zone,5,2,5,Medium,Conservative normalization
the foodies,5,1,5,High,Conservative normalization
the golden spoon,5,3,5,Medium,Conservative normalization
the golden thali,5,1,5,High,Conservative normalization
the greedy man pizzeria,5,1,5,High,Conservative normalization
the hideout cafe,5,3,5,Medium,Conservative normalization
the hunger box,5,3,5,Medium,Conservative normalization
the irish house,5,1,5,High,Conservative normalization
the j,5,1,5,High,Conservative normalization
the liege waffles,5,1,5,High,Conservative normalization
the london shakes and cafe,5,3,5,Medium,Conservative normalization
the patiala house,5,2,5,Medium,Conservative normalization
the pizza central,5,2,5,Medium,Conservative normalization
the pizza corner,5,4,5,Medium,Conservative normalization
the pizza dine,5,2,5,Medium,Conservative normalization
the pizza pie,5,2,5,Medium,Conservative normalization
the pizza slice,5,2,5,Medium,Conservative normalization
the punjabi kitchen,5,3,5,Medium,Conservative normalization
the roll factory by sanjha chulha,5,1,5,High,Conservative normalization
the royal cafe,5,2,5,Medium,Conservative normalization
the secret kitchen,5,2,5,Medium,Conservative normalization
the shawarma spot,5,2,5,Medium,Conservative normalization
the sugarr and spice,5,1,5,High,Conservative normalization
the veggie thali,5,1,5,High,Conservative normalization
the waffling station,5,1,5,High,Conservative normalization
tibb s frankie serving rolls since 1969,5,1,5,High,Conservative normalization
tinku s,5,1,5,High,Conservative normalization
top in town,5,3,5,Medium,Conservative normalization
trio la patisserie,5,4,5,Medium,Conservative normalization
tude premium ice creams,5,1,5,High,Conservative normalization
twinkle dipz,5,1,5,High,Conservative normalization
udta punjab,5,2,5,Medium,Conservative normalization
uncle s chinese,5,2,5,Medium,Conservative normalization
urban kitchen,5,2,5,Medium,Conservative normalization
vaishnavi foods,5,2,5,Medium,Conservative normalization
varalakshmi tiffins,5,2,5,Medium,Conservative normalization
veg luv bowl,5,1,5,High,Conservative normalization
veg potli,5,1,5,High,Conservative normalization
vegetarian bawarchi,5,1,5,High,Conservative normalization
vrindavan restaurant,5,1,5,High,Conservative normalization
waffle dreams,5,3,5,Medium,Conservative normalization
waffle party,5,1,5,High,Conservative normalization
warmoven cake and desserts,5,1,5,High,Conservative normalization
wat a thali,5,2,5,Medium,Conservative normalization
what a pizza,5,3,5,Medium,Conservative normalization
white cub,5,1,5,High,Conservative normalization
wood fire pizza,5,3,5,Medium,Conservative normalization
wow kitchen,5,2,5,Medium,Conservative normalization
writer s cafe,5,1,5,High,Conservative normalization
xo belgian waffle,5,3,5,Medium,Conservative normalization
yadav dhaba,5,1,5,High,Conservative normalization
yeti the himalayan kitchen,5,1,5,High,Conservative normalization
yummy foods,5,4,5,Medium,Conservative normalization
yummy kitchen,5,3,5,Medium,Conservative normalization
zam zam biryani,5,3,5,Medium,Conservative normalization
1522 the pub,4,1,4,High,Conservative normalization
51 rainbow ice cream,4,1,4,High,Conservative normalization
69 dackers lane,4,1,4,High,Conservative normalization
99,4,3,4,Medium,Conservative normalization
a one chicken biryani corner,4,3,4,Medium,Conservative normalization
a one fast food,4,3,4,Medium,Conservative normalization
aaoji khaoji,4,2,4,Medium,Conservative normalization
ab food paradise,4,1,4,High,Conservative normalization
ab s kitchen,4,3,4,Medium,Conservative normalization
agarwal sweets,4,2,4,Medium,Conservative normalization
aggarwal sweets and restaurant,4,4,4,Medium,Conservative normalization
agrawal sweets,4,2,4,Medium,Conservative normalization
ah so yum,4,1,4,High,Conservative normalization
aha baangali,4,1,4,High,Conservative normalization
akkad bakkad bombay boo,4,1,4,High,Conservative normalization
al baik restaurant,4,3,4,Medium,Conservative normalization
al baik world,4,3,4,Medium,Conservative normalization
al taj,4,4,4,Medium,Conservative normalization
al zam zam,4,1,4,High,Conservative normalization
albaik,4,2,4,Medium,Conservative normalization
all day breakfast,4,2,4,Medium,Conservative normalization
alvin pizza,4,2,4,Medium,Conservative normalization
am2pm,4,2,4,Medium,Conservative normalization
amaravathi restaurant,4,2,4,Medium,Conservative normalization
ambarsariya,4,1,4,High,Conservative normalization
ambur biriyani house,4,2,4,Medium,Conservative normalization
ambur briyani,4,2,4,Medium,Conservative normalization
ambur hot dum biryani,4,2,4,Medium,Conservative normalization
amma mess,4,2,4,Medium,Conservative normalization
amore gelato,4,2,4,Medium,Conservative normalization
amritsari express,4,2,4,Medium,Conservative normalization
amritsari junction,4,2,4,Medium,Conservative normalization
amritsari kulcha,4,2,4,Medium,Conservative normalization
amritsari kulcha hub,4,2,4,Medium,Conservative normalization
amul,4,1,4,High,Conservative normalization
anand ankurwala,4,1,4,High,Conservative normalization
anand fast food,4,2,4,Medium,Conservative normalization
anand restaurant,4,2,4,Medium,Conservative normalization
anandam,4,1,4,High,Conservative normalization
andhra bhojanam,4,3,4,Medium,Conservative normalization
andhra mess,4,2,4,Medium,Conservative normalization
angithi,4,1,4,High,Conservative normalization
anita s kitchen,4,2,4,Medium,Conservative normalization
anna vada,4,2,4,Medium,Conservative normalization
anupam restaurant,4,2,4,Medium,Conservative normalization
anupam sweets,4,2,4,Medium,Conservative normalization
any time cake,4,2,4,Medium,Conservative normalization
apna hotel,4,2,4,Medium,Conservative normalization
apna restaurant,4,2,4,Medium,Conservative normalization
arabian grills,4,2,4,Medium,Conservative normalization
arabian shawarma,4,2,4,Medium,Conservative normalization
arcot biriyani,4,2,4,Medium,Conservative normalization
aroma,4,2,4,Medium,Conservative normalization
aroma restaurant,4,1,4,High,Conservative normalization
aromas of pind,4,2,4,Medium,Conservative normalization
arun ice creams,4,1,4,High,Conservative normalization
arun icecreams,4,2,4,Medium,Conservative normalization
arya bhavan,4,1,4,High,Conservative normalization
ashoka restaurant,4,1,4,High,Conservative normalization
asian fusion,4,2,4,Medium,Conservative normalization
aunty s kitchen,4,3,4,Medium,Conservative normalization
awadhi biryani,4,3,4,Medium,Conservative normalization
b burger,4,1,4,High,Conservative normalization
b cafe,4,3,4,Medium,Conservative normalization
b for biryani,4,2,4,Medium,Conservative normalization
b13 food court,4,2,4,Medium,Conservative normalization
baba biryani,4,2,4,Medium,Conservative normalization
baba chicken,4,3,4,Medium,Conservative normalization
baba chicken ludhiana wale,4,2,4,Medium,Conservative normalization
baba hotel,4,2,4,Medium,Conservative normalization
babai hotel,4,2,4,Medium,Conservative normalization
badshahi biryani,4,2,4,Medium,Conservative normalization
bake fresh,4,3,4,Medium,Conservative normalization
bake house,4,2,4,Medium,Conservative normalization
bake king,4,2,4,Medium,Conservative normalization
baked by ninis,4,1,4,High,Conservative normalization
bakeology,4,2,4,Medium,Conservative normalization
bakery point,4,2,3,Medium,Conservative normalization
balaji mess,4,2,4,Medium,Conservative normalization
balaji pure veg,4,2,4,Medium,Conservative normalization
bamboo biryani,4,1,4,High,Conservative normalization
bamboo house,4,1,4,High,Conservative normalization
banashankari donne biryani,4,1,4,High,Conservative normalization
bangaliana,4,2,4,Medium,Conservative normalization
bangalore iyangar s bakery,4,3,4,Medium,Conservative normalization
bangalore iyengar bakery,4,3,4,Medium,Conservative normalization
bangkok bae,4,1,4,High,Conservative normalization
barbequeen restaurant,4,1,4,High,Conservative normalization
barcenos pizza,4,2,4,Medium,Conservative normalization
bathinda junction,4,1,4,High,Conservative normalization
bawarchi biryani,4,3,4,Medium,Conservative normalization
bbq mafia,4,1,4,High,Conservative normalization
bella ciao,4,2,4,Medium,Conservative normalization
bengali restaurant,4,3,4,Medium,Conservative normalization
best bakers,4,2,4,Medium,Conservative normalization
between the bread,4,2,4,Medium,Conservative normalization
bharat biryani,4,2,4,Medium,Conservative normalization
bhojan,4,2,4,Medium,Conservative normalization
bhole chature,4,3,4,Medium,Conservative normalization
bhookemon,4,1,4,High,Conservative normalization
bhookh,4,2,4,Medium,Conservative normalization
bhookh lagi,4,1,4,High,Conservative normalization
bhuri bhoj,4,2,4,Medium,Conservative normalization
big fat burger,4,2,4,Medium,Conservative normalization
big mishra pedha,4,2,4,Medium,Conservative normalization
big pizza,4,1,4,High,Conservative normalization
big sandwich,4,1,4,High,Conservative normalization
big yellow door,4,1,4,High,Conservative normalization
bijoli grill,4,1,4,High,Conservative normalization
birdy s cake shop,4,1,4,High,Conservative normalization
biriyani factory,4,2,4,Medium,Conservative normalization
birthday cakes,4,1,4,High,Conservative normalization
biryani 99,4,3,4,Medium,Conservative normalization
biryani brothers,4,2,4,Medium,Conservative normalization
biryani company,4,2,4,Medium,Conservative normalization
biryani e sukoon,4,1,4,High,Conservative normalization
biryani empire,4,1,4,High,Conservative normalization
biryani heaven,4,1,4,High,Conservative normalization
biryani on wheels powered by 4 seasons,4,1,4,High,Conservative normalization
biryani station,4,2,4,Medium,Conservative normalization
biryani tales,4,2,4,Medium,Conservative normalization
biryani wale,4,2,3,Medium,Conservative normalization
bismillah biryani point,4,3,4,Medium,Conservative normalization
bismillah restaurant,4,1,4,High,Conservative normalization
bittu da dhaba,4,1,4,High,Conservative normalization
blue berry,4,2,4,Medium,Conservative normalization
blue moon,4,3,4,Medium,Conservative normalization
bollywood spice,4,2,4,Medium,Conservative normalization
bombay 2 delhi,4,2,4,Medium,Conservative normalization
bombay burgers,4,1,4,High,Conservative normalization
bon pizza,4,1,4,High,Conservative normalization
bowld,4,2,4,Medium,Conservative normalization
box 69,4,1,4,High,Conservative normalization
bread box,4,2,4,Medium,Conservative normalization
bread n butter,4,3,4,Medium,Conservative normalization
brew bakes,4,1,4,High,Conservative normalization
brgrmeister,4,2,4,Medium,Conservative normalization
brijwasi bakery,4,2,4,Medium,Conservative normalization
broccoli pizza and pasta,4,1,4,High,Conservative normalization
brother s kitchen,4,4,4,Medium,Conservative normalization
brothers cafe,4,2,4,Medium,Conservative normalization
brown baking company,4,2,4,Medium,Conservative normalization
brown bear,4,2,4,Medium,Conservative normalization
bucket biryani,4,1,4,High,Conservative normalization
buddha bites,4,1,4,High,Conservative normalization
buffalo wild wings,4,2,4,Medium,Conservative normalization
burger 69 and more,4,1,4,High,Conservative normalization
burger bistro,4,3,4,Medium,Conservative normalization
burger bruhh,4,2,4,Medium,Conservative normalization
burger buddy,4,2,4,Medium,Conservative normalization
burger delight,4,2,4,Medium,Conservative normalization
burger zone,4,2,4,Medium,Conservative normalization
burgerhaus gourmet burgers,4,1,4,High,Conservative normalization
butter singh,4,1,4,High,Conservative normalization
cafe 9,4,3,4,Medium,Conservative normalization
cafe arabia,4,1,4,High,Conservative normalization
cafe bollywood,4,1,4,High,Conservative normalization
cafe connect,4,2,4,Medium,Conservative normalization
cafe connection,4,1,4,High,Conservative normalization
cafe crush,4,2,4,Medium,Conservative normalization
cafe hideout,4,2,4,Medium,Conservative normalization
cafe mezzuna,4,1,4,High,Conservative normalization
cafe momos,4,1,4,High,Conservative normalization
cafe pizza bites,4,2,4,Medium,Conservative normalization
cafeteria and co,4,3,4,Medium,Conservative normalization
cake any time,4,1,4,High,Conservative normalization
cake basket,4,1,4,High,Conservative normalization
cake celebration,4,2,4,Medium,Conservative normalization
cake com,4,3,4,Medium,Conservative normalization
cake culture,4,1,4,High,Conservative normalization
cake eggless,4,1,4,High,Conservative normalization
cake innovation,4,2,4,Medium,Conservative normalization
cake land,4,2,4,Medium,Conservative normalization
cake links,4,1,4,High,Conservative normalization
cake makers,4,1,4,High,Conservative normalization
cake me away,4,2,4,Medium,Conservative normalization
cake menu,4,2,4,Medium,Conservative normalization
cake my day,4,2,4,Medium,Conservative normalization
cake super,4,2,4,Medium,Conservative normalization
cakes,4,2,4,Medium,Conservative normalization
cakes and co,4,2,4,Medium,Conservative normalization
cakes club com,4,1,4,High,Conservative normalization
cakes n cakes,4,1,4,High,Conservative normalization
cakesmith,4,2,4,Medium,Conservative normalization
cakewalk,4,2,4,Medium,Conservative normalization
call me chow,4,2,4,Medium,Conservative normalization
capsicum,4,2,4,Medium,Conservative normalization
celebrations,4,1,4,High,Conservative normalization
cfc,4,1,4,High,Conservative normalization
cfc crispy fried chicken,4,4,4,Medium,Conservative normalization
chaat adda,4,2,4,Medium,Conservative normalization
chaat cafe,4,3,4,Medium,Conservative normalization
chaat chatore,4,2,4,Medium,Conservative normalization
chaat paavlian,4,1,4,High,Conservative normalization
chai adda,4,2,4,Medium,Conservative normalization
chai glass,4,2,4,Medium,Conservative normalization
chai lije,4,3,4,Medium,Conservative normalization
chai pe charcha,4,2,4,Medium,Conservative normalization
chakh le india,4,2,4,Medium,Conservative normalization
chalu chinese,4,2,4,Medium,Conservative normalization
chalu momo,4,2,4,Medium,Conservative normalization
champaran meat,4,2,4,Medium,Conservative normalization
chan su chinese,4,1,4,High,Conservative normalization
chandni chowk 2 bangalore,4,1,4,High,Conservative normalization
charcoal,4,2,4,Medium,Conservative normalization
chawla s tandoori junction,4,1,4,High,Conservative normalization
cheers partner,4,2,4,Medium,Conservative normalization
cheesiaano pizza,4,2,4,Medium,Conservative normalization
cheesiano pizza,4,1,4,High,Conservative normalization
cheesy bites,4,2,4,Medium,Conservative normalization
chefs kitchen,4,2,4,Medium,Conservative normalization
chennai fast food,4,3,4,Medium,Conservative normalization
chetty s corner,4,1,4,High,Conservative normalization
chhappan bhog,4,1,4,High,Conservative normalization
chianti,4,1,4,High,Conservative normalization
chicken affair,4,1,4,High,Conservative normalization
chicken corner,4,3,4,Medium,Conservative normalization
chicken dinner,4,2,4,Medium,Conservative normalization
chicken hub,4,3,4,Medium,Conservative normalization
chicken story,4,3,4,Medium,Conservative normalization
chikeys,4,2,4,Medium,Conservative normalization
chikpet donne biriyani house,4,1,4,High,Conservative normalization
chilli flakes,4,3,4,Medium,Conservative normalization
china in a box,4,2,4,Medium,Conservative normalization
china king,4,1,4,High,Conservative normalization
china meal,4,1,4,High,Conservative normalization
china town fast food,4,2,4,Medium,Conservative normalization
china wale,4,2,4,Medium,Conservative normalization
chinese cafe,4,3,4,Medium,Conservative normalization
chinese dragon,4,3,4,Medium,Conservative normalization
chinese food express,4,2,4,Medium,Conservative normalization
chinese foodie,4,2,4,Medium,Conservative normalization
chinese gully,4,2,4,Medium,Conservative normalization
chinese katta,4,2,4,Medium,Conservative normalization
chinese pavilion,4,1,4,High,Conservative normalization
chinese world,4,1,4,High,Conservative normalization
chinese wox,4,1,4,High,Conservative normalization
chitale xpress,4,1,4,High,Conservative normalization
choice snack bar,4,1,4,High,Conservative normalization
cholan mess,4,2,4,Medium,Conservative normalization
cholley bhature punjabi oye,4,1,4,High,Conservative normalization
chow mow chinese,4,2,4,Medium,Conservative normalization
chowringhee,4,2,4,Medium,Conservative normalization
chulha chauki da dhaba,4,1,4,High,Conservative normalization
chung wah s,4,1,4,High,Conservative normalization
churrolto,4,1,4,High,Conservative normalization
cinnabon,4,1,4,High,Conservative normalization
city food,4,2,4,Medium,Conservative normalization
city pizza,4,2,4,Medium,Conservative normalization
city restaurant,4,3,4,Medium,Conservative normalization
classic rider cafe,4,2,4,Medium,Conservative normalization
club pizzeria,4,1,4,High,Conservative normalization
cocktail chakhna,4,2,4,Medium,Conservative normalization
coco fit,4,3,4,Medium,Conservative normalization
coco island,4,1,4,High,Conservative normalization
coco jaunt 1728,4,2,4,Medium,Conservative normalization
cool blog,4,2,4,Medium,Conservative normalization
courtyard by marriott,4,2,4,Medium,Conservative normalization
crazy kitchen,4,2,4,Medium,Conservative normalization
cream centre,4,2,4,Medium,Conservative normalization
creamoso,4,2,4,Medium,Conservative normalization
creamy way,4,2,4,Medium,Conservative normalization
crispy chicken,4,3,4,Medium,Conservative normalization
crown cafe,4,3,4,Medium,Conservative normalization
crust and cheese pizza,4,1,4,High,Conservative normalization
curry box,4,3,4,Medium,Conservative normalization
curry culture,4,2,4,Medium,Conservative normalization
curry kitchen,4,2,4,Medium,Conservative normalization
curry queen,4,3,4,Medium,Conservative normalization
daawat,4,2,4,Medium,Conservative normalization
daawat art of cooking,4,3,4,Medium,Conservative normalization
daawat e sultan,4,2,4,Medium,Conservative normalization
dadi ki rasoi,4,2,4,Medium,Conservative normalization
daily dose,4,1,4,High,Conservative normalization
dal chini,4,1,4,High,Conservative normalization
dal rotti,4,1,4,High,Conservative normalization
dalchini,4,2,4,Medium,Conservative normalization
darbar restaurant,4,2,4,Medium,Conservative normalization
darun99,4,2,4,Medium,Conservative normalization
daryaganj by the inventors of butter chicken and dal makhani,4,1,4,High,Conservative normalization
dasaprakash,4,2,3,Medium,Conservative normalization
davanagere benne dose,4,3,4,Medium,Conservative normalization
davara coffee,4,1,4,High,Conservative normalization
deja bowl,4,1,4,High,Conservative normalization
delhi belly,4,3,4,Medium,Conservative normalization
delhi dhaba,4,1,4,High,Conservative normalization
delhi tadka,4,1,4,High,Conservative normalization
delicacy,4,1,4,High,Conservative normalization
delicious biryani,4,2,4,Medium,Conservative normalization
delicious fast food,4,4,4,Medium,Conservative normalization
delight pizza,4,3,4,Medium,Conservative normalization
denzong kitchen,4,1,4,High,Conservative normalization
desi chai wala,4,3,4,Medium,Conservative normalization
desi dera,4,2,4,Medium,Conservative normalization
desi grill,4,2,4,Medium,Conservative normalization
desi thaath,4,2,4,Medium,Conservative normalization
desilicious,4,2,4,Medium,Conservative normalization
desserts and more,4,2,4,Medium,Conservative normalization
dfc,4,1,4,High,Conservative normalization
dhaba chef,4,1,4,High,Conservative normalization
dhaba singh,4,1,4,High,Conservative normalization
dhabba express,4,1,4,High,Conservative normalization
dial a cake,4,2,4,Medium,Conservative normalization
diamond bakery,4,3,4,Medium,Conservative normalization
diamond hotel and restaurant,4,3,4,Medium,Conservative normalization
dil se chinese,4,1,4,High,Conservative normalization
dil se dilli,4,2,4,Medium,Conservative normalization
diy combo,4,2,4,Medium,Conservative normalization
doiwala,4,1,4,High,Conservative normalization
donne biriyanis junction,4,2,4,Medium,Conservative normalization
donne biryani mane,4,2,4,Medium,Conservative normalization
donne biryani palace,4,2,4,Medium,Conservative normalization
doodles chicken,4,1,4,High,Conservative normalization
dosa hub,4,2,4,Medium,Conservative normalization
dosa hut,4,2,4,Medium,Conservative normalization
dosa lounge,4,3,4,Medium,Conservative normalization
dosa wala,4,1,4,High,Conservative normalization
dosart,4,2,4,Medium,Conservative normalization
down town,4,2,4,Medium,Conservative normalization
downtown pizza,4,2,4,Medium,Conservative normalization
dribble,4,1,4,High,Conservative normalization
drum roll,4,1,4,High,Conservative normalization
drums of heaven,4,3,4,Medium,Conservative normalization
dvg benne dosa,4,1,4,High,Conservative normalization
eat and treat,4,3,4,Medium,Conservative normalization
eat n repeat,4,3,4,Medium,Conservative normalization
eat out,4,1,4,High,Conservative normalization
egg chef,4,2,4,Medium,Conservative normalization
ekdum biryani kebabs more,4,1,4,High,Conservative normalization
engineer s kitchen,4,2,4,Medium,Conservative normalization
enoki fresh asian kitchen,4,2,4,Medium,Conservative normalization
envee,4,1,4,High,Conservative normalization
esselate,4,2,4,Medium,Conservative normalization
estaa sweets,4,1,4,High,Conservative normalization
exotica,4,1,4,High,Conservative normalization
face cake the pastry hub,4,1,4,High,Conservative normalization
family restaurant,4,2,4,Medium,Conservative normalization
fanoos,4,1,4,High,Conservative normalization
fauji da dhaba,4,2,4,Medium,Conservative normalization
fish curry rice,4,2,4,Medium,Conservative normalization
fish n chips,4,2,4,Medium,Conservative normalization
flame on,4,3,4,Medium,Conservative normalization
flames,4,1,4,High,Conservative normalization
flavours of china,4,3,4,Medium,Conservative normalization
flavours restaurant,4,1,4,High,Conservative normalization
flower drum,4,1,4,High,Conservative normalization
fogo chettinad home,4,1,4,High,Conservative normalization
food centre,4,2,4,Medium,Conservative normalization
food delight,4,2,4,Medium,Conservative normalization
food forest,4,2,4,Medium,Conservative normalization
food funda,4,3,4,Medium,Conservative normalization
food fusion,4,2,4,Medium,Conservative normalization
food hunter,4,2,4,Medium,Conservative normalization
food lab,4,2,4,Medium,Conservative normalization
food lover,4,3,4,Medium,Conservative normalization
food mafia,4,2,4,Medium,Conservative normalization
food mantra,4,2,4,Medium,Conservative normalization
food on wheels,4,1,3,High,Conservative normalization
food paradise,4,1,4,High,Conservative normalization
food signal,4,1,4,High,Conservative normalization
food stop,4,2,4,Medium,Conservative normalization
food time,4,2,4,Medium,Conservative normalization
foodbook,4,1,4,High,Conservative normalization
foodcosta,4,2,4,Medium,Conservative normalization
foodies destination,4,2,4,Medium,Conservative normalization
foodies kitchen,4,1,4,High,Conservative normalization
foodiez hub,4,2,4,Medium,Conservative normalization
foody junction,4,2,4,Medium,Conservative normalization
for god s cake,4,1,4,High,Conservative normalization
francesco s pizzeria,4,1,4,High,Conservative normalization
fresh bake,4,3,4,Medium,Conservative normalization
fresh bite,4,2,4,Medium,Conservative normalization
fresh bites,4,2,4,Medium,Conservative normalization
fried chicken destination,4,3,4,Medium,Conservative normalization
fried kozhi,4,2,4,Medium,Conservative normalization
friends fast food,4,2,4,Medium,Conservative normalization
friends karupatti caapi,4,2,4,Medium,Conservative normalization
fries box,4,2,4,Medium,Conservative normalization
fruit bae,4,2,4,Medium,Conservative normalization
fruitbae,4,2,4,Medium,Conservative normalization
fruitfull,4,1,4,High,Conservative normalization
fryeo,4,2,4,Medium,Conservative normalization
fudge you,4,2,4,Medium,Conservative normalization
funbuzz,4,1,4,High,Conservative normalization
fusion,4,2,4,Medium,Conservative normalization
gappe vappe,4,1,4,High,Conservative normalization
garden cafe,4,1,4,High,Conservative normalization
garden fresh,4,3,4,Medium,Conservative normalization
gavkari,4,1,4,High,Conservative normalization
get desserted,4,2,4,Medium,Conservative normalization
ghar jaisa khana,4,3,4,Medium,Conservative normalization
ghar ka,4,2,4,Medium,Conservative normalization
ghar wala khana,4,1,4,High,Conservative normalization
ghee shakkar sweets and snacks,4,2,4,Medium,Conservative normalization
giani icecream,4,2,4,Medium,Conservative normalization
gismat arabic restaurant,4,3,4,Medium,Conservative normalization
go foodie,4,1,4,High,Conservative normalization
go native,4,1,4,High,Conservative normalization
gold fresh juice shop,4,1,4,High,Conservative normalization
golden spoon restaurant,4,2,4,Medium,Conservative normalization
goli vadapav,4,2,4,Medium,Conservative normalization
good bite,4,2,4,Medium,Conservative normalization
good fettle healthy ice creams,4,2,4,Medium,Conservative normalization
good food,4,2,4,Medium,Conservative normalization
gowdru hotel,4,2,4,Medium,Conservative normalization
grand hotel,4,2,4,Medium,Conservative normalization
green chilly,4,1,4,High,Conservative normalization
green crush,4,2,4,Medium,Conservative normalization
green leaf,4,2,4,Medium,Conservative normalization
green pepper,4,2,4,Medium,Conservative normalization
greenox,4,1,4,High,Conservative normalization
greenr cafe,4,1,4,High,Conservative normalization
gulab wala,4,1,4,High,Conservative normalization
haji ali,4,3,4,Medium,Conservative normalization
haji ali fresh fruit juices,4,1,4,High,Conservative normalization
hakuna matata,4,2,4,Medium,Conservative normalization
haldiram sweets and namkeen,4,1,4,High,Conservative normalization
handi biryani co,4,2,4,Medium,Conservative normalization
handi fusion,4,2,4,Medium,Conservative normalization
hangout cafe and restaurant,4,3,4,Medium,Conservative normalization
hangout cakes and more,4,1,4,High,Conservative normalization
hangries,4,1,4,High,Conservative normalization
happy da paratha,4,1,4,High,Conservative normalization
happy eats,4,1,4,High,Conservative normalization
happy hakka,4,2,4,Medium,Conservative normalization
happy hours,4,2,4,Medium,Conservative normalization
happy punjab,4,2,4,Medium,Conservative normalization
happy restaurant,4,3,4,Medium,Conservative normalization
harish bakery,4,1,4,High,Conservative normalization
havmor havfunn,4,2,4,Medium,Conservative normalization
healthy box,4,1,4,High,Conservative normalization
healthy chef,4,2,4,Medium,Conservative normalization
healthy express,4,2,4,Medium,Conservative normalization
healthy foods,4,1,4,High,Conservative normalization
healthy wealthy,4,2,4,Medium,Conservative normalization
helly and chilly cafe,4,3,4,Medium,Conservative normalization
hey foodies,4,3,4,Medium,Conservative normalization
hitchki,4,1,4,High,Conservative normalization
hitech bawarchi,4,1,4,High,Conservative normalization
hola hola waffle,4,1,4,High,Conservative normalization
home meals,4,1,4,High,Conservative normalization
homely kitchen,4,2,4,Medium,Conservative normalization
homely meals,4,1,4,High,Conservative normalization
honey bees,4,2,4,Medium,Conservative normalization
hong kong,4,1,3,High,Conservative normalization
hot and spice,4,3,4,Medium,Conservative normalization
hot chicken,4,2,4,Medium,Conservative normalization
hot pizza ace,4,1,4,High,Conservative normalization
hot pizza king,4,2,4,Medium,Conservative normalization
hot plate,4,2,4,Medium,Conservative normalization
hot spicy,4,2,4,Medium,Conservative normalization
hotel anand,4,2,4,Medium,Conservative normalization
hotel ananda,4,2,4,Medium,Conservative normalization
hotel ashoka,4,2,4,Medium,Conservative normalization
hotel bright,4,2,4,Medium,Conservative normalization
hotel chola,4,2,4,Medium,Conservative normalization
hotel friends food court,4,2,4,Medium,Conservative normalization
hotel ganga,4,1,4,High,Conservative normalization
hotel manasa,4,2,4,Medium,Conservative normalization
hotel mauli,4,2,4,Medium,Conservative normalization
hotel prashanth,4,2,4,Medium,Conservative normalization
hotel rajyog,4,2,4,Medium,Conservative normalization
hotel sri saravana bhavan,4,2,4,Medium,Conservative normalization
hotel suruchi,4,2,4,Medium,Conservative normalization
hotel swad,4,2,4,Medium,Conservative normalization
hott spott,4,1,4,High,Conservative normalization
house of burgers,4,3,4,Medium,Conservative normalization
house of momo,4,2,4,Medium,Conservative normalization
house of wok,4,2,4,Medium,Conservative normalization
hunger bites,4,3,4,Medium,Conservative normalization
hunger games,4,2,4,Medium,Conservative normalization
hunger hub,4,2,4,Medium,Conservative normalization
hunger station,4,1,4,High,Conservative normalization
hunger story,4,2,4,Medium,Conservative normalization
hungry buddha,4,2,4,Medium,Conservative normalization
hungry habibi,4,2,4,Medium,Conservative normalization
hungry hut,4,2,4,Medium,Conservative normalization
hungry junction,4,2,4,Medium,Conservative normalization
hungry kitchen,4,2,4,Medium,Conservative normalization
hyderabad biryani house,4,2,4,Medium,Conservative normalization
hyderabad house,4,2,4,Medium,Conservative normalization
hyderabadi biryani express,4,1,4,High,Conservative normalization
hyderabadi handi biryani,4,1,4,High,Conservative normalization
hyderabadi laziz,4,2,4,Medium,Conservative normalization
ice berg,4,2,4,Medium,Conservative normalization
ice cream factory,4,2,4,Medium,Conservative normalization
icebreakers ice creams,4,1,4,High,Conservative normalization
ifruit,4,3,4,Medium,Conservative normalization
imgroot in,4,1,4,High,Conservative normalization
imperio juice and cafe,4,1,4,High,Conservative normalization
indian biryani,4,3,4,Medium,Conservative normalization
indian curry house,4,2,4,Medium,Conservative normalization
indian fast food,4,2,4,Medium,Conservative normalization
indian food court,4,1,4,High,Conservative normalization
indian kitchen,4,2,4,Medium,Conservative normalization
indian restaurant,4,3,4,Medium,Conservative normalization
indian zaika,4,3,4,Medium,Conservative normalization
indori sarafa,4,1,4,High,Conservative normalization
italian hut,4,3,4,Medium,Conservative normalization
itc aashirvaad khichdi,4,1,4,High,Conservative normalization
iyengars bakery,4,1,4,High,Conservative normalization
jacky ching,4,2,4,Medium,Conservative normalization
jalaram khaman house,4,1,4,High,Conservative normalization
jalaram parotha house,4,1,4,High,Conservative normalization
jalsa,4,2,4,Medium,Conservative normalization
jamie oliver s diner,4,1,4,High,Conservative normalization
jassi de parathe,4,1,4,High,Conservative normalization
jasuben shah old pizza,4,2,4,Medium,Conservative normalization
jds donut house,4,2,4,Medium,Conservative normalization
jigarthanda factory,4,2,4,Medium,Conservative normalization
joshh kulfi,4,1,4,High,Conservative normalization
juice corner,4,3,4,Medium,Conservative normalization
juice n joy,4,2,4,Medium,Conservative normalization
juice wala,4,2,4,Medium,Conservative normalization
just bake cakes and desserts,4,1,4,High,Conservative normalization
just creamery artisanal healthy ice cream,4,1,4,High,Conservative normalization
just dig in,4,1,4,High,Conservative normalization
kabab house,4,1,4,High,Conservative normalization
kanha restaurant,4,1,4,High,Conservative normalization
karachi cafe,4,2,4,Medium,Conservative normalization
karim s original from jama masjid delhi 6,4,3,4,Medium,Conservative normalization
karnavati dabeli and vadapav,4,2,4,Medium,Conservative normalization
kathi nation,4,2,4,Medium,Conservative normalization
kaveri restaurant,4,1,4,High,Conservative normalization
kc restaurant,4,2,4,Medium,Conservative normalization
kebabistaan,4,1,4,High,Conservative normalization
kekou,4,2,4,Medium,Conservative normalization
kerala restaurant,4,2,4,Medium,Conservative normalization
kesar sweets,4,1,4,High,Conservative normalization
keshav reddy sweets,4,1,4,High,Conservative normalization
khalsa restaurant,4,1,4,High,Conservative normalization
khana khazana restaurant,4,2,4,Medium,Conservative normalization
khichadiwala,4,1,4,High,Conservative normalization
kitchen 24,4,2,4,Medium,Conservative normalization
kitchen 24 7,4,2,4,Medium,Conservative normalization
kitchen queen,4,1,4,High,Conservative normalization
kitchens of punjab,4,1,4,High,Conservative normalization
kns,4,1,4,High,Conservative normalization
kodi kura chitti gaare,4,1,4,High,Conservative normalization
kohinoor restaurant,4,3,4,Medium,Conservative normalization
kolhapuri thaska,4,4,4,Medium,Conservative normalization
kolkata fried chicken,4,2,4,Medium,Conservative normalization
kolkata royal biryani house,4,3,4,Medium,Conservative normalization
kovai pazhamudir nilayam,4,1,4,High,Conservative normalization
koyla,4,2,4,Medium,Conservative normalization
koyla kebab,4,1,4,High,Conservative normalization
kr bakes and restaurant,4,1,4,High,Conservative normalization
krafty kitchen,4,1,4,High,Conservative normalization
krishna bakery,4,3,4,Medium,Conservative normalization
krishna food,4,2,4,Medium,Conservative normalization
krishna hotel,4,2,4,Medium,Conservative normalization
krishna rasoi,4,1,4,High,Conservative normalization
krishna sweets,4,2,4,Medium,Conservative normalization
kubo,4,1,4,High,Conservative normalization
kung fu kitchen,4,2,4,Medium,Conservative normalization
la fresca pasta,4,1,4,High,Conservative normalization
laddoos,4,1,4,High,Conservative normalization
lassi day cafe,4,2,4,Medium,Conservative normalization
lassi nation,4,2,4,Medium,Conservative normalization
lazeez affaire,4,2,4,Medium,Conservative normalization
lazeez kitchen,4,3,4,Medium,Conservative normalization
laziz restaurant,4,1,4,High,Conservative normalization
laziz xprs,4,1,4,High,Conservative normalization
le arabia restaurant,4,2,4,Medium,Conservative normalization
le roll factorie,4,3,4,Medium,Conservative normalization
lemon three,4,2,4,Medium,Conservative normalization
lets go dutch patisserie,4,1,4,High,Conservative normalization
little kitchen,4,2,4,Medium,Conservative normalization
living bowls,4,1,4,High,Conservative normalization
loiee sweets and snacks,4,1,4,High,Conservative normalization
lucknow darbar,4,3,4,Medium,Conservative normalization
lucky chinese,4,1,4,High,Conservative normalization
lucky s biryani house,4,3,4,Medium,Conservative normalization
maakhan bhog,4,1,4,High,Conservative normalization
mad over chinese,4,2,4,Medium,Conservative normalization
mad over pizza,4,3,4,Medium,Conservative normalization
madhuram,4,2,4,Medium,Conservative normalization
maggi wala,4,2,4,Medium,Conservative normalization
maggie s kitchen,4,1,4,High,Conservative normalization
magic momo,4,2,3,Medium,Conservative normalization
maharaja biryani,4,2,4,Medium,Conservative normalization
maharaja hotel,4,1,4,High,Conservative normalization
makery healthy meal bowls,4,1,4,High,Conservative normalization
malabar avil milk,4,1,4,High,Conservative normalization
malabar hotel,4,3,4,Medium,Conservative normalization
malacca strait,4,1,4,High,Conservative normalization
malaka spice,4,1,4,High,Conservative normalization
malang biryani,4,1,4,High,Conservative normalization
mamaji pavbhaji,4,2,4,Medium,Conservative normalization
mandi house arabian restaurant,4,1,4,High,Conservative normalization
marry brown,4,2,4,Medium,Conservative normalization
marv s pizza,4,1,4,High,Conservative normalization
marwadi chaat tiffin services,4,3,4,Medium,Conservative normalization
marwadi tadka wala,4,4,4,Medium,Conservative normalization
masala fusion,4,3,4,Medium,Conservative normalization
masala grill,4,1,4,High,Conservative normalization
masaledaar desi rasoi,4,2,4,Medium,Conservative normalization
matka biryani chef,4,2,4,Medium,Conservative normalization
mc oliver s pizza,4,1,4,High,Conservative normalization
meatwale,4,1,4,High,Conservative normalization
meet n eat,4,2,4,Medium,Conservative normalization
mex bowl inc,4,1,4,High,Conservative normalization
mexican fried chicken,4,2,4,Medium,Conservative normalization
mezbaan restaurant,4,1,4,High,Conservative normalization
mfc,4,1,4,High,Conservative normalization
milan restaurant,4,2,4,Medium,Conservative normalization
milano ice cream,4,1,4,High,Conservative normalization
milkshake and co,4,4,4,Medium,Conservative normalization
milky way,4,2,4,Medium,Conservative normalization
mimi takeout by taiki,4,1,4,High,Conservative normalization
ministry of ice creams,4,1,4,High,Conservative normalization
mintelaa,4,1,4,High,Conservative normalization
mirchi dhaba,4,2,4,Medium,Conservative normalization
misal darbar,4,2,4,Medium,Conservative normalization
mission momo,4,2,4,Medium,Conservative normalization
misu,4,2,4,Medium,Conservative normalization
mitra di chaap,4,2,4,Medium,Conservative normalization
mma kabab and rolls,4,1,4,High,Conservative normalization
molly moo ice creams,4,1,4,High,Conservative normalization
momo cafe courtyard by marriott,4,2,4,Medium,Conservative normalization
momo i am,4,2,4,Medium,Conservative normalization
momo mafia,4,2,4,Medium,Conservative normalization
momo s factory,4,2,4,Medium,Conservative normalization
momo s point,4,2,4,Medium,Conservative normalization
momos chef,4,2,4,Medium,Conservative normalization
momos n more,4,2,4,Medium,Conservative normalization
momos wala,4,2,4,Medium,Conservative normalization
moriz restaurant,4,1,4,High,Conservative normalization
mr krisper,4,3,4,Medium,Conservative normalization
mr momos,4,4,4,Medium,Conservative normalization
mr naan mrs curry,4,2,4,Medium,Conservative normalization
mrs magpie,4,1,4,High,Conservative normalization
mughlai zaika,4,2,4,Medium,Conservative normalization
mumbai chaat,4,2,4,Medium,Conservative normalization
mumbai vada pav,4,2,4,Medium,Conservative normalization
mumbaichee chaat street,4,1,4,High,Conservative normalization
naidu gari kunda biryani,4,4,4,Medium,Conservative normalization
nainital momos,4,2,4,Medium,Conservative normalization
nalin chandra das and sons,4,4,4,Medium,Conservative normalization
namaste,4,1,4,High,Conservative normalization
nandhiniee sweets,4,1,4,High,Conservative normalization
nawab biryani,4,2,4,Medium,Conservative normalization
neelkanth restaurant,4,2,4,Medium,Conservative normalization
new arsalan biryani house,4,1,4,High,Conservative normalization
new biryani mane,4,1,4,High,Conservative normalization
new china town,4,2,4,Medium,Conservative normalization
new haji biryani,4,1,4,High,Conservative normalization
new kalyan bhel,4,2,4,Medium,Conservative normalization
new krishna sagar,4,2,4,Medium,Conservative normalization
new pattukottai kamatchi mess,4,2,4,Medium,Conservative normalization
new punjabi dhaba,4,2,4,Medium,Conservative normalization
new star hotel,4,2,4,Medium,Conservative normalization
nini s kitchen,4,2,4,Medium,Conservative normalization
nino burgers,4,1,4,High,Conservative normalization
nizam s pride haleem,4,1,4,High,Conservative normalization
non veg point,4,3,4,Medium,Conservative normalization
noodle bowl,4,2,4,Medium,Conservative normalization
noodle doodle,4,1,4,High,Conservative normalization
noodle house,4,4,4,Medium,Conservative normalization
noodles king,4,3,4,Medium,Conservative normalization
nukkad,4,2,4,Medium,Conservative normalization
oasis restaurant,4,2,4,Medium,Conservative normalization
old champaran meat house,4,2,4,Medium,Conservative normalization
om foods,4,2,4,Medium,Conservative normalization
om namkeen,4,1,4,High,Conservative normalization
om restaurant,4,2,4,Medium,Conservative normalization
om sai fast food,4,1,4,High,Conservative normalization
one china,4,1,4,High,Conservative normalization
orange cafe,4,2,4,Medium,Conservative normalization
orbiyo natural ice cream,4,1,4,High,Conservative normalization
pa pa ya,4,1,4,High,Conservative normalization
pakka local,4,3,4,Medium,Conservative normalization
pakwan,4,2,4,Medium,Conservative normalization
pan biryani,4,2,4,Medium,Conservative normalization
pancake station,4,2,4,Medium,Conservative normalization
panchforon,4,1,4,High,Conservative normalization
paprika,4,1,4,High,Conservative normalization
paramhans pure veg,4,2,4,Medium,Conservative normalization
parampara the mithai shop,4,3,4,Medium,Conservative normalization
paratha by inch,4,2,4,Medium,Conservative normalization
paratha mania,4,2,4,Medium,Conservative normalization
paratha point,4,2,4,Medium,Conservative normalization
paratha wala,4,3,4,Medium,Conservative normalization
parathawala,4,2,4,Medium,Conservative normalization
pari s kitchen,4,2,4,Medium,Conservative normalization
patiala shahi,4,1,4,High,Conservative normalization
peni ice candy,4,2,4,Medium,Conservative normalization
petfull paratha 2x fillings,4,3,4,Medium,Conservative normalization
petuk bangali,4,1,4,High,Conservative normalization
pikwik since 1991,4,1,4,High,Conservative normalization
pind da paratha,4,1,4,High,Conservative normalization
pizza,4,2,4,Medium,Conservative normalization
pizza 24 7,4,3,4,Medium,Conservative normalization
pizza 49,4,3,4,Medium,Conservative normalization
pizza a goodness,4,3,4,Medium,Conservative normalization
pizza bar,4,2,4,Medium,Conservative normalization
pizza caprina,4,3,4,Medium,Conservative normalization
pizza company,4,2,4,Medium,Conservative normalization
pizza cottage,4,1,4,High,Conservative normalization
pizza crust,4,1,4,High,Conservative normalization
pizza den,4,1,4,High,Conservative normalization
pizza factory 99,4,2,4,Medium,Conservative normalization
pizza farm,4,2,4,Medium,Conservative normalization
pizza gourmet kitchen,4,1,4,High,Conservative normalization
pizza italiano,4,3,4,Medium,Conservative normalization
pizza kitchen,4,3,4,Medium,Conservative normalization
pizza lovers,4,1,4,High,Conservative normalization
pizza maker,4,1,4,High,Conservative normalization
pizza party,4,2,4,Medium,Conservative normalization
pizza stories,4,2,4,Medium,Conservative normalization
pizza swag,4,1,4,High,Conservative normalization
pizza village,4,2,4,Medium,Conservative normalization
pizzalogy,4,1,4,High,Conservative normalization
pizzeria cafe,4,2,4,Medium,Conservative normalization
planet cafe,4,1,4,High,Conservative normalization
ponnusamy hotel,4,1,4,High,Conservative normalization
potstickers,4,2,4,Medium,Conservative normalization
prantha king,4,4,4,Medium,Conservative normalization
pride kitchen hyderabadi biryani,4,2,4,Medium,Conservative normalization
prince hotel,4,2,4,Medium,Conservative normalization
punjab junction,4,2,4,Medium,Conservative normalization
punjab time,4,2,4,Medium,Conservative normalization
punjabi bowl,4,1,4,High,Conservative normalization
punjabi di hatti,4,1,4,High,Conservative normalization
punjabi food junction,4,3,4,Medium,Conservative normalization
punjabi food point,4,3,4,Medium,Conservative normalization
punjabi hotel,4,2,4,Medium,Conservative normalization
punjabi swag,4,2,4,Medium,Conservative normalization
pure and natural,4,3,4,Medium,Conservative normalization
qaffeine coffee,4,1,4,High,Conservative normalization
qfc quality fried chicken,4,3,4,Medium,Conservative normalization
queen of burgers,4,2,4,Medium,Conservative normalization
qwinny s,4,1,4,High,Conservative normalization
raj chinese,4,2,4,Medium,Conservative normalization
rajasthani rasoi,4,2,4,Medium,Conservative normalization
rajdhani restaurant,4,1,4,High,Conservative normalization
rajesh fast food,4,2,4,Medium,Conservative normalization
rajgharana,4,2,4,Medium,Conservative normalization
raju gari biryani,4,1,4,High,Conservative normalization
rambharose bhattad ki idli,4,1,4,High,Conservative normalization
rangoli ice cream,4,1,4,High,Conservative normalization
rannaghar,4,2,4,Medium,Conservative normalization
ratna cafe estd 1948,4,1,4,High,Conservative normalization
real taste,4,2,4,Medium,Conservative normalization
red chillies,4,2,4,Medium,Conservative normalization
red e drop zone by the cascade,4,1,4,High,Conservative normalization
rice and spice,4,4,4,Medium,Conservative normalization
richy rich,4,2,4,Medium,Conservative normalization
rj 14 kitchen,4,2,4,Medium,Conservative normalization
rk biryani house,4,2,4,Medium,Conservative normalization
rk food court,4,3,4,Medium,Conservative normalization
rk restaurant,4,4,4,Medium,Conservative normalization
roastery coffee house,4,1,4,High,Conservative normalization
roll hub,4,2,4,Medium,Conservative normalization
roll it up,4,1,4,High,Conservative normalization
roll master,4,3,4,Medium,Conservative normalization
rollacosta,4,1,4,High,Conservative normalization
rollarappaa,4,2,4,Medium,Conservative normalization
rollie rollie,4,1,4,High,Conservative normalization
rolling momos,4,2,4,Medium,Conservative normalization
rolls corner,4,1,4,High,Conservative normalization
roti com,4,2,4,Medium,Conservative normalization
roti shoti,4,3,4,Medium,Conservative normalization
royal bakers and restaurant,4,3,4,Medium,Conservative normalization
royal bakery,4,2,4,Medium,Conservative normalization
royal caterers,4,2,4,Medium,Conservative normalization
royal chef,4,2,4,Medium,Conservative normalization
royal haveli,4,2,4,Medium,Conservative normalization
royal hotel,4,2,4,Medium,Conservative normalization
royal punjab,4,2,4,Medium,Conservative normalization
royal tandoor,4,2,4,Medium,Conservative normalization
royal tiffin centre,4,2,4,Medium,Conservative normalization
royal treat,4,1,4,High,Conservative normalization
s s kitchen,4,2,4,Medium,Conservative normalization
sagar sweets,4,2,4,Medium,Conservative normalization
sahara restaurant,4,2,4,Medium,Conservative normalization
salt indian restaurant bar and grill,4,2,4,Medium,Conservative normalization
samosa factory,4,2,4,Medium,Conservative normalization
samosa hub,4,2,4,Medium,Conservative normalization
sampoorna,4,1,4,High,Conservative normalization
sams pizza,4,1,4,High,Conservative normalization
sandburg shakes,4,1,4,High,Conservative normalization
sandoz,4,1,4,High,Conservative normalization
sandwich master,4,2,4,Medium,Conservative normalization
sandwich story,4,1,4,High,Conservative normalization
sandy s,4,1,4,High,Conservative normalization
sangam hotel,4,3,4,Medium,Conservative normalization
santosh dhaba,4,1,4,High,Conservative normalization
santosh fast food,4,2,4,Medium,Conservative normalization
santushti,4,2,4,Medium,Conservative normalization
sarvani sweets,4,1,4,High,Conservative normalization
sassy teaspoon,4,1,4,High,Conservative normalization
satguru s punjabi rasoi,4,1,4,High,Conservative normalization
savya rasa,4,2,4,Medium,Conservative normalization
say cheese,4,1,4,High,Conservative normalization
say cheese pizza,4,1,4,High,Conservative normalization
second wife s restaurant,4,1,4,High,Conservative normalization
sendhoor coffee,4,3,4,Medium,Conservative normalization
senorita margherita,4,1,4,High,Conservative normalization
seven spices,4,3,4,Medium,Conservative normalization
sfc,4,2,4,Medium,Conservative normalization
sgs non veg gundu pulav,4,2,4,Medium,Conservative normalization
shahi durbar,4,1,4,High,Conservative normalization
shahi kitchen,4,3,4,Medium,Conservative normalization
shake break,4,1,4,High,Conservative normalization
shake factory,4,2,4,Medium,Conservative normalization
shake it,4,2,4,Medium,Conservative normalization
shake it chicago,4,3,4,Medium,Conservative normalization
shake king,4,3,4,Medium,Conservative normalization
shake square,4,1,4,High,Conservative normalization
shambhu s coffee bar,4,3,4,Medium,Conservative normalization
shanghai flavours of china town,4,3,4,Medium,Conservative normalization
shanmukha restaurant,4,2,4,Medium,Conservative normalization
sharma dhaba,4,3,4,Medium,Conservative normalization
sharma restaurant,4,1,4,High,Conservative normalization
sharma snacks,4,1,4,High,Conservative normalization
shawarma hub,4,3,4,Medium,Conservative normalization
shawarma indiah,4,2,4,Medium,Conservative normalization
shawarma station,4,2,4,Medium,Conservative normalization
sheetal restaurant,4,2,4,Medium,Conservative normalization
shegaon kachori center,4,2,4,Medium,Conservative normalization
sher a punjaab legendary since 1979,4,2,4,Medium,Conservative normalization
shiv bhojnalaya,4,2,4,Medium,Conservative normalization
shiva s coffee bar and snacks,4,2,4,Medium,Conservative normalization
shivam fast food,4,3,4,Medium,Conservative normalization
shree anandhaas sweets and snacks,4,2,4,Medium,Conservative normalization
shree khodiyar kathiyawadi dhaba,4,1,4,High,Conservative normalization
shree mithai,4,1,4,High,Conservative normalization
shri sai bhavan,4,2,4,Medium,Conservative normalization
sichuan,4,1,4,High,Conservative normalization
sigree,4,1,4,High,Conservative normalization
sigri,4,2,4,Medium,Conservative normalization
simply veg,4,2,4,Medium,Conservative normalization
sinful desserts,4,2,4,Medium,Conservative normalization
singh ching,4,2,4,Medium,Conservative normalization
sitara,4,2,4,Medium,Conservative normalization
sly granny,4,1,4,High,Conservative normalization
smoke house,4,1,4,High,Conservative normalization
snack n shake,4,3,4,Medium,Conservative normalization
snacks bar,4,2,4,Medium,Conservative normalization
snacks hub,4,2,4,Medium,Conservative normalization
snacks zone,4,2,4,Medium,Conservative normalization
so china,4,3,4,Medium,Conservative normalization
sorbetto,4,1,4,High,Conservative normalization
soul rasa,4,1,4,High,Conservative normalization
soups n salads,4,2,4,Medium,Conservative normalization
south cafe,4,2,4,Medium,Conservative normalization
south junction,4,2,4,Medium,Conservative normalization
spice box,4,1,4,High,Conservative normalization
spicy corner,4,2,4,Medium,Conservative normalization
spicy food court,4,2,4,Medium,Conservative normalization
spicy foods,4,3,4,Medium,Conservative normalization
sri anjaneya restaurant,4,2,4,Medium,Conservative normalization
sri basaveshwara khanavali,4,2,4,Medium,Conservative normalization
sri ganesh juice center,4,2,4,Medium,Conservative normalization
sri sai foods,4,1,4,High,Conservative normalization
stop my starvation,4,1,4,High,Conservative normalization
street cafe,4,3,4,Medium,Conservative normalization
sufiz bake house,4,1,4,High,Conservative normalization
sukh chai,4,2,4,Medium,Conservative normalization
sulthan s,4,1,4,High,Conservative normalization
sundae zone,4,1,4,High,Conservative normalization
sunny paji da dhaba,4,1,4,High,Conservative normalization
super bowls,4,1,4,High,Conservative normalization
super smash burgers,4,1,4,High,Conservative normalization
superlean meals,4,2,4,Medium,Conservative normalization
supper me,4,1,4,High,Conservative normalization
surprise india cakes and desserts,4,1,4,High,Conservative normalization
swaad,4,2,4,Medium,Conservative normalization
swaad anusaar,4,3,4,Medium,Conservative normalization
swaad restaurant,4,2,4,Medium,Conservative normalization
swad kitchen,4,2,4,Medium,Conservative normalization
swadisht restaurant,4,2,4,Medium,Conservative normalization
swap,4,1,4,High,Conservative normalization
tadka,4,2,4,Medium,Conservative normalization
tadka restaurant,4,2,4,Medium,Conservative normalization
tadka singh,4,1,4,High,Conservative normalization
taj mughalai,4,1,4,High,Conservative normalization
taj restaurant,4,2,4,Medium,Conservative normalization
tandoor,4,2,4,Medium,Conservative normalization
tandoor express,4,1,4,High,Conservative normalization
tandoor hut,4,1,4,High,Conservative normalization
tandoori daawat,4,2,4,Medium,Conservative normalization
tandoori delight,4,1,4,High,Conservative normalization
tandoori king,4,2,4,Medium,Conservative normalization
tandoori kitchen,4,2,4,Medium,Conservative normalization
tandoori tadka,4,1,4,High,Conservative normalization
taobao corndog,4,3,4,Medium,Conservative normalization
tasim on the go,4,1,4,High,Conservative normalization
taste n twist,4,2,4,Medium,Conservative normalization
taste of chinese,4,2,4,Medium,Conservative normalization
taste of hyderabad,4,3,4,Medium,Conservative normalization
taste of indore,4,2,4,Medium,Conservative normalization
taste ride,4,2,4,Medium,Conservative normalization
tasty bowl,4,1,4,High,Conservative normalization
tasty fast food,4,1,4,High,Conservative normalization
tasty food point,4,2,4,Medium,Conservative normalization
tasty pizza,4,2,4,Medium,Conservative normalization
tea bench,4,3,4,Medium,Conservative normalization
tea break,4,2,4,Medium,Conservative normalization
tea day,4,1,4,High,Conservative normalization
tea house,4,1,4,High,Conservative normalization
tea time cafe,4,2,4,Medium,Conservative normalization
tgi fridays,4,1,4,High,Conservative normalization
thapa fast food,4,2,4,Medium,Conservative normalization
the artful baker,4,1,4,High,Conservative normalization
the back benchers,4,3,4,Medium,Conservative normalization
the bahubelly,4,2,4,Medium,Conservative normalization
the bake shop,4,2,4,Medium,Conservative normalization
the bakery at floweraura,4,1,4,High,Conservative normalization
the bhukkad cafe,4,3,4,Medium,Conservative normalization
the biryani mahal,4,3,4,Medium,Conservative normalization
the blue oven,4,1,4,High,Conservative normalization
the bombay paratha company,4,1,4,High,Conservative normalization
the brownie studio,4,1,4,High,Conservative normalization
the burger barn cafe,4,1,4,High,Conservative normalization
the burger cafe,4,1,4,High,Conservative normalization
the cake,4,4,4,Medium,Conservative normalization
the cake art,4,2,4,Medium,Conservative normalization
the cake cafe,4,3,4,Medium,Conservative normalization
the cake hub,4,2,4,Medium,Conservative normalization
the cake walk,4,4,4,Medium,Conservative normalization
the chatpata affair,4,1,4,High,Conservative normalization
the chicken hub,4,2,4,Medium,Conservative normalization
the china door,4,1,4,High,Conservative normalization
the chinese bowl,4,3,4,Medium,Conservative normalization
the chinese monk,4,1,4,High,Conservative normalization
the chocolate heaven,4,3,4,Medium,Conservative normalization
the coffee club,4,1,4,High,Conservative normalization
the creams,4,2,4,Medium,Conservative normalization
the doner company,4,1,4,High,Conservative normalization
the fatty bao,4,1,4,High,Conservative normalization
the food club,4,2,4,Medium,Conservative normalization
the ganache factory cakes and desserts,4,1,4,High,Conservative normalization
the good food cafe,4,1,4,High,Conservative normalization
the grand sweets and snacks,4,1,4,High,Conservative normalization
the granios,4,3,4,Medium,Conservative normalization
the great indian kitchen,4,3,4,Medium,Conservative normalization
the great wall of china,4,1,4,High,Conservative normalization
the hangout,4,1,4,High,Conservative normalization
the hashtag cafe,4,2,4,Medium,Conservative normalization
the heaven,4,3,4,Medium,Conservative normalization
the hole in the wall cafe,4,3,4,Medium,Conservative normalization
the hot chinese,4,3,4,Medium,Conservative normalization
the hungry helpers,4,1,4,High,Conservative normalization
the imperial spice,4,1,4,High,Conservative normalization
the indian samosa,4,2,4,Medium,Conservative normalization
the italian kitchen,4,2,4,Medium,Conservative normalization
the kebab house,4,2,4,Medium,Conservative normalization
the kulfi and falooda project,4,4,4,Medium,Conservative normalization
the mama shop,4,3,4,Medium,Conservative normalization
the masala story,4,1,4,High,Conservative normalization
the mexican tapas bar gourmet cloud kitchen,4,1,4,High,Conservative normalization
the mighty bowl,4,2,4,Medium,Conservative normalization
the momo king,4,2,4,Medium,Conservative normalization
the monk momo,4,2,4,Medium,Conservative normalization
the nosh bistro,4,2,4,Medium,Conservative normalization
the paratha factory,4,1,4,High,Conservative normalization
the paratha singh,4,1,4,High,Conservative normalization
the pizza,4,3,4,Medium,Conservative normalization
the pizza express,4,2,4,Medium,Conservative normalization
the pizza factory,4,1,4,High,Conservative normalization
the pizza stone,4,2,4,Medium,Conservative normalization
the pizza world,4,3,4,Medium,Conservative normalization
the roll joint by henry havaldar,4,1,4,High,Conservative normalization
the royal biryani house,4,2,4,Medium,Conservative normalization
the royal kitchen,4,2,4,Medium,Conservative normalization
the sandwich box,4,1,4,High,Conservative normalization
the shake factory,4,1,4,High,Conservative normalization
the shawarma house,4,2,4,Medium,Conservative normalization
the shawarma point,4,2,4,Medium,Conservative normalization
the south indian coffee house,4,1,4,High,Conservative normalization
the spice delight,4,2,4,Medium,Conservative normalization
the spicy kitchen,4,2,4,Medium,Conservative normalization
the spicy venue,4,1,4,High,Conservative normalization
the tasty tiffin,4,2,4,Medium,Conservative normalization
thikana,4,3,4,Medium,Conservative normalization
tibet kitchen,4,2,4,Medium,Conservative normalization
tikka junction,4,1,4,High,Conservative normalization
tikka n talk,4,2,4,Medium,Conservative normalization
tipsy topsy bakers,4,2,4,Medium,Conservative normalization
tollywood food,4,2,4,Medium,Conservative normalization
tomato s,4,2,4,Medium,Conservative normalization
tosai,4,1,4,High,Conservative normalization
treat,4,1,4,High,Conservative normalization
trishiv chinese corner,4,1,4,High,Conservative normalization
trivandrum chicken corner,4,2,4,Medium,Conservative normalization
truecakes,4,1,4,High,Conservative normalization
truly biryani,4,1,4,High,Conservative normalization
turban tadka,4,2,4,Medium,Conservative normalization
udupi upahar,4,3,4,Medium,Conservative normalization
udupi vaibhav,4,2,4,Medium,Conservative normalization
ugly delicious saucy monster bowls,4,1,4,High,Conservative normalization
uncle chicken shawarma,4,3,4,Medium,Conservative normalization
uncle momo,4,1,4,High,Conservative normalization
uncle peters pancakes,4,2,4,Medium,Conservative normalization
united coffee house rewind,4,1,4,High,Conservative normalization
upsouth,4,1,4,High,Conservative normalization
urban cafe,4,2,4,Medium,Conservative normalization
urban grill,4,1,4,High,Conservative normalization
urban punjab,4,2,4,Medium,Conservative normalization
urban tandoor,4,1,4,High,Conservative normalization
ustad hotel,4,2,4,Medium,Conservative normalization
vadapav and more,4,1,4,High,Conservative normalization
vaishali restaurant,4,1,4,High,Conservative normalization
vanakkam,4,2,4,Medium,Conservative normalization
varhadi misal,4,4,4,Medium,Conservative normalization
vidya bakery,4,2,4,Medium,Conservative normalization
vip pizza,4,3,4,Medium,Conservative normalization
waf bites,4,1,4,High,Conservative normalization
wahid biryani,4,2,4,Medium,Conservative normalization
welcome fast food,4,4,4,Medium,Conservative normalization
whatta waffle,4,2,4,Medium,Conservative normalization
wholesome meals,4,2,4,Medium,Conservative normalization
wicked brownies,4,1,4,High,Conservative normalization
wild wild wings,4,2,4,Medium,Conservative normalization
wonton momos,4,3,4,Medium,Conservative normalization
wooddy jhone s pizza,4,3,4,Medium,Conservative normalization
wrap caffe,4,2,4,Medium,Conservative normalization
wrap king,4,3,4,Medium,Conservative normalization
wrap n rolls,4,2,4,Medium,Conservative normalization
writer s express,4,1,4,High,Conservative normalization
yangkiez by momo mami,4,1,4,High,Conservative normalization
yelneer katte,4,2,4,Medium,Conservative normalization
yo chinese,4,3,4,Medium,Conservative normalization
yo pizza,4,3,4,Medium,Conservative normalization
yours truly butter chicken,4,1,4,High,Conservative normalization
yours truly butter paneer,4,1,4,High,Conservative normalization
yum yum,4,1,4,High,Conservative normalization
yummerica fries,4,2,3,Medium,Conservative normalization
yummy food,4,2,4,Medium,Conservative normalization
zaffran,4,1,4,High,Conservative normalization
zaika biryani,4,2,4,Medium,Conservative normalization
zaika family restaurant,4,2,4,Medium,Conservative normalization
zam zam hotel,4,1,4,High,Conservative normalization
zox shakes,4,3,4,Medium,Conservative normalization
1947 restaurant,3,1,3,High,Conservative normalization
24 carats mithai magic,3,1,3,High,Conservative normalization
24 hour cake,3,3,3,Medium,Conservative normalization
24 hours cake,3,1,3,High,Conservative normalization
24hourcake and flower com,3,1,3,High,Conservative normalization
6 ballygunje place,3,1,3,High,Conservative normalization
7 days,3,2,3,Medium,Conservative normalization
7 days restaurant,3,1,3,High,Conservative normalization
7 plates,3,1,3,High,Conservative normalization
89 express dhaba,3,2,3,Medium,Conservative normalization
8th day cafe and bakery,3,1,3,High,Conservative normalization
90ml,3,1,3,High,Conservative normalization
99 cakes,3,1,3,High,Conservative normalization
99 variety dosa and pav bhaji,3,1,3,High,Conservative normalization
a la liberty,3,2,3,Medium,Conservative normalization
a1 biryani house,3,1,3,High,Conservative normalization
a1 chinese,3,2,3,Medium,Conservative normalization
a1 chips and exports india pvt ltd,3,1,3,High,Conservative normalization
a1 haji biryani,3,3,3,Medium,Conservative normalization
a1 restaurant,3,1,3,High,Conservative normalization
a2z burgers,3,1,3,High,Conservative normalization
aaheli xpress,3,1,3,High,Conservative normalization
aaladipattiyan halwakadai and karupatti coffee,3,2,3,Medium,Conservative normalization
aamhi pohekar,3,2,3,Medium,Conservative normalization
aapki apni rasoi,3,2,3,Medium,Conservative normalization
abar khabo,3,3,3,Medium,Conservative normalization
abhiruchi,3,1,3,High,Conservative normalization
abhiruchi restaurant,3,1,3,High,Conservative normalization
absabsolute barbecues,3,1,3,High,Conservative normalization
absolute barbecue ab s,3,2,3,Medium,Conservative normalization
abu al baik,3,3,3,Medium,Conservative normalization
ad pizza hub,3,2,3,Medium,Conservative normalization
adithya restaurant,3,2,3,Medium,Conservative normalization
aditya ice cream parlor,3,1,3,High,Conservative normalization
aditya kitchen,3,1,3,High,Conservative normalization
affordabowl,3,1,3,High,Conservative normalization
aggarwal bikaneri sweets,3,2,3,Medium,Conservative normalization
aggarwal sweet india,3,2,3,Medium,Conservative normalization
agra sweets,3,2,3,Medium,Conservative normalization
agrawal restaurant,3,2,3,Medium,Conservative normalization
agrawala sweets,3,1,3,High,Conservative normalization
ahad,3,2,3,Medium,Conservative normalization
ajay s take away food,3,2,3,Medium,Conservative normalization
ajwa restaurant,3,2,3,Medium,Conservative normalization
ak biryani house,3,2,3,Medium,Conservative normalization
ak foods,3,3,3,Medium,Conservative normalization
al baik fast food,3,2,3,Medium,Conservative normalization
al karam restaurant,3,2,3,Medium,Conservative normalization
al madina chicken haleem,3,1,3,High,Conservative normalization
al taj biryani,3,3,3,Medium,Conservative normalization
al zaika,3,2,3,Medium,Conservative normalization
al zaiqa,3,2,3,Medium,Conservative normalization
alam grilled wraps,3,2,3,Medium,Conservative normalization
alankar family restaurant,3,2,3,Medium,Conservative normalization
alibaba and 41 dishes,3,2,3,Medium,Conservative normalization
alif biriyani malaysian parota,3,1,3,High,Conservative normalization
alkauser,3,1,3,High,Conservative normalization
am biriyani,3,1,3,High,Conservative normalization
amantran restaurant,3,1,3,High,Conservative normalization
ambar restaurant,3,2,3,Medium,Conservative normalization
ambrosia,3,1,3,High,Conservative normalization
ambrosia restaurant,3,1,3,High,Conservative normalization
ambur biryani,3,2,3,Medium,Conservative normalization
ambur royal biriyani,3,1,3,High,Conservative normalization
amdos kitchen,3,1,3,High,Conservative normalization
american burger,3,2,3,Medium,Conservative normalization
american pizza,3,3,3,Medium,Conservative normalization
amigos,3,1,3,High,Conservative normalization
amma kitchen,3,3,3,Medium,Conservative normalization
ammas kitchen,3,2,3,Medium,Conservative normalization
ammy s,3,2,3,Medium,Conservative normalization
amritsari haveli,3,1,3,High,Conservative normalization
amritsari kulcha land,3,1,3,High,Conservative normalization
amsam,3,1,3,High,Conservative normalization
amul ice cream parlor,3,2,3,Medium,Conservative normalization
anand bakers,3,2,3,Medium,Conservative normalization
anand bakery,3,1,3,High,Conservative normalization
anand bhavan,3,1,3,High,Conservative normalization
anand bhojnalay,3,1,3,High,Conservative normalization
anardana kitchen,3,1,3,High,Conservative normalization
anda ka maharaja,3,2,3,Medium,Conservative normalization
andhra bhavan,3,1,3,High,Conservative normalization
andhra biryanis,3,1,3,High,Conservative normalization
andhra meals,3,2,3,Medium,Conservative normalization
andhra military cafe,3,2,3,Medium,Conservative normalization
andhra spice hub,3,1,3,High,Conservative normalization
angaar,3,2,3,Medium,Conservative normalization
angaara,3,1,3,High,Conservative normalization
angeethi restaurant,3,1,3,High,Conservative normalization
angry momos,3,2,3,Medium,Conservative normalization
anna s kitchen,3,1,3,High,Conservative normalization
annapurna food,3,2,3,Medium,Conservative normalization
annapurna food corner,3,2,3,Medium,Conservative normalization
annapurna sweets,3,2,3,Medium,Conservative normalization
annapurna thali,3,2,3,Medium,Conservative normalization
apanjan,3,2,3,Medium,Conservative normalization
apna bhojnalaya,3,2,3,Medium,Conservative normalization
apna cafe,3,2,3,Medium,Conservative normalization
apna chulha,3,2,3,Medium,Conservative normalization
apna food,3,2,3,Medium,Conservative normalization
appetizer,3,1,3,High,Conservative normalization
apupa,3,2,3,Medium,Conservative normalization
arabian delights,3,2,3,Medium,Conservative normalization
arabian hut,3,2,3,Medium,Conservative normalization
arabian restaurant,3,1,3,High,Conservative normalization
arabian shawarma corner,3,2,3,Medium,Conservative normalization
arafa chicken park,3,1,3,High,Conservative normalization
aroma cafe,3,2,3,Medium,Conservative normalization
aroma family restaurant,3,2,3,Medium,Conservative normalization
aroma kitchen,3,1,3,High,Conservative normalization
aroma s hyderabad house,3,1,3,High,Conservative normalization
arsalan biryani house,3,2,3,Medium,Conservative normalization
aryaas,3,2,3,Medium,Conservative normalization
asha sweet center,3,1,3,High,Conservative normalization
ashirwad biryani,3,2,3,Medium,Conservative normalization
ashirwad hotel,3,2,3,Medium,Conservative normalization
asian aroma,3,2,3,Medium,Conservative normalization
asian fiction,3,1,3,High,Conservative normalization
asian hawker,3,1,3,High,Conservative normalization
asli mumbai chaat,3,1,3,High,Conservative normalization
aswins home special,3,2,3,Medium,Conservative normalization
atho kadai,3,2,3,Medium,Conservative normalization
atithi,3,1,3,High,Conservative normalization
auberry the bake shop,3,1,3,High,Conservative normalization
aunty ki rasoi,3,2,3,Medium,Conservative normalization
authentic chinese town,3,1,3,High,Conservative normalization
ayyappa mess,3,2,2,Medium,Conservative normalization
b creamy,3,3,3,Medium,Conservative normalization
b2h biryani 2 home,3,1,3,High,Conservative normalization
baba da dhaba,3,1,3,High,Conservative normalization
baba s,3,1,3,High,Conservative normalization
bachelor kitchen 24x7,3,2,3,Medium,Conservative normalization
baguette salads,3,1,3,High,Conservative normalization
bagundi andhra kitchen,3,3,3,Medium,Conservative normalization
bahar cafe,3,1,3,High,Conservative normalization
bake and shake,3,3,3,Medium,Conservative normalization
bake my day,3,2,3,Medium,Conservative normalization
bake n grill,3,2,3,Medium,Conservative normalization
bake n shake,3,2,3,Medium,Conservative normalization
bake ur day,3,1,3,High,Conservative normalization
bakeburry,3,2,3,Medium,Conservative normalization
baked by nini s,3,3,3,Medium,Conservative normalization
baker s lounge,3,1,3,High,Conservative normalization
baker s street,3,2,3,Medium,Conservative normalization
baker s treat,3,1,3,High,Conservative normalization
baker street,3,1,2,High,Conservative normalization
bakers home cakes and desserts,3,2,3,Medium,Conservative normalization
bakers lounge,3,2,3,Medium,Conservative normalization
bakers street,3,2,3,Medium,Conservative normalization
bakery daynight,3,2,3,Medium,Conservative normalization
bakery house,3,1,3,High,Conservative normalization
bakerywala,3,1,3,High,Conservative normalization
bakes my cake,3,3,3,Medium,Conservative normalization
baking bond,3,1,2,High,Conservative normalization
balaji bhojnalaya,3,2,3,Medium,Conservative normalization
balaji family dhaba,3,1,3,High,Conservative normalization
balaji foods,3,1,3,High,Conservative normalization
balaji mithai bhandar,3,3,3,Medium,Conservative normalization
balaji sandwich two slices,3,1,3,High,Conservative normalization
balaji snacks,3,3,3,Medium,Conservative normalization
balle balle,3,2,3,Medium,Conservative normalization
bambo bakehouse,3,1,3,High,Conservative normalization
banana leaf komala vilas,3,3,3,Medium,Conservative normalization
banarasiya,3,2,3,Medium,Conservative normalization
bang bang pizza,3,1,3,High,Conservative normalization
bangali bhoj,3,2,3,Medium,Conservative normalization
bangaliyana,3,1,3,High,Conservative normalization
bangalore iyangars bakery,3,1,3,High,Conservative normalization
banjos the food chain,3,1,3,High,Conservative normalization
bar b que inn,3,2,3,Medium,Conservative normalization
bar bq destination,3,1,3,High,Conservative normalization
bareily ki barfi,3,1,3,High,Conservative normalization
basil cafe,3,2,3,Medium,Conservative normalization
batter,3,1,3,High,Conservative normalization
bawarchi biryani house,3,1,3,High,Conservative normalization
bawarchi express,3,1,3,High,Conservative normalization
bayleaf,3,2,3,Medium,Conservative normalization
bbq corner,3,1,3,High,Conservative normalization
bbq mechanic,3,2,3,Medium,Conservative normalization
bbq on wheelz,3,3,3,Medium,Conservative normalization
bbq ride,3,2,3,Medium,Conservative normalization
be healthy,3,2,3,Medium,Conservative normalization
bedwin,3,2,3,Medium,Conservative normalization
beliram degchiwala,3,1,3,High,Conservative normalization
between your buns,3,1,3,High,Conservative normalization
bewafa maggie wala,3,1,3,High,Conservative normalization
bfc,3,1,3,High,Conservative normalization
bharawan da dhaba,3,1,3,High,Conservative normalization
bharkadevi icecream,3,2,3,Medium,Conservative normalization
bhartiya jalpan,3,2,3,Medium,Conservative normalization
bhartiya jalpan sweets dry fruit and savouries,3,1,3,High,Conservative normalization
bhukkad,3,2,3,Medium,Conservative normalization
bhukkad cafe,3,2,3,Medium,Conservative normalization
bhukkad mafia,3,2,3,Medium,Conservative normalization
big bang bistro,3,1,3,High,Conservative normalization
big burger,3,1,3,High,Conservative normalization
big city pizza,3,1,3,High,Conservative normalization
big pitcher,3,1,3,High,Conservative normalization
big smokin burgers,3,1,3,High,Conservative normalization
bigguys wingery,3,1,3,High,Conservative normalization
bihari bhojan,3,3,3,Medium,Conservative normalization
bihari dhaba,3,1,3,High,Conservative normalization
bikaner misthan bhandar,3,1,3,High,Conservative normalization
bilal biriyani,3,1,3,High,Conservative normalization
binharif dabeli,3,1,3,High,Conservative normalization
bird valley,3,2,3,Medium,Conservative normalization
biriyaan 1620,3,1,3,High,Conservative normalization
biriyani king,3,3,3,Medium,Conservative normalization
biriyani mahal,3,1,3,High,Conservative normalization
biriyani mubaarak,3,1,3,High,Conservative normalization
biriyani palace,3,2,3,Medium,Conservative normalization
birmies,3,1,3,High,Conservative normalization
biryani bar,3,1,3,High,Conservative normalization
biryani bazar,3,2,3,Medium,Conservative normalization
biryani bhaijaan,3,1,3,High,Conservative normalization
biryani birinj,3,2,3,Medium,Conservative normalization
biryani bowls,3,1,3,High,Conservative normalization
biryani bucket,3,3,3,Medium,Conservative normalization
biryani buzz,3,2,3,Medium,Conservative normalization
biryani by kg,3,3,3,Medium,Conservative normalization
biryani center,3,2,3,Medium,Conservative normalization
biryani chacha,3,1,3,High,Conservative normalization
biryani darbaar,3,2,3,Medium,Conservative normalization
biryani e khaas,3,3,3,Medium,Conservative normalization
biryani ghar,3,1,3,High,Conservative normalization
biryani hills,3,1,3,High,Conservative normalization
biryani master,3,1,3,High,Conservative normalization
biryani on fire,3,2,3,Medium,Conservative normalization
biryani street,3,2,3,Medium,Conservative normalization
bismi hotel,3,2,3,Medium,Conservative normalization
bismillah biryani centre,3,2,3,Medium,Conservative normalization
bismillah catering,3,1,3,High,Conservative normalization
bite me,3,2,3,Medium,Conservative normalization
bites,3,2,3,Medium,Conservative normalization
bittu dhaba,3,2,3,Medium,Conservative normalization
bobby tikki wala,3,1,3,High,Conservative normalization
bole to vadapav,3,2,3,Medium,Conservative normalization
bombay bakery,3,2,3,Medium,Conservative normalization
bombay dhaba,3,1,3,High,Conservative normalization
bombay juice,3,1,3,High,Conservative normalization
bombay meri jaan,3,1,3,High,Conservative normalization
bombay vada pav,3,2,3,Medium,Conservative normalization
bonomi,3,1,3,High,Conservative normalization
boozy bakes,3,1,3,High,Conservative normalization
bowl up,3,2,3,Medium,Conservative normalization
bowls 69,3,1,3,High,Conservative normalization
box up,3,1,3,High,Conservative normalization
bread omelette,3,3,3,Medium,Conservative normalization
bread talk,3,1,3,High,Conservative normalization
breads and moulds,3,1,3,High,Conservative normalization
break the bread sandwiches and burgers,3,2,3,Medium,Conservative normalization
breakfast corner,3,2,3,Medium,Conservative normalization
breakfast to dinner,3,1,3,High,Conservative normalization
breatato co,3,2,3,Medium,Conservative normalization
brewers the coffee bar,3,1,3,High,Conservative normalization
brijwasi misthan bhandar,3,1,3,High,Conservative normalization
bro pizza,3,2,3,Medium,Conservative normalization
brooklyn pizza co,3,1,3,High,Conservative normalization
brote,3,2,3,Medium,Conservative normalization
brownie point,3,1,3,High,Conservative normalization
btc bathinda thali company,3,2,3,Medium,Conservative normalization
buddha s bowl,3,2,3,Medium,Conservative normalization
buddy s pizza,3,3,3,Medium,Conservative normalization
buhari hotel,3,2,3,Medium,Conservative normalization
bukhara kitchens,3,2,3,Medium,Conservative normalization
bun makkhan chai,3,1,3,High,Conservative normalization
bunny burgers,3,2,3,Medium,Conservative normalization
burger 13,3,1,3,High,Conservative normalization
burger 1880 s,3,2,3,Medium,Conservative normalization
burger beast,3,2,3,Medium,Conservative normalization
burger factory,3,2,3,Medium,Conservative normalization
burger friendz,3,2,3,Medium,Conservative normalization
burger ji,3,1,3,High,Conservative normalization
burger joint,3,2,3,Medium,Conservative normalization
burger pie,3,2,3,Medium,Conservative normalization
burger planet,3,2,3,Medium,Conservative normalization
burger seigneur,3,1,3,High,Conservative normalization
burger station,3,1,3,High,Conservative normalization
burger town,3,2,3,Medium,Conservative normalization
burgermeister,3,1,3,High,Conservative normalization
burglars,3,1,3,High,Conservative normalization
burma square,3,1,3,High,Conservative normalization
burrito raja,3,1,3,High,Conservative normalization
butter chicken babe,3,2,3,Medium,Conservative normalization
butter chicken company,3,1,3,High,Conservative normalization
butter chicken wala bcw,3,2,3,Medium,Conservative normalization
cady chinese,3,1,3,High,Conservative normalization
cafe 14,3,2,3,Medium,Conservative normalization
cafe 18,3,1,3,High,Conservative normalization
cafe 7,3,1,3,High,Conservative normalization
cafe 96,3,1,3,High,Conservative normalization
cafe blanca,3,2,3,Medium,Conservative normalization
cafe cloud 9,3,2,3,Medium,Conservative normalization
cafe coffee hutt,3,1,3,High,Conservative normalization
cafe culture,3,3,3,Medium,Conservative normalization
cafe deja vu,3,1,3,High,Conservative normalization
cafe frespresso,3,2,3,Medium,Conservative normalization
cafe heaven,3,2,3,Medium,Conservative normalization
cafe house,3,2,3,Medium,Conservative normalization
cafe madeline,3,2,3,Medium,Conservative normalization
cafe noir,3,1,3,High,Conservative normalization
cafe pizza n burger,3,2,3,Medium,Conservative normalization
cafe relish,3,1,3,High,Conservative normalization
cafe sandoz,3,1,3,High,Conservative normalization
caffeine machine,3,2,3,Medium,Conservative normalization
cake 24 7,3,2,3,Medium,Conservative normalization
cake 24x7 com,3,2,3,Medium,Conservative normalization
cake 99,3,2,3,Medium,Conservative normalization
cake addict,3,2,3,Medium,Conservative normalization
cake and cafe,3,3,3,Medium,Conservative normalization
cake and more,3,2,3,Medium,Conservative normalization
cake anytime,3,2,3,Medium,Conservative normalization
cake art a unit of aj group,3,3,3,Medium,Conservative normalization
cake bake,3,1,3,High,Conservative normalization
cake bakers,3,2,3,Medium,Conservative normalization
cake bites,3,3,3,Medium,Conservative normalization
cake bonzerbites live cake,3,2,3,Medium,Conservative normalization
cake celebrate,3,2,3,Medium,Conservative normalization
cake city,3,2,3,Medium,Conservative normalization
cake connection,3,1,3,High,Conservative normalization
cake creation,3,1,3,High,Conservative normalization
cake crown,3,2,3,Medium,Conservative normalization
cake depo,3,1,3,High,Conservative normalization
cake event,3,1,3,High,Conservative normalization
cake express,3,2,3,Medium,Conservative normalization
cake galaxy,3,2,3,Medium,Conservative normalization
cake home,3,2,3,Medium,Conservative normalization
cake hopper,3,1,3,High,Conservative normalization
cake house cafe,3,3,3,Medium,Conservative normalization
cake inventor,3,3,3,Medium,Conservative normalization
cake jsk live cake,3,1,3,High,Conservative normalization
cake lounge,3,2,3,Medium,Conservative normalization
cake lovers,3,2,3,Medium,Conservative normalization
cake mania,3,1,3,High,Conservative normalization
cake master,3,2,3,Medium,Conservative normalization
cake n bakes,3,3,3,Medium,Conservative normalization
cake on time,3,1,3,High,Conservative normalization
cake paradise,3,1,3,High,Conservative normalization
cake parlour,3,1,3,High,Conservative normalization
cake party,3,1,3,High,Conservative normalization
cake planet,3,1,3,High,Conservative normalization
cake point 24 7,3,1,3,High,Conservative normalization
cake room,3,1,3,High,Conservative normalization
cake s inn,3,2,3,Medium,Conservative normalization
cake sarovar,3,3,3,Medium,Conservative normalization
cake superior,3,1,3,High,Conservative normalization
cake talk,3,1,3,High,Conservative normalization
cake vibes,3,2,3,Medium,Conservative normalization
cakelicious,3,2,3,Medium,Conservative normalization
cakermon,3,1,3,High,Conservative normalization
cakes and cakes,3,3,3,Medium,Conservative normalization
cakes and shakes,3,3,3,Medium,Conservative normalization
cakes for you,3,2,3,Medium,Conservative normalization
cakes today,3,1,3,High,Conservative normalization
cakes07,3,1,3,High,Conservative normalization
cakestory desserts,3,3,3,Medium,Conservative normalization
cakewala,3,1,3,High,Conservative normalization
calcutta sweets,3,1,3,High,Conservative normalization
calcutta victoria chat house,3,2,3,Medium,Conservative normalization
canadian pizza,3,2,3,Medium,Conservative normalization
candice s gourmet sandwiches,3,2,3,Medium,Conservative normalization
carlos cakes,3,1,3,High,Conservative normalization
carnatic cafe,3,1,3,High,Conservative normalization
celejor,3,1,3,High,Conservative normalization
central perk bakery,3,2,3,Medium,Conservative normalization
cha angadi,3,1,3,High,Conservative normalization
cha khor,3,2,3,Medium,Conservative normalization
cha republic,3,3,3,Medium,Conservative normalization
chaap corner,3,2,3,Medium,Conservative normalization
chaap khazana,3,2,3,Medium,Conservative normalization
chaat and chai co,3,2,3,Medium,Conservative normalization
chaat chowk,3,1,3,High,Conservative normalization
chaat lounge,3,1,3,High,Conservative normalization
chaat street express,3,1,3,High,Conservative normalization
chacha chicken,3,2,3,Medium,Conservative normalization
chaha house,3,1,3,High,Conservative normalization
chai,3,1,3,High,Conservative normalization
chai bar,3,2,3,Medium,Conservative normalization
chai break,3,1,2,High,Conservative normalization
chai dukaan,3,2,3,Medium,Conservative normalization
chai g,3,1,3,High,Conservative normalization
chai kaapi,3,1,3,High,Conservative normalization
chai ok please,3,2,3,Medium,Conservative normalization
chai samosa,3,2,3,Medium,Conservative normalization
chai station,3,2,3,Medium,Conservative normalization
chai time,3,2,3,Medium,Conservative normalization
chainaama,3,1,3,High,Conservative normalization
chaiops,3,1,3,High,Conservative normalization
chaishala chuski chaiwali,3,1,3,High,Conservative normalization
chaiza,3,2,3,Medium,Conservative normalization
chakhh de punjab,3,2,3,Medium,Conservative normalization
chakum chukum,3,3,3,Medium,Conservative normalization
chamunda the lassi shop,3,1,3,High,Conservative normalization
chandu halwai,3,1,3,High,Conservative normalization
chang s combos,3,1,3,High,Conservative normalization
changezi chicken,3,2,3,Medium,Conservative normalization
chao mung china,3,1,3,High,Conservative normalization
charcoal chicken,3,1,3,High,Conservative normalization
charcoal grill,3,1,3,High,Conservative normalization
chaska sweets and snacks,3,2,3,Medium,Conservative normalization
chaskaa,3,2,3,Medium,Conservative normalization
chatori,3,2,3,Medium,Conservative normalization
chatpata chat house,3,3,3,Medium,Conservative normalization
chatpata corner,3,1,3,High,Conservative normalization
chaudhary dhaba,3,2,3,Medium,Conservative normalization
chauhan dhaba,3,1,3,High,Conservative normalization
chawal chicken,3,3,3,Medium,Conservative normalization
chawla dilliwala,3,1,3,High,Conservative normalization
chawla restaurant,3,1,3,High,Conservative normalization
chawla s kitchen,3,2,3,Medium,Conservative normalization
cheers,3,1,3,High,Conservative normalization
cheezy,3,1,3,High,Conservative normalization
chef king,3,3,3,Medium,Conservative normalization
chef mode,3,2,3,Medium,Conservative normalization
chef s nation,3,3,3,Medium,Conservative normalization
chef s special,3,2,3,Medium,Conservative normalization
chennai square,3,1,3,High,Conservative normalization
chettiyar mess,3,2,3,Medium,Conservative normalization
chettys corner,3,1,3,High,Conservative normalization
chicago shake and creamery,3,1,3,High,Conservative normalization
chick inn,3,1,3,High,Conservative normalization
chicken chaska,3,3,3,Medium,Conservative normalization
chicken county restaurant,3,1,3,High,Conservative normalization
chicken delight,3,2,3,Medium,Conservative normalization
chicken express,3,2,3,Medium,Conservative normalization
chicken inn,3,1,3,High,Conservative normalization
chicken island,3,2,3,Medium,Conservative normalization
chicken peddler,3,2,3,Medium,Conservative normalization
chicken point,3,1,3,High,Conservative normalization
chill house,3,3,3,Medium,Conservative normalization
chill out cafe,3,3,3,Medium,Conservative normalization
chilli garlic,3,3,3,Medium,Conservative normalization
chillies restaurant,3,2,3,Medium,Conservative normalization
chills n grills,3,3,3,Medium,Conservative normalization
chin chin,3,1,3,High,Conservative normalization
china gate,3,2,3,Medium,Conservative normalization
china green,3,1,3,High,Conservative normalization
china town chinese food,3,2,3,Medium,Conservative normalization
china town express,3,2,3,Medium,Conservative normalization
china valley,3,2,3,Medium,Conservative normalization
chinatown,3,2,3,Medium,Conservative normalization
chinese baba,3,3,3,Medium,Conservative normalization
chinese bandi,3,2,3,Medium,Conservative normalization
chinese bites,3,2,3,Medium,Conservative normalization
chinese box,3,2,3,Medium,Conservative normalization
chinese dhaba,3,1,3,High,Conservative normalization
chinese food factory,3,1,3,High,Conservative normalization
chinese village,3,2,3,Medium,Conservative normalization
chings chinese,3,2,3,Medium,Conservative normalization
chiragdin biryani,3,1,3,High,Conservative normalization
chit chaat,3,3,3,Medium,Conservative normalization
chitale ice cream,3,1,3,High,Conservative normalization
chitrakut,3,1,3,High,Conservative normalization
chole bhatura and parathas,3,3,3,Medium,Conservative normalization
chole kulche,3,1,3,High,Conservative normalization
chop n stix,3,1,3,High,Conservative normalization
choudhary sweets,3,2,3,Medium,Conservative normalization
chow box,3,3,3,Medium,Conservative normalization
chow chow chinese,3,1,3,High,Conservative normalization
chow mein,3,3,3,Medium,Conservative normalization
chow mein and co,3,1,3,High,Conservative normalization
chowringhee square,3,1,2,High,Conservative normalization
chulbul dhaba,3,1,3,High,Conservative normalization
chulha chowka,3,2,3,Medium,Conservative normalization
churroz,3,1,3,High,Conservative normalization
cia chinese in ahmedabad,3,2,3,Medium,Conservative normalization
cilantro,3,2,3,Medium,Conservative normalization
city bakers,3,2,3,Medium,Conservative normalization
city cafe,3,1,3,High,Conservative normalization
classic bakers,3,3,3,Medium,Conservative normalization
classic china bowl,3,1,3,High,Conservative normalization
classic pizza,3,1,3,High,Conservative normalization
coal barbecues express,3,1,3,High,Conservative normalization
coastal reef,3,1,3,High,Conservative normalization
cock ra co,3,1,3,High,Conservative normalization
cocotang,3,2,3,Medium,Conservative normalization
coffee by di bella,3,1,3,High,Conservative normalization
coffee shastra,3,2,3,Medium,Conservative normalization
coffee world,3,2,3,Medium,Conservative normalization
cold fusion,3,1,3,High,Conservative normalization
combo kings,3,2,3,Medium,Conservative normalization
combo mafia,3,1,3,High,Conservative normalization
combo wala,3,2,3,Medium,Conservative normalization
cool biz,3,2,3,Medium,Conservative normalization
cool coco day,3,1,3,High,Conservative normalization
cool zone,3,2,3,Medium,Conservative normalization
couch potato,3,1,3,High,Conservative normalization
country oven,3,1,3,High,Conservative normalization
cravings,3,2,3,Medium,Conservative normalization
crazy burgers,3,2,3,Medium,Conservative normalization
crazy cheesy,3,2,3,Medium,Conservative normalization
crazy cheezy burger,3,2,3,Medium,Conservative normalization
crazy pizza,3,3,3,Medium,Conservative normalization
cream and berry premium ice cream,3,2,3,Medium,Conservative normalization
cream and fudge keventer ventures limited,3,2,3,Medium,Conservative normalization
cream chemistry,3,2,3,Medium,Conservative normalization
cream house,3,1,3,High,Conservative normalization
cream n crust,3,1,3,High,Conservative normalization
cream zone,3,1,3,High,Conservative normalization
creamy creation,3,2,3,Medium,Conservative normalization
crispy fried chicken,3,2,3,Medium,Conservative normalization
crown restaurant,3,1,3,High,Conservative normalization
crush coffee,3,1,3,High,Conservative normalization
csk food truck,3,2,3,Medium,Conservative normalization
cuppa redefined,3,1,3,High,Conservative normalization
curry affair,3,1,3,High,Conservative normalization
curry company,3,1,3,High,Conservative normalization
curry in a hurry,3,2,3,Medium,Conservative normalization
curry king,3,2,3,Medium,Conservative normalization
curry kingdom,3,1,3,High,Conservative normalization
curry leaves,3,2,3,Medium,Conservative normalization
curry nation,3,2,3,Medium,Conservative normalization
curry up noww,3,1,3,High,Conservative normalization
d i e t carry,3,1,3,High,Conservative normalization
d zaprino,3,1,3,High,Conservative normalization
da pizza bakers,3,2,3,Medium,Conservative normalization
da pizza cafe,3,1,3,High,Conservative normalization
da pizza maker,3,1,3,High,Conservative normalization
dabba wala,3,2,3,Medium,Conservative normalization
dabbawala,3,2,3,Medium,Conservative normalization
dada boudi biryani,3,1,3,High,Conservative normalization
dadu s d creme,3,1,3,High,Conservative normalization
daily delight,3,2,3,Medium,Conservative normalization
daily fresh ice creams,3,2,3,Medium,Conservative normalization
daily sushi,3,1,3,High,Conservative normalization
dairy day corner,3,2,3,Medium,Conservative normalization
dal roti,3,1,3,High,Conservative normalization
dalma,3,1,3,High,Conservative normalization
darbar biryani,3,2,3,Medium,Conservative normalization
darbar kitchen,3,2,3,Medium,Conservative normalization
darjeeling cafe,3,2,3,Medium,Conservative normalization
darjeeling fast food,3,2,3,Medium,Conservative normalization
dark stone,3,1,3,High,Conservative normalization
dastarkhwan,3,2,3,Medium,Conservative normalization
datta bhel,3,2,3,Medium,Conservative normalization
dawat biryani house,3,2,3,Medium,Conservative normalization
dawg haus loaded hotdogs,3,1,3,High,Conservative normalization
dear maggi,3,1,3,High,Conservative normalization
deep dish pizzeria,3,1,3,High,Conservative normalization
deepak restaurant,3,1,3,High,Conservative normalization
deepak sweets,3,1,3,High,Conservative normalization
defence bakery,3,1,3,High,Conservative normalization
degchi biryani,3,2,3,Medium,Conservative normalization
delhi biryani cafe,3,2,3,Medium,Conservative normalization
delhi chaap,3,2,3,Medium,Conservative normalization
delhi chaap corner,3,1,3,High,Conservative normalization
delhi darbar dhaba,3,1,3,High,Conservative normalization
delhi highway,3,1,3,High,Conservative normalization
delhi mithai wala,3,2,3,Medium,Conservative normalization
delhi swad,3,1,3,High,Conservative normalization
delicious momos,3,2,3,Medium,Conservative normalization
delight bbq,3,1,3,High,Conservative normalization
delighted pizza,3,2,3,Medium,Conservative normalization
delish the dessert studio,3,1,3,High,Conservative normalization
denish the cake shop,3,2,3,Medium,Conservative normalization
denzong delight,3,1,3,High,Conservative normalization
desi addict,3,2,3,Medium,Conservative normalization
desi biryani cafe,3,1,3,High,Conservative normalization
desi chakhna,3,2,3,Medium,Conservative normalization
desi champaran meat,3,2,3,Medium,Conservative normalization
desi chaska,3,2,3,Medium,Conservative normalization
desi firangi,3,2,3,Medium,Conservative normalization
desi flavours,3,1,3,High,Conservative normalization
desi kulfi,3,1,3,High,Conservative normalization
desi masala,3,2,3,Medium,Conservative normalization
desi rolls,3,2,3,Medium,Conservative normalization
desi tadka restaurant,3,2,3,Medium,Conservative normalization
desi thaat,3,1,3,High,Conservative normalization
desi vdesi,3,1,3,High,Conservative normalization
desi vibes,3,1,3,High,Conservative normalization
desi videsi,3,3,3,Medium,Conservative normalization
desi zaika,3,1,3,High,Conservative normalization
dessert addiction,3,2,3,Medium,Conservative normalization
dessert house,3,1,3,High,Conservative normalization
dev fast food,3,2,3,Medium,Conservative normalization
dev s bakery,3,1,3,High,Conservative normalization
dhaba express,3,2,3,Medium,Conservative normalization
dhaba on wheels,3,1,3,High,Conservative normalization
diamond restaurant,3,2,3,Medium,Conservative normalization
dice pizza,3,2,3,Medium,Conservative normalization
dilli dhaba,3,1,3,High,Conservative normalization
dimsum box,3,1,3,High,Conservative normalization
dimsum momo express,3,2,3,Medium,Conservative normalization
dinshaws ice cream parlour,3,1,3,High,Conservative normalization
dj s pizza and pasta,3,2,3,Medium,Conservative normalization
dn snacks,3,1,3,High,Conservative normalization
dock frost d ice cream and milkshakes,3,1,3,High,Conservative normalization
dolce gelato,3,1,3,High,Conservative normalization
domi o pizza,3,1,3,High,Conservative normalization
dominics pizza,3,2,3,Medium,Conservative normalization
domnic s pizza,3,3,3,Medium,Conservative normalization
donne biriyani corner,3,2,3,Medium,Conservative normalization
doon darbar,3,2,3,Medium,Conservative normalization
dosa adda,3,1,3,High,Conservative normalization
dosa and co,3,1,3,High,Conservative normalization
dosa infinity,3,1,3,High,Conservative normalization
dosa station,3,1,3,High,Conservative normalization
dr shawarma,3,2,3,Medium,Conservative normalization
dragon chimney,3,1,3,High,Conservative normalization
dragon chinese,3,1,3,High,Conservative normalization
dragon fire,3,1,3,High,Conservative normalization
dragon house,3,2,3,Medium,Conservative normalization
dragon king,3,2,3,Medium,Conservative normalization
ds dosa factory,3,2,3,Medium,Conservative normalization
dum pukht biryani,3,3,3,Medium,Conservative normalization
durga fast food,3,2,3,Medium,Conservative normalization
dwarka,3,1,3,High,Conservative normalization
eagle boys pizza,3,2,3,Medium,Conservative normalization
eagle brother s pizza,3,1,3,High,Conservative normalization
eat and drink,3,3,3,Medium,Conservative normalization
eat n play,3,2,3,Medium,Conservative normalization
eat n treat,3,1,3,High,Conservative normalization
eat punjab,3,1,3,High,Conservative normalization
eat well,3,2,3,Medium,Conservative normalization
egg adda,3,2,3,Medium,Conservative normalization
egg factory,3,2,3,Medium,Conservative normalization
egg free cakes,3,1,3,High,Conservative normalization
empiar s restaurant,3,2,3,Medium,Conservative normalization
empire restaurant,3,2,3,Medium,Conservative normalization
emyee,3,1,3,High,Conservative normalization
ethnicity,3,1,3,High,Conservative normalization
euro cafe,3,1,3,High,Conservative normalization
everyday pizza,3,1,3,High,Conservative normalization
express biryani,3,2,3,Medium,Conservative normalization
express kitchen,3,2,3,Medium,Conservative normalization
express shawarma,3,1,3,High,Conservative normalization
falafel lovers,3,1,3,High,Conservative normalization
falooda hut,3,3,3,Medium,Conservative normalization
falooda junction,3,1,3,High,Conservative normalization
family kitchen,3,3,3,Medium,Conservative normalization
family pizza,3,2,3,Medium,Conservative normalization
famous restaurant,3,1,3,High,Conservative normalization
farina by anardana,3,2,3,Medium,Conservative normalization
faruuzi multicuisine,3,2,3,Medium,Conservative normalization
fast food express,3,2,3,Medium,Conservative normalization
fast food junction,3,1,3,High,Conservative normalization
fast refuel,3,2,3,Medium,Conservative normalization
fat guy s kitchen pizza pasta and burgers,3,1,3,High,Conservative normalization
fauji dhaba,3,1,3,High,Conservative normalization
feast chicken,3,1,3,High,Conservative normalization
feel hungry,3,2,3,Medium,Conservative normalization
fiery grills,3,1,3,High,Conservative normalization
finger licks,3,2,3,Medium,Conservative normalization
first bite pizza,3,2,3,Medium,Conservative normalization
fish land,3,2,3,Medium,Conservative normalization
fit food company,3,1,3,High,Conservative normalization
five star fried chicken,3,2,3,Medium,Conservative normalization
flame and grill,3,1,3,High,Conservative normalization
flaming wok,3,1,3,High,Conservative normalization
flavors of chennai,3,2,3,Medium,Conservative normalization
flavour box,3,2,3,Medium,Conservative normalization
flavour of india,3,2,3,Medium,Conservative normalization
flavours of india,3,2,3,Medium,Conservative normalization
flavours of kolkata,3,2,3,Medium,Conservative normalization
flavours of taj mahal hotel,3,1,3,High,Conservative normalization
flavours street,3,1,3,High,Conservative normalization
flax healthy living,3,1,3,High,Conservative normalization
flechazo,3,1,3,High,Conservative normalization
flower aura,3,3,3,Medium,Conservative normalization
fly high,3,1,3,High,Conservative normalization
food 24,3,2,3,Medium,Conservative normalization
food affair,3,1,3,High,Conservative normalization
food bae,3,3,3,Medium,Conservative normalization
food bowl,3,2,3,Medium,Conservative normalization
food bus of india,3,2,3,Medium,Conservative normalization
food cafe,3,2,3,Medium,Conservative normalization
food center,3,2,3,Medium,Conservative normalization
food craft,3,3,3,Medium,Conservative normalization
food engineering,3,2,3,Medium,Conservative normalization
food fantasy,3,3,3,Medium,Conservative normalization
food fiesta,3,2,3,Medium,Conservative normalization
food fire,3,2,3,Medium,Conservative normalization
food from home,3,3,3,Medium,Conservative normalization
food guru,3,1,3,High,Conservative normalization
food kingdom,3,2,3,Medium,Conservative normalization
food mall,3,2,3,Medium,Conservative normalization
food park,3,2,3,Medium,Conservative normalization
food plus,3,2,3,Medium,Conservative normalization
food quest,3,2,3,Medium,Conservative normalization
food republic,3,2,3,Medium,Conservative normalization
food singh,3,2,3,Medium,Conservative normalization
food singh the punjabi taste,3,2,3,Medium,Conservative normalization
food spot,3,2,3,Medium,Conservative normalization
food story,3,1,3,High,Conservative normalization
food style,3,1,3,High,Conservative normalization
food track,3,2,3,Medium,Conservative normalization
food tree,3,2,3,Medium,Conservative normalization
foodeez,3,1,3,High,Conservative normalization
foodie,3,2,3,Medium,Conservative normalization
foodies cafe,3,3,3,Medium,Conservative normalization
foodies club,3,2,3,Medium,Conservative normalization
foodies paradise,3,2,3,Medium,Conservative normalization
foodilicious,3,2,3,Medium,Conservative normalization
foodism in,3,1,3,High,Conservative normalization
foody hub pizza,3,1,3,High,Conservative normalization
foodyz,3,2,3,Medium,Conservative normalization
foxtrot,3,1,3,High,Conservative normalization
frankie station,3,1,3,High,Conservative normalization
frankies and fries,3,1,3,High,Conservative normalization
fresh bakes,3,1,3,High,Conservative normalization
fresh bowl,3,1,3,High,Conservative normalization
fresh cafe,3,2,3,Medium,Conservative normalization
fresh choice patisserie bakery and cafe,3,2,3,Medium,Conservative normalization
fresh juice bar,3,2,3,Medium,Conservative normalization
fresh juice corner,3,1,3,High,Conservative normalization
fresh made,3,1,3,High,Conservative normalization
fresh n fresh,3,1,3,High,Conservative normalization
fresh pressery cafe,3,2,3,Medium,Conservative normalization
freshfit eatery,3,1,3,High,Conservative normalization
fried chicken,3,2,3,Medium,Conservative normalization
friends family restaurant,3,2,3,Medium,Conservative normalization
friends kitchen,3,2,3,Medium,Conservative normalization
friends millet kitchens,3,3,3,Medium,Conservative normalization
frispy fresh n crispy,3,3,3,Medium,Conservative normalization
froozo,3,2,3,Medium,Conservative normalization
fruitango,3,1,3,High,Conservative normalization
frullati cafe,3,2,3,Medium,Conservative normalization
fry and grill,3,2,3,Medium,Conservative normalization
frylala,3,1,3,High,Conservative normalization
fudgebob,3,2,3,Medium,Conservative normalization
full moon pizza,3,3,3,Medium,Conservative normalization
fun bytes,3,1,3,High,Conservative normalization
funky fried chicken,3,2,3,Medium,Conservative normalization
fusion cafe,3,3,3,Medium,Conservative normalization
gabbar dhaba,3,2,3,Medium,Conservative normalization
gali parathewali,3,2,3,Medium,Conservative normalization
galli kitchen,3,2,3,Medium,Conservative normalization
galouti,3,1,3,High,Conservative normalization
game of momos,3,2,3,Medium,Conservative normalization
ganapathy mess,3,2,3,Medium,Conservative normalization
ganesh hotel,3,2,3,Medium,Conservative normalization
gangotree,3,1,3,High,Conservative normalization
garam dharam,3,2,3,Medium,Conservative normalization
garam masala restaurant,3,2,3,Medium,Conservative normalization
garden kitchen,3,2,3,Medium,Conservative normalization
gatox naturals,3,3,3,Medium,Conservative normalization
ghar ka khaana,3,3,3,Medium,Conservative normalization
ghar ki thali,3,2,3,Medium,Conservative normalization
ghuma ghumalu,3,2,3,Medium,Conservative normalization
gilli chai,3,2,3,Medium,Conservative normalization
ginger garlic,3,2,3,Medium,Conservative normalization
gita samosa centre,3,1,3,High,Conservative normalization
glace patisserie,3,2,3,Medium,Conservative normalization
gnd cafe,3,1,3,High,Conservative normalization
go veg,3,3,3,Medium,Conservative normalization
go veg tikke and biryani,3,1,3,High,Conservative normalization
godavari ruchullu,3,1,3,High,Conservative normalization
gohana famous jalebi,3,2,3,Medium,Conservative normalization
gokul,3,2,3,Medium,Conservative normalization
gokul veg,3,1,3,High,Conservative normalization
gola sizzler,3,2,3,Medium,Conservative normalization
gold star biryani,3,1,3,High,Conservative normalization
golden basil,3,2,3,Medium,Conservative normalization
golden fast food,3,2,3,Medium,Conservative normalization
golden grillz,3,2,3,Medium,Conservative normalization
gongura,3,1,3,High,Conservative normalization
good food good mood,3,1,3,High,Conservative normalization
good luck restaurant,3,2,3,Medium,Conservative normalization
gourmet kitchen,3,1,3,High,Conservative normalization
govindas restaurant,3,1,3,High,Conservative normalization
grab popcorn,3,1,3,High,Conservative normalization
grace,3,2,3,Medium,Conservative normalization
grand biriyani,3,2,3,Medium,Conservative normalization
grand restaurant,3,1,3,High,Conservative normalization
great punjab,3,1,3,High,Conservative normalization
green bowl,3,3,3,Medium,Conservative normalization
green chillyz,3,1,3,High,Conservative normalization
greenz,3,1,3,High,Conservative normalization
grill hub,3,3,3,Medium,Conservative normalization
grill master,3,1,3,High,Conservative normalization
grill station,3,3,3,Medium,Conservative normalization
grills and rolls,3,1,3,High,Conservative normalization
gullu dada s biryani,3,1,3,High,Conservative normalization
gully cafe,3,2,3,Medium,Conservative normalization
gupta chat corner,3,1,3,High,Conservative normalization
gupta fast food,3,3,3,Medium,Conservative normalization
gupta snacks,3,1,3,High,Conservative normalization
gupta sweets,3,1,3,High,Conservative normalization
guru nanak sweets,3,2,3,Medium,Conservative normalization
gusto pizza,3,1,3,High,Conservative normalization
haandi dum,3,2,3,Medium,Conservative normalization
haji arsalan biryani,3,2,3,Medium,Conservative normalization
ham burger,3,2,3,Medium,Conservative normalization
handi curry co,3,3,3,Medium,Conservative normalization
hangover,3,1,3,High,Conservative normalization
hangry,3,1,3,High,Conservative normalization
hangry baba,3,2,3,Medium,Conservative normalization
happiness deli,3,1,3,High,Conservative normalization
happy belly bakes cakes and desserts,3,1,3,High,Conservative normalization
haristo pizzeria,3,1,3,High,Conservative normalization
harvest salad co,3,1,3,High,Conservative normalization
hashguys,3,1,3,High,Conservative normalization
hatti punjab di,3,2,3,Medium,Conservative normalization
have a bite,3,2,3,Medium,Conservative normalization
have more,3,2,3,Medium,Conservative normalization
hazelnut cake,3,2,3,Medium,Conservative normalization
healthiemenu,3,2,3,Medium,Conservative normalization
healthy and tasty,3,3,3,Medium,Conservative normalization
healthy food,3,2,3,Medium,Conservative normalization
healthy foodies,3,2,3,Medium,Conservative normalization
healthy kylie kareena,3,3,3,Medium,Conservative normalization
healthy queen,3,2,3,Medium,Conservative normalization
heaven in a jar,3,2,3,Medium,Conservative normalization
heavenly bites,3,1,3,High,Conservative normalization
hello biryani,3,3,3,Medium,Conservative normalization
heritage,3,1,3,High,Conservative normalization
hfc,3,1,3,High,Conservative normalization
hideaway cafe,3,2,3,Medium,Conservative normalization
hideout cafe,3,3,3,Medium,Conservative normalization
high on burgers,3,2,3,Medium,Conservative normalization
high ve dhaba,3,3,3,Medium,Conservative normalization
hite bar,3,1,3,High,Conservative normalization
hive honey cake,3,2,3,Medium,Conservative normalization
hoichoi,3,2,3,Medium,Conservative normalization
hola cakes,3,1,3,High,Conservative normalization
home flavours,3,2,3,Medium,Conservative normalization
home made biryani,3,3,3,Medium,Conservative normalization
home made cakes,3,2,3,Medium,Conservative normalization
home sweet home,3,2,3,Medium,Conservative normalization
homelike,3,2,3,Medium,Conservative normalization
homely fit,3,2,3,Medium,Conservative normalization
homely food,3,2,3,Medium,Conservative normalization
homely freshly daily,3,1,3,High,Conservative normalization
homemade,3,2,3,Medium,Conservative normalization
horn ok please,3,2,3,Medium,Conservative normalization
hot and fast,3,3,3,Medium,Conservative normalization
hot and spicy kitchen,3,2,3,Medium,Conservative normalization
hot biryani,3,2,3,Medium,Conservative normalization
hot bowl,3,1,3,High,Conservative normalization
hot burgers,3,2,3,Medium,Conservative normalization
hot chinese,3,2,3,Medium,Conservative normalization
hot garlic,3,1,3,High,Conservative normalization
hot kitchen,3,1,3,High,Conservative normalization
hot lips,3,2,3,Medium,Conservative normalization
hot n chill,3,3,3,Medium,Conservative normalization
hot spot mini shop,3,2,3,Medium,Conservative normalization
hotel abhiruchi,3,2,3,Medium,Conservative normalization
hotel aishwarya,3,1,3,High,Conservative normalization
hotel al madeena,3,3,3,Medium,Conservative normalization
hotel amantran,3,1,3,High,Conservative normalization
hotel anand bhavan,3,2,3,Medium,Conservative normalization
hotel annapoorna,3,1,3,High,Conservative normalization
hotel arafa,3,2,3,Medium,Conservative normalization
hotel arya bhavan,3,2,3,Medium,Conservative normalization
hotel bliss,3,2,3,Medium,Conservative normalization
hotel blue moon,3,1,3,High,Conservative normalization
hotel chaitanya,3,1,3,High,Conservative normalization
hotel darbar,3,2,3,Medium,Conservative normalization
hotel elite,3,1,3,High,Conservative normalization
hotel fish land,3,1,3,High,Conservative normalization
hotel friends,3,1,3,High,Conservative normalization
hotel ganesh bhavan,3,2,3,Medium,Conservative normalization
hotel garva,3,2,3,Medium,Conservative normalization
hotel gokul,3,1,3,High,Conservative normalization
hotel green apple,3,2,3,Medium,Conservative normalization
hotel green palace,3,1,3,High,Conservative normalization
hotel green park,3,2,3,Medium,Conservative normalization
hotel heritage,3,1,3,High,Conservative normalization
hotel kannappa,3,1,3,High,Conservative normalization
hotel karavali,3,3,3,Medium,Conservative normalization
hotel kinara,3,2,3,Medium,Conservative normalization
hotel kohinoor,3,2,3,Medium,Conservative normalization
hotel landmark,3,1,3,High,Conservative normalization
hotel maithili,3,1,3,High,Conservative normalization
hotel maratha darbar,3,3,3,Medium,Conservative normalization
hotel nityanand,3,2,3,Medium,Conservative normalization
hotel palace,3,2,3,Medium,Conservative normalization
hotel priya,3,1,3,High,Conservative normalization
hotel raj palace,3,1,3,High,Conservative normalization
hotel rajdhani,3,1,3,High,Conservative normalization
hotel red chilly,3,2,3,Medium,Conservative normalization
hotel royal palace,3,1,3,High,Conservative normalization
hotel sahara,3,1,3,High,Conservative normalization
hotel sai darbar,3,1,3,High,Conservative normalization
hotel shivmudra,3,2,3,Medium,Conservative normalization
hotel sri raghavendra udupi veg,3,1,3,High,Conservative normalization
hotel sri sai,3,2,3,Medium,Conservative normalization
hotel sunshine,3,2,3,Medium,Conservative normalization
hotel suprabhat,3,2,3,Medium,Conservative normalization
hotel swagath,3,1,3,High,Conservative normalization
hotel swarajya,3,1,3,High,Conservative normalization
hotel vijay,3,1,3,High,Conservative normalization
hotpot,3,2,3,Medium,Conservative normalization
house of bowls,3,2,3,Medium,Conservative normalization
house of cakes,3,3,3,Medium,Conservative normalization
house of dosa,3,2,3,Medium,Conservative normalization
house of flavours,3,2,3,Medium,Conservative normalization
house of hunger,3,1,3,High,Conservative normalization
house of paratha,3,2,3,Medium,Conservative normalization
house of shakes,3,2,3,Medium,Conservative normalization
house of tadka,3,2,3,Medium,Conservative normalization
hunger head,3,2,3,Medium,Conservative normalization
hunger stop,3,1,3,High,Conservative normalization
hungroo,3,1,3,High,Conservative normalization
hungru pizza,3,1,3,High,Conservative normalization
hungry,3,2,3,Medium,Conservative normalization
hungry belly,3,2,3,Medium,Conservative normalization
hungry freakers,3,3,3,Medium,Conservative normalization
hungry hippo,3,1,3,High,Conservative normalization
hungry hope,3,2,3,Medium,Conservative normalization
hungry jack,3,2,3,Medium,Conservative normalization
hungry momos,3,2,3,Medium,Conservative normalization
hungry spoon,3,2,3,Medium,Conservative normalization
hungry tide,3,1,3,High,Conservative normalization
hungry town,3,2,3,Medium,Conservative normalization
hurrem s turkish baklava and confectionery,3,1,3,High,Conservative normalization
hyderabad bawarchi,3,1,3,High,Conservative normalization
hyderabad biryani,3,1,3,High,Conservative normalization
hyderabad chefs,3,1,3,High,Conservative normalization
hyderabad mughal biriyani,3,1,3,High,Conservative normalization
hyderabadi biryani center,3,2,3,Medium,Conservative normalization
hyderabadi biryani house,3,1,3,High,Conservative normalization
hyderabadi dum biryani,3,1,3,High,Conservative normalization
hyderabadi kitchen,3,1,3,High,Conservative normalization
i scream vegan,3,1,3,High,Conservative normalization
ibc indian biryani company,3,2,3,Medium,Conservative normalization
ice age,3,1,3,High,Conservative normalization
ice cap the cake shop,3,3,3,Medium,Conservative normalization
ice cream chemistry,3,1,3,High,Conservative normalization
ice cream corner,3,2,3,Medium,Conservative normalization
ice cream temptation,3,1,3,High,Conservative normalization
ice cube,3,2,3,Medium,Conservative normalization
ice spice,3,2,3,Medium,Conservative normalization
icestasy,3,1,3,High,Conservative normalization
icf indian chaat factory,3,2,3,Medium,Conservative normalization
id coffee,3,1,3,High,Conservative normalization
id contemporary south indian,3,1,3,High,Conservative normalization
idli house,3,2,3,Medium,Conservative normalization
india restaurant,3,1,3,High,Conservative normalization
india sweet house,3,1,3,High,Conservative normalization
indian curries,3,2,3,Medium,Conservative normalization
indian food,3,2,3,Medium,Conservative normalization
indian oven,3,1,3,High,Conservative normalization
indian spices,3,2,3,Medium,Conservative normalization
indigo delicatessen,3,1,3,High,Conservative normalization
indo china,3,2,3,Medium,Conservative normalization
indorilaal,3,1,3,High,Conservative normalization
infinity cafe,3,2,3,Medium,Conservative normalization
insta cafe,3,1,3,High,Conservative normalization
iscon ganthiya,3,1,3,High,Conservative normalization
italian bob pizza s,3,1,3,High,Conservative normalization
italian street,3,3,3,Medium,Conservative normalization
italians pizzeria,3,2,3,Medium,Conservative normalization
italio by hudson chopsticks,3,2,3,Medium,Conservative normalization
j s kitchen,3,1,3,High,Conservative normalization
jagdamb,3,2,3,Medium,Conservative normalization
jai bhavani tiffin center,3,1,3,High,Conservative normalization
jai bhavani tiffin centre,3,1,3,High,Conservative normalization
jain food,3,3,3,Medium,Conservative normalization
jaipur jalpan,3,2,3,Medium,Conservative normalization
jaiswal food corner,3,2,3,Medium,Conservative normalization
jalaram khichdi,3,1,3,High,Conservative normalization
jalsa indian and ladakhi kitchen,3,3,3,Medium,Conservative normalization
jani locho and khaman house,3,1,3,High,Conservative normalization
janta dhaba,3,3,3,Medium,Conservative normalization
jashn,3,2,3,Medium,Conservative normalization
jashn e biryani,3,2,3,Medium,Conservative normalization
jashn e punjab,3,1,3,High,Conservative normalization
jay ambe fast food,3,3,3,Medium,Conservative normalization
jayhind sweets,3,1,3,High,Conservative normalization
jayka restaurant,3,2,3,Medium,Conservative normalization
jeep bistro,3,2,3,Medium,Conservative normalization
jeera,3,1,3,High,Conservative normalization
jimmy s kitchen,3,2,3,Medium,Conservative normalization
jing fung chinese,3,2,3,Medium,Conservative normalization
jugaadi spot,3,1,3,High,Conservative normalization
jugal s,3,1,3,High,Conservative normalization
juice cafe,3,2,3,Medium,Conservative normalization
juice forest,3,2,3,Medium,Conservative normalization
juice lounge,3,1,3,High,Conservative normalization
juice n bites,3,2,3,Medium,Conservative normalization
juice pump,3,1,3,High,Conservative normalization
juice shot,3,1,3,High,Conservative normalization
juicy day,3,2,3,Medium,Conservative normalization
juicy lucy burgers,3,1,3,High,Conservative normalization
jumbo king,3,1,3,High,Conservative normalization
just 99rs,3,3,3,Medium,Conservative normalization
just burger off,3,1,3,High,Conservative normalization
just cake,3,2,3,Medium,Conservative normalization
just combos,3,2,3,Medium,Conservative normalization
just pizza,3,2,3,Medium,Conservative normalization
jvs,3,1,3,High,Conservative normalization
k s kitchen,3,2,3,Medium,Conservative normalization
kaaraikudi chettinad restaurant,3,3,3,Medium,Conservative normalization
kabab and curry house,3,2,3,Medium,Conservative normalization
kabab junction,3,2,3,Medium,Conservative normalization
kabab king,3,1,3,High,Conservative normalization
kabir restaurant,3,1,3,High,Conservative normalization
kadak singh da dhaba,3,2,3,Medium,Conservative normalization
kadhai kitchen,3,1,3,High,Conservative normalization
kaka halwai,3,1,3,High,Conservative normalization
kakada ramprasad,3,2,3,Medium,Conservative normalization
kaligodam,3,2,3,Medium,Conservative normalization
kalika haveli,3,2,3,Medium,Conservative normalization
kalka restaurant,3,1,3,High,Conservative normalization
kalpanas kitchen,3,3,3,Medium,Conservative normalization
kamat hotel,3,2,3,Medium,Conservative normalization
kamat non veg,3,2,3,Medium,Conservative normalization
kamat restaurant,3,1,3,High,Conservative normalization
kanha ki rasoi,3,3,3,Medium,Conservative normalization
karam dosa,3,2,3,Medium,Conservative normalization
karavali fish land,3,2,3,Medium,Conservative normalization
kareems,3,1,3,High,Conservative normalization
karim hotel,3,2,3,Medium,Conservative normalization
karnataka,3,1,3,High,Conservative normalization
kartik s mithai,3,2,3,Medium,Conservative normalization
karupatti house,3,2,3,Medium,Conservative normalization
kasturi biryani,3,1,3,High,Conservative normalization
kathi express,3,3,3,Medium,Conservative normalization
kathi inc,3,2,3,Medium,Conservative normalization
kathi roll express,3,2,3,Medium,Conservative normalization
kathi rolls,3,3,3,Medium,Conservative normalization
kavya kitchen,3,2,3,Medium,Conservative normalization
kbr crispy chicken,3,2,3,Medium,Conservative normalization
kcroasters by koinonia,3,1,3,High,Conservative normalization
kebab factory,3,2,3,Medium,Conservative normalization
kebab nation,3,2,3,Medium,Conservative normalization
kebab wala,3,2,3,Medium,Conservative normalization
kebabs and curries,3,1,3,High,Conservative normalization
kebabs and curries company,3,2,3,Medium,Conservative normalization
keklo,3,2,3,Medium,Conservative normalization
kerala express,3,2,3,Medium,Conservative normalization
kerala mess,3,2,3,Medium,Conservative normalization
kerrimo delicious double decker,3,2,3,Medium,Conservative normalization
kesar restaurant,3,1,3,High,Conservative normalization
keto cafe,3,2,3,Medium,Conservative normalization
kgf restaurant,3,2,3,Medium,Conservative normalization
kgn biryani,3,2,3,Medium,Conservative normalization
khan chacha hyderabadi biryani,3,1,3,High,Conservative normalization
khandani kitchen,3,1,3,High,Conservative normalization
khao momo,3,2,3,Medium,Conservative normalization
khatri bandhu pot ice cream and mastani,3,2,3,Medium,Conservative normalization
khatta meetha food corner,3,2,3,Medium,Conservative normalization
khichdi aroma,3,2,3,Medium,Conservative normalization
khichdi heaven,3,1,3,High,Conservative normalization
khichdi special,3,2,3,Medium,Conservative normalization
khushi fast food,3,2,3,Medium,Conservative normalization
kiga ice cream,3,1,3,High,Conservative normalization
kim ling,3,1,3,High,Conservative normalization
kimchi,3,2,3,Medium,Conservative normalization
king of paratha,3,2,3,Medium,Conservative normalization
king s restaurant,3,3,3,Medium,Conservative normalization
king shawarma,3,1,3,High,Conservative normalization
kings kitchen,3,3,3,Medium,Conservative normalization
kitchen 65,3,1,3,High,Conservative normalization
kitchen 99,3,3,3,Medium,Conservative normalization
kitchen stories,3,1,3,High,Conservative normalization
kms hakkim kalyana biriyani,3,1,3,High,Conservative normalization
knead o breads,3,2,3,Medium,Conservative normalization
kok pa chinese,3,2,3,Medium,Conservative normalization
kolapasi takeaway,3,2,3,Medium,Conservative normalization
kolkata 99,3,2,3,Medium,Conservative normalization
kolkata arsalan biryani,3,1,3,High,Conservative normalization
kolkata fast food,3,2,3,Medium,Conservative normalization
kolkata food plaza,3,2,3,Medium,Conservative normalization
kolkata haji biryani,3,1,3,High,Conservative normalization
kolkata kathi roll king,3,2,3,Medium,Conservative normalization
kolkata royal biryani,3,1,2,High,Conservative normalization
kolkatta famous kati roll,3,1,3,High,Conservative normalization
kori s,3,2,3,Medium,Conservative normalization
kovai alankar vilas,3,1,3,High,Conservative normalization
kozhi in,3,2,3,Medium,Conservative normalization
krishna cafe,3,2,3,Medium,Conservative normalization
krishna fast food,3,2,3,Medium,Conservative normalization
krishna kitchen,3,2,3,Medium,Conservative normalization
krishna pure veg,3,2,3,Medium,Conservative normalization
krispy kulcha land,3,1,3,High,Conservative normalization
kritunga the palegars cuisine,3,2,3,Medium,Conservative normalization
kuai kitchen,3,1,3,High,Conservative normalization
kudrati kahumbo,3,1,3,High,Conservative normalization
kulfi nation,3,1,3,High,Conservative normalization
kulfi shop,3,2,3,Medium,Conservative normalization
kulhad,3,1,3,High,Conservative normalization
kunafa house,3,3,3,Medium,Conservative normalization
kusum rolls,3,1,3,High,Conservative normalization
kwality family resto bar,3,2,3,Medium,Conservative normalization
kylin experience,3,1,3,High,Conservative normalization
l opera salon de the,3,2,3,Medium,Conservative normalization
la casa gelato,3,1,3,High,Conservative normalization
la cheezy,3,1,3,High,Conservative normalization
la churros,3,2,3,Medium,Conservative normalization
la festa,3,1,3,High,Conservative normalization
la mia,3,2,3,Medium,Conservative normalization
la pizzario,3,1,3,High,Conservative normalization
la pizzeria,3,1,3,High,Conservative normalization
la taj,3,2,3,Medium,Conservative normalization
lajawab biryani,3,2,3,Medium,Conservative normalization
lakeview milkbar,3,1,3,High,Conservative normalization
lalaji dilli wale,3,2,3,Medium,Conservative normalization
largo pizzeria,3,1,3,High,Conservative normalization
lassi cream,3,2,3,Medium,Conservative normalization
lassi junction,3,2,3,Medium,Conservative normalization
lassi on the go,3,2,3,Medium,Conservative normalization
lassi store,3,2,3,Medium,Conservative normalization
lassi wala,3,2,3,Medium,Conservative normalization
lassiwala,3,1,3,High,Conservative normalization
lavonne,3,1,3,High,Conservative normalization
laxmi fast food,3,2,3,Medium,Conservative normalization
laxmi sweets,3,1,3,High,Conservative normalization
layla s shawarma and middle eastern kitchen,3,1,3,High,Conservative normalization
lazeez biryani house,3,1,3,High,Conservative normalization
lazeez food,3,2,3,Medium,Conservative normalization
lazeezo,3,2,3,Medium,Conservative normalization
le arabia,3,1,3,High,Conservative normalization
le bon,3,1,2,High,Conservative normalization
le fromage,3,1,3,High,Conservative normalization
legends of punjab by pepperazi,3,2,3,Medium,Conservative normalization
little hut,3,1,3,High,Conservative normalization
little pleasures,3,2,3,Medium,Conservative normalization
little roti,3,3,3,Medium,Conservative normalization
little sumo by anardana,3,1,3,High,Conservative normalization
live cake company,3,1,3,High,Conservative normalization
local option,3,1,3,High,Conservative normalization
loiee mithai and rasoi,3,1,3,High,Conservative normalization
lollo rosso,3,1,3,High,Conservative normalization
lord of the drinks,3,3,3,Medium,Conservative normalization
love 99,3,1,3,High,Conservative normalization
love and cheesecake,3,1,3,High,Conservative normalization
love bite pizza,3,2,3,Medium,Conservative normalization
love bites,3,3,3,Medium,Conservative normalization
lsd love sugar and dough,3,1,3,High,Conservative normalization
lucknow bakery,3,2,3,Medium,Conservative normalization
lucknow express,3,1,3,High,Conservative normalization
lucky fast food,3,3,3,Medium,Conservative normalization
lucky multicuisine restaurant,3,1,3,High,Conservative normalization
lucky s kitchen,3,2,3,Medium,Conservative normalization
lunchbox,3,3,3,Medium,Conservative normalization
lyfe by soul garden bistro,3,3,3,Medium,Conservative normalization
maa ka pyaar,3,3,3,Medium,Conservative normalization
maa tara hotel,3,3,3,Medium,Conservative normalization
maa vaishno dhaba,3,1,3,High,Conservative normalization
mache bhate bangali,3,1,3,High,Conservative normalization
mad about momos,3,2,3,Medium,Conservative normalization
mad over curry,3,1,3,High,Conservative normalization
madeena hotel,3,1,3,High,Conservative normalization
madhu s kitchen,3,2,3,Medium,Conservative normalization
madhur sweets,3,2,3,Medium,Conservative normalization
madhuram s sweets and cakes,3,1,3,High,Conservative normalization
madina biryani house,3,1,3,High,Conservative normalization
madras momos,3,3,3,Medium,Conservative normalization
madras vyanjan,3,1,3,High,Conservative normalization
madurai military hotel,3,1,3,High,Conservative normalization
maggi hut,3,1,3,High,Conservative normalization
maggie queen,3,2,3,Medium,Conservative normalization
maggiz and more,3,2,3,Medium,Conservative normalization
magic ice cream by sweet magic,3,2,3,Medium,Conservative normalization
magic oven,3,2,3,Medium,Conservative normalization
mahabaleshwar berry bash,3,2,3,Medium,Conservative normalization
mahabelly,3,2,3,Medium,Conservative normalization
maharaja,3,1,3,High,Conservative normalization
maharaja chaap pure veg restaurant,3,2,3,Medium,Conservative normalization
maharaja grills and rolls,3,1,3,High,Conservative normalization
maharaja kitchen,3,2,3,Medium,Conservative normalization
maharaja military canteen,3,1,3,High,Conservative normalization
maharaja restaurant,3,1,3,High,Conservative normalization
maharaja thali,3,1,3,High,Conservative normalization
mahesh lunch home,3,1,3,High,Conservative normalization
mahesh pav bhaji,3,1,3,High,Conservative normalization
maitri amruttulya,3,2,3,Medium,Conservative normalization
make my cake,3,2,3,Medium,Conservative normalization
makhan singh,3,1,3,High,Conservative normalization
makkhan singh da dhaba,3,1,3,High,Conservative normalization
malabar,3,1,3,High,Conservative normalization
malabar kitchens,3,1,3,High,Conservative normalization
malabar point,3,1,3,High,Conservative normalization
malabar restaurant,3,1,3,High,Conservative normalization
malhar dhosa,3,1,3,High,Conservative normalization
mama chicken,3,2,3,Medium,Conservative normalization
mama foods,3,2,3,Medium,Conservative normalization
mama hotel,3,1,3,High,Conservative normalization
mama s kitchen,3,2,3,Medium,Conservative normalization
mamma mia,3,1,3,High,Conservative normalization
mamta sweets,3,2,3,Medium,Conservative normalization
manbhavan premium thali restaurant,3,2,3,Medium,Conservative normalization
mane holige,3,2,3,Medium,Conservative normalization
mangalam restaurant,3,2,3,Medium,Conservative normalization
mangalore lunch home,3,2,3,Medium,Conservative normalization
manhatten burgers,3,1,3,High,Conservative normalization
mani s royal biryani,3,2,3,Medium,Conservative normalization
manna foods,3,2,3,Medium,Conservative normalization
mannat restaurant,3,2,3,Medium,Conservative normalization
marathi katta,3,2,3,Medium,Conservative normalization
market street pizza,3,1,3,High,Conservative normalization
martand misal,3,2,3,Medium,Conservative normalization
marvin bakes,3,1,3,High,Conservative normalization
marwadi food corner,3,1,3,High,Conservative normalization
masala bites,3,2,3,Medium,Conservative normalization
masala chowk,3,3,3,Medium,Conservative normalization
masala mantra,3,1,3,High,Conservative normalization
masala meals,3,1,3,High,Conservative normalization
mast banarsi paan,3,2,3,Medium,Conservative normalization
mast biryani,3,1,3,High,Conservative normalization
max pizza,3,2,3,Medium,Conservative normalization
meal bowl,3,2,3,Medium,Conservative normalization
meal in box,3,1,3,High,Conservative normalization
meals 99,3,3,3,Medium,Conservative normalization
mealy your everyday meal,3,1,3,High,Conservative normalization
meat adda,3,1,3,High,Conservative normalization
mehboob biryani,3,2,3,Medium,Conservative normalization
mehfil restaurant,3,1,3,High,Conservative normalization
meisterwurst,3,1,3,High,Conservative normalization
melting cakes,3,1,3,High,Conservative normalization
melting magic,3,1,3,High,Conservative normalization
metro cafe,3,2,3,Medium,Conservative normalization
mezaya,3,1,3,High,Conservative normalization
mezbaan,3,2,3,Medium,Conservative normalization
mh 12 biryani house,3,3,3,Medium,Conservative normalization
midland bakers,3,1,3,High,Conservative normalization
midnight biryani,3,2,3,Medium,Conservative normalization
miki momos,3,1,3,High,Conservative normalization
milk palace,3,1,3,High,Conservative normalization
milkie mustache,3,2,3,Medium,Conservative normalization
mimi s kitchen,3,3,3,Medium,Conservative normalization
mirchi,3,1,3,High,Conservative normalization
mirchi family restaurant,3,3,3,Medium,Conservative normalization
mirchi restaurant,3,2,3,Medium,Conservative normalization
misal katta,3,3,3,Medium,Conservative normalization
mithai,3,1,3,High,Conservative normalization
mitra cafe,3,2,3,Medium,Conservative normalization
mitran da junction,3,2,3,Medium,Conservative normalization
mm foods,3,1,3,High,Conservative normalization
modern fast food,3,1,3,High,Conservative normalization
modern khichdi,3,2,3,Medium,Conservative normalization
modern kitchen,3,2,3,Medium,Conservative normalization
mohammed anifa biriyani,3,2,3,Medium,Conservative normalization
mohan murge wala,3,1,3,High,Conservative normalization
mom kitchen,3,2,3,Medium,Conservative normalization
mom s magic kitchen,3,2,3,Medium,Conservative normalization
mom s momo,3,2,3,Medium,Conservative normalization
mom z kitchen,3,3,3,Medium,Conservative normalization
momo adda,3,2,3,Medium,Conservative normalization
momo bites,3,2,3,Medium,Conservative normalization
momo cafe,3,3,3,Medium,Conservative normalization
momo ghar,3,1,3,High,Conservative normalization
momo hub,3,2,3,Medium,Conservative normalization
momo kitchen,3,1,3,High,Conservative normalization
momo nation,3,2,3,Medium,Conservative normalization
momo queen,3,2,3,Medium,Conservative normalization
momo s corrner,3,1,3,High,Conservative normalization
momo s mania,3,1,3,High,Conservative normalization
momo station,3,1,3,High,Conservative normalization
momo wala,3,2,3,Medium,Conservative normalization
momo world,3,2,3,Medium,Conservative normalization
momos,3,2,3,Medium,Conservative normalization
momos and more,3,2,3,Medium,Conservative normalization
momos babe,3,3,3,Medium,Conservative normalization
momos cafe,3,2,3,Medium,Conservative normalization
momos chatkara,3,1,3,High,Conservative normalization
momos mafia,3,1,3,High,Conservative normalization
momos peddler,3,2,3,Medium,Conservative normalization
momos world,3,3,3,Medium,Conservative normalization
momowala,3,2,3,Medium,Conservative normalization
monkey bar,3,1,3,High,Conservative normalization
moody foody,3,1,3,High,Conservative normalization
moolchand paratha,3,2,3,Medium,Conservative normalization
mopp mad over parathas and pakodas,3,2,3,Medium,Conservative normalization
mosaic country inn and suites by radisson,3,2,3,Medium,Conservative normalization
mother kitchen,3,1,3,High,Conservative normalization
mothers canteen,3,1,3,High,Conservative normalization
moti mahal restaurant,3,1,3,High,Conservative normalization
mouchak,3,2,3,Medium,Conservative normalization
moussestruck,3,1,3,High,Conservative normalization
mr and mrs biryani,3,2,3,Medium,Conservative normalization
mr and mrs kitchen,3,2,3,Medium,Conservative normalization
mr biriyani,3,3,3,Medium,Conservative normalization
mr burger hut,3,2,3,Medium,Conservative normalization
mr chang s chinese,3,1,3,High,Conservative normalization
mr chicken,3,3,3,Medium,Conservative normalization
mr chinese,3,3,3,Medium,Conservative normalization
mr chows,3,2,3,Medium,Conservative normalization
mr grill,3,2,3,Medium,Conservative normalization
mr hakka,3,2,3,Medium,Conservative normalization
mr kitchen,3,2,3,Medium,Conservative normalization
mr papdi,3,1,3,High,Conservative normalization
mr singh pizzeria,3,3,3,Medium,Conservative normalization
mr singh tandoori hut,3,3,3,Medium,Conservative normalization
mr tea,3,3,3,Medium,Conservative normalization
mrigaya pukht biryani and mandi,3,3,3,Medium,Conservative normalization
mughal empire,3,1,3,High,Conservative normalization
mughal sarai,3,1,3,High,Conservative normalization
mughlai house,3,2,3,Medium,Conservative normalization
mughlai restaurant,3,1,3,High,Conservative normalization
mumbai chinese,3,3,3,Medium,Conservative normalization
mumbai darbar,3,2,3,Medium,Conservative normalization
mumbai masala,3,2,3,Medium,Conservative normalization
mumbaiya misal and vadapav,3,1,3,High,Conservative normalization
mummas kitchen,3,2,3,Medium,Conservative normalization
mummy ki roti,3,1,3,High,Conservative normalization
munchberry,3,2,3,Medium,Conservative normalization
munchey momo,3,1,3,High,Conservative normalization
munchies bro,3,2,3,Medium,Conservative normalization
muradabadi chicken biryani,3,3,3,Medium,Conservative normalization
murthalwala,3,1,3,High,Conservative normalization
musafir,3,2,3,Medium,Conservative normalization
mutton mast kalandar,3,2,3,Medium,Conservative normalization
my pizza,3,1,3,High,Conservative normalization
mylapore filter coffee,3,2,3,Medium,Conservative normalization
mystery of food,3,3,3,Medium,Conservative normalization
mystic lebanese,3,1,3,High,Conservative normalization
mystique palate,3,1,3,High,Conservative normalization
namaste chai,3,3,3,Medium,Conservative normalization
namaste khichdi,3,1,3,High,Conservative normalization
namma theneer kadai,3,1,3,High,Conservative normalization
namma veetu samayal,3,2,3,Medium,Conservative normalization
nandu s paratha,3,1,3,High,Conservative normalization
nani ki rasoi,3,2,3,Medium,Conservative normalization
nanking c r estd 1957,3,2,3,Medium,Conservative normalization
nanking express,3,1,3,High,Conservative normalization
nanumal bhojraj,3,1,3,High,Conservative normalization
nashta point,3,1,3,High,Conservative normalization
national bakery,3,1,2,High,Conservative normalization
national restaurant,3,2,3,Medium,Conservative normalization
natraj chole bhature,3,2,3,Medium,Conservative normalization
natural mumbai kulfi,3,2,3,Medium,Conservative normalization
naughty cravings,3,1,3,High,Conservative normalization
navjivan restaurant,3,1,3,High,Conservative normalization
navratna udupi pure veg,3,1,3,High,Conservative normalization
nawab s biryani,3,2,3,Medium,Conservative normalization
nawabi biryani,3,2,3,Medium,Conservative normalization
nawabi kebabi,3,1,3,High,Conservative normalization
nazim s kathi roll,3,2,3,Medium,Conservative normalization
neha s kitchen,3,2,3,Medium,Conservative normalization
neo politan pizza,3,2,3,Medium,Conservative normalization
nepali momos,3,2,3,Medium,Conservative normalization
new ashoka pure veg,3,2,3,Medium,Conservative normalization
new bismillah caterers,3,2,3,Medium,Conservative normalization
new bombay biryani,3,1,3,High,Conservative normalization
new champaran meat house,3,1,3,High,Conservative normalization
new datta bhel house,3,1,3,High,Conservative normalization
new delhi darbar,3,1,3,High,Conservative normalization
new dhaba city punjab,3,1,3,High,Conservative normalization
new egg world,3,1,3,High,Conservative normalization
new india restaurant,3,3,3,Medium,Conservative normalization
new janta ice cream,3,1,3,High,Conservative normalization
new kolkata arsalan biryani,3,2,3,Medium,Conservative normalization
new kolkata biryani,3,2,3,Medium,Conservative normalization
new lassi corner,3,2,3,Medium,Conservative normalization
new madras cafe,3,2,3,Medium,Conservative normalization
new moorthy cafe,3,2,3,Medium,Conservative normalization
new pizza point,3,2,3,Medium,Conservative normalization
new royal biryani,3,2,3,Medium,Conservative normalization
new santosh dhaba,3,1,3,High,Conservative normalization
new shama chicken corner,3,2,3,Medium,Conservative normalization
new taj biryani,3,2,3,Medium,Conservative normalization
new udupi veg,3,2,3,Medium,Conservative normalization
new york pizzeria,3,2,3,Medium,Conservative normalization
new york slice pizza,3,1,3,High,Conservative normalization
newyork burrito company,3,1,3,High,Conservative normalization
night hungers hut,3,3,3,Medium,Conservative normalization
nimantran restaurant,3,2,3,Medium,Conservative normalization
nirvana,3,2,3,Medium,Conservative normalization
nithya amirtham,3,1,3,High,Conservative normalization
non veg mafia,3,3,3,Medium,Conservative normalization
nonveg point,3,2,3,Medium,Conservative normalization
noodle co,3,2,3,Medium,Conservative normalization
noodle oodle,3,1,3,High,Conservative normalization
noodle time,3,2,3,Medium,Conservative normalization
north kitchen,3,2,3,Medium,Conservative normalization
nosh,3,2,3,Medium,Conservative normalization
not just parathas,3,1,3,High,Conservative normalization
o2 juice bar,3,1,3,High,Conservative normalization
o2 shakes and smoothies,3,1,3,High,Conservative normalization
occasions,3,2,3,Medium,Conservative normalization
oh boeh,3,1,3,High,Conservative normalization
ohri s eatmor,3,1,3,High,Conservative normalization
ohri s happy takeaway,3,1,3,High,Conservative normalization
ohri s ming s court,3,1,3,High,Conservative normalization
olive pizzeria,3,2,3,Medium,Conservative normalization
olive restaurant,3,2,3,Medium,Conservative normalization
oliveu fit salads and more,3,1,3,High,Conservative normalization
om bakers,3,2,3,Medium,Conservative normalization
om family restaurant,3,1,3,High,Conservative normalization
om fast food,3,1,3,High,Conservative normalization
om sai foods,3,2,3,Medium,Conservative normalization
om sai ram food junction,3,1,3,High,Conservative normalization
om sweets and snacks,3,3,3,Medium,Conservative normalization
omg churros,3,1,3,High,Conservative normalization
on a roll,3,2,3,Medium,Conservative normalization
onebite,3,3,3,Medium,Conservative normalization
only 99,3,2,3,Medium,Conservative normalization
only bowl,3,1,3,High,Conservative normalization
oottupura,3,2,3,Medium,Conservative normalization
open oven bakehouse,3,1,3,High,Conservative normalization
orbis restaurant,3,1,3,High,Conservative normalization
orchid restaurant,3,2,3,Medium,Conservative normalization
oriental express,3,2,3,Medium,Conservative normalization
original nellai lala periya lala sweets,3,1,3,High,Conservative normalization
oudh 1590,3,1,3,High,Conservative normalization
oven magick,3,1,3,High,Conservative normalization
oye hoye paajee,3,1,3,High,Conservative normalization
oye kake,3,1,3,High,Conservative normalization
oye punjabi,3,2,3,Medium,Conservative normalization
pachadlu vs kaaralu,3,2,3,Medium,Conservative normalization
paddu corner,3,2,3,Medium,Conservative normalization
pahalwan dhaba,3,2,3,Medium,Conservative normalization
pakghar,3,1,3,High,Conservative normalization
pakka tandoor,3,1,3,High,Conservative normalization
pakwaan,3,2,3,Medium,Conservative normalization
palegars cuisine restaurant,3,3,3,Medium,Conservative normalization
palki,3,3,3,Medium,Conservative normalization
pallavi restaurant authentic taste from gulbarga,3,2,3,Medium,Conservative normalization
pandeyji parcel point,3,1,3,High,Conservative normalization
pandhal cake shop,3,1,3,High,Conservative normalization
pandit g kachori wale,3,2,3,Medium,Conservative normalization
pandit ji ki rasoi,3,1,3,High,Conservative normalization
pandit ji sweets and namkeen,3,3,3,Medium,Conservative normalization
panwaris,3,2,3,Medium,Conservative normalization
pappu da dhaba,3,2,3,Medium,Conservative normalization
paradise house,3,2,3,Medium,Conservative normalization
parantha chef,3,1,3,High,Conservative normalization
parantha express,3,1,3,High,Conservative normalization
parantha factory,3,2,3,Medium,Conservative normalization
parantha sharantha,3,3,3,Medium,Conservative normalization
paranthe wala,3,2,3,Medium,Conservative normalization
parashar kitchen,3,2,3,Medium,Conservative normalization
paratha chowk,3,2,3,Medium,Conservative normalization
paratha platform,3,1,3,High,Conservative normalization
parathas,3,2,3,Medium,Conservative normalization
paris restaurant,3,1,3,High,Conservative normalization
parosa,3,1,3,High,Conservative normalization
parotta factory,3,3,3,Medium,Conservative normalization
pasta corner,3,1,3,High,Conservative normalization
pasta house,3,2,3,Medium,Conservative normalization
pasta palace,3,2,3,Medium,Conservative normalization
pastry chef,3,1,3,High,Conservative normalization
pastry jar,3,1,3,High,Conservative normalization
patiala house,3,2,3,Medium,Conservative normalization
pattukottai mess,3,1,3,High,Conservative normalization
paul s kitchen,3,2,3,Medium,Conservative normalization
pav bhaji company,3,1,3,High,Conservative normalization
pepperz,3,2,3,Medium,Conservative normalization
perch wine and coffee bar,3,1,3,High,Conservative normalization
pfc,3,1,3,High,Conservative normalization
picnic bakery,3,2,3,Medium,Conservative normalization
pind,3,1,3,High,Conservative normalization
pind bhatura,3,1,3,High,Conservative normalization
pind de chur chur naan by pind balluchi,3,1,3,High,Conservative normalization
pindi soya,3,1,3,High,Conservative normalization
pista house,3,1,3,High,Conservative normalization
pista house bakery and restaurant,3,1,3,High,Conservative normalization
pithe bilashi,3,1,3,High,Conservative normalization
pizza 4 u,3,2,3,Medium,Conservative normalization
pizza and burger,3,2,3,Medium,Conservative normalization
pizza and burger hub,3,3,3,Medium,Conservative normalization
pizza and pizza,3,3,3,Medium,Conservative normalization
pizza burger wala,3,1,3,High,Conservative normalization
pizza calzone,3,2,3,Medium,Conservative normalization
pizza celebration,3,2,3,Medium,Conservative normalization
pizza choice,3,1,3,High,Conservative normalization
pizza cravings,3,1,3,High,Conservative normalization
pizza destination,3,2,3,Medium,Conservative normalization
pizza heaven,3,2,3,Medium,Conservative normalization
pizza hub xpress,3,1,3,High,Conservative normalization
pizza hunt,3,1,3,High,Conservative normalization
pizza kingdom,3,3,3,Medium,Conservative normalization
pizza lounge,3,2,3,Medium,Conservative normalization
pizza mafia,3,1,3,High,Conservative normalization
pizza makers,3,2,3,Medium,Conservative normalization
pizza merrano,3,3,3,Medium,Conservative normalization
pizza nation,3,1,3,High,Conservative normalization
pizza olive,3,2,3,Medium,Conservative normalization
pizza on fire,3,1,3,High,Conservative normalization
pizza peddler,3,2,3,Medium,Conservative normalization
pizza pizza,3,2,3,Medium,Conservative normalization
pizza plaza,3,2,3,Medium,Conservative normalization
pizza plus,3,1,3,High,Conservative normalization
pizza shop,3,3,3,Medium,Conservative normalization
pizza spot,3,2,3,Medium,Conservative normalization
pizza store,3,1,3,High,Conservative normalization
pizza tarian,3,1,3,High,Conservative normalization
pizza terminal,3,1,3,High,Conservative normalization
pizza valley,3,2,3,Medium,Conservative normalization
pizza yum,3,2,3,Medium,Conservative normalization
pizzawala,3,1,3,High,Conservative normalization
pizziano,3,3,3,Medium,Conservative normalization
pocketmeal99,3,1,3,High,Conservative normalization
pohaful,3,1,3,High,Conservative normalization
pomo s pizza,3,3,3,Medium,Conservative normalization
pomp pizza on my plate,3,1,3,High,Conservative normalization
pooja hotel,3,2,3,Medium,Conservative normalization
pool cafe,3,1,3,High,Conservative normalization
poonam s kitchen,3,1,3,High,Conservative normalization
popcorn and co,3,1,3,High,Conservative normalization
popstar pizza,3,1,3,High,Conservative normalization
popular fresh momos n more,3,3,3,Medium,Conservative normalization
pot biryani,3,2,3,Medium,Conservative normalization
prabhuji pure food,3,1,3,High,Conservative normalization
prasuma momo kitchen,3,1,3,High,Conservative normalization
prime pizza,3,2,3,Medium,Conservative normalization
priya bakers,3,1,3,High,Conservative normalization
prm biryani,3,1,3,High,Conservative normalization
protein box,3,3,3,Medium,Conservative normalization
pub g cafe,3,2,3,Medium,Conservative normalization
puneri darbar,3,2,3,Medium,Conservative normalization
punjab da tadka,3,3,3,Medium,Conservative normalization
punjab depot,3,1,3,High,Conservative normalization
punjab kitchen,3,2,3,Medium,Conservative normalization
punjab paradise,3,3,3,Medium,Conservative normalization
punjab restaurant,3,2,3,Medium,Conservative normalization
punjab street,3,2,3,Medium,Conservative normalization
punjabi culture,3,2,3,Medium,Conservative normalization
punjabi food,3,2,3,Medium,Conservative normalization
punjabi food inn,3,1,3,High,Conservative normalization
punjabi haveli,3,2,3,Medium,Conservative normalization
punjabi masala,3,2,3,Medium,Conservative normalization
punjabi momos,3,1,3,High,Conservative normalization
punjabi non veg,3,1,3,High,Conservative normalization
punjabi swaad,3,2,3,Medium,Conservative normalization
punjabi zayka,3,2,3,Medium,Conservative normalization
pure punjabi dhaba,3,2,3,Medium,Conservative normalization
purnabramha,3,1,3,High,Conservative normalization
purple panda by purple foods,3,3,3,Medium,Conservative normalization
qfc,3,2,3,Medium,Conservative normalization
quick bite,3,1,3,High,Conservative normalization
quick snacks,3,2,3,Medium,Conservative normalization
r k restaurant,3,1,3,High,Conservative normalization
r s kitchen,3,2,3,Medium,Conservative normalization
radha krishna restaurant,3,2,3,Medium,Conservative normalization
radhe dhokla,3,1,3,High,Conservative normalization
radhe radhe chaap corner,3,2,3,Medium,Conservative normalization
rahhams families international,3,1,3,High,Conservative normalization
rahul wadewale,3,2,3,Medium,Conservative normalization
raj sweets,3,2,3,Medium,Conservative normalization
raja chicken,3,2,3,Medium,Conservative normalization
rajasthan,3,1,3,High,Conservative normalization
rajasthan dhaba,3,2,3,Medium,Conservative normalization
rajasthani tadka,3,1,3,High,Conservative normalization
rajasthani tadka wala,3,2,3,Medium,Conservative normalization
raju s kitchen,3,1,3,High,Conservative normalization
rajwada,3,2,3,Medium,Conservative normalization
rajwadi,3,1,3,High,Conservative normalization
ram aur shyam golawala,3,1,3,High,Conservative normalization
ranna ghar,3,2,3,Medium,Conservative normalization
rao chaha and rahul wadewale,3,2,3,Medium,Conservative normalization
rasoi punjab,3,1,3,High,Conservative normalization
rasoighar home style food,3,2,3,Medium,Conservative normalization
ravi mehra s delhi hotel,3,2,3,Medium,Conservative normalization
red bowl,3,3,3,Medium,Conservative normalization
red chilli fast food,3,3,3,Medium,Conservative normalization
red oven,3,2,2,Medium,Conservative normalization
reddy andhra mess,3,2,3,Medium,Conservative normalization
refections,3,1,3,High,Conservative normalization
relax inn,3,3,3,Medium,Conservative normalization
renuka hotel,3,2,2,Medium,Conservative normalization
rfc,3,1,3,High,Conservative normalization
rice box,3,2,3,Medium,Conservative normalization
rich in rolls,3,1,3,High,Conservative normalization
riddhi siddhi restaurant,3,2,3,Medium,Conservative normalization
ridhi sidhi,3,1,3,High,Conservative normalization
rocking rolls,3,1,3,High,Conservative normalization
rol gol,3,2,3,Medium,Conservative normalization
roll club,3,1,3,High,Conservative normalization
roll delights,3,2,3,Medium,Conservative normalization
roll house,3,2,3,Medium,Conservative normalization
roll junction,3,1,3,High,Conservative normalization
roll n roll,3,2,3,Medium,Conservative normalization
roll project,3,2,3,Medium,Conservative normalization
roll stone,3,2,3,Medium,Conservative normalization
roll story,3,2,3,Medium,Conservative normalization
roll wala,3,2,3,Medium,Conservative normalization
rolling dough cafe,3,2,3,Medium,Conservative normalization
rolls,3,1,3,High,Conservative normalization
rolls 99,3,1,3,High,Conservative normalization
rolls factory,3,1,3,High,Conservative normalization
rolls n grills,3,2,3,Medium,Conservative normalization
rolls raja,3,2,3,Medium,Conservative normalization
rolls story,3,3,3,Medium,Conservative normalization
rollstic,3,2,3,Medium,Conservative normalization
rom s pizza,3,1,3,High,Conservative normalization
rosy roti,3,1,3,High,Conservative normalization
roti ghar ki,3,1,3,High,Conservative normalization
round slice,3,1,3,High,Conservative normalization
royal bawarchi,3,2,3,Medium,Conservative normalization
royal biriyani,3,1,3,High,Conservative normalization
royal chinese corner,3,2,3,Medium,Conservative normalization
royal fast food corner,3,2,3,Medium,Conservative normalization
royal food corner,3,2,3,Medium,Conservative normalization
royal foods,3,3,3,Medium,Conservative normalization
royal rolls,3,2,3,Medium,Conservative normalization
royal shawarma,3,3,3,Medium,Conservative normalization
rr durbar,3,1,3,High,Conservative normalization
rr hotel,3,2,3,Medium,Conservative normalization
rts cafe,3,1,3,High,Conservative normalization
ruby s kitchen,3,2,3,Medium,Conservative normalization
ruchi hotel,3,2,3,Medium,Conservative normalization
ryu ramen co,3,1,3,High,Conservative normalization
s r foods,3,3,3,Medium,Conservative normalization
saanvi s kitchen,3,2,3,Medium,Conservative normalization
sabzi aur roti,3,2,3,Medium,Conservative normalization
sachin ka dhabba,3,1,3,High,Conservative normalization
sadak chaap,3,2,3,Medium,Conservative normalization
sadguru snacks,3,2,3,Medium,Conservative normalization
saffron grill,3,2,3,Medium,Conservative normalization
saffron kitchen,3,2,3,Medium,Conservative normalization
sahni fish corner,3,1,3,High,Conservative normalization
sai bakers,3,1,3,High,Conservative normalization
sai bhog,3,3,3,Medium,Conservative normalization
sai cafe,3,2,3,Medium,Conservative normalization
sai fast food corner,3,1,3,High,Conservative normalization
sai food corner,3,3,3,Medium,Conservative normalization
sai foods,3,2,3,Medium,Conservative normalization
sai hotel,3,2,3,Medium,Conservative normalization
sai kitchen,3,2,3,Medium,Conservative normalization
sai ram hot chips,3,3,3,Medium,Conservative normalization
sai sagar restaurant,3,2,3,Medium,Conservative normalization
sai sandwich,3,2,3,Medium,Conservative normalization
sai tiffin center,3,2,3,Medium,Conservative normalization
salad heaven,3,1,3,High,Conservative normalization
salad savage,3,1,3,High,Conservative normalization
salado,3,2,3,Medium,Conservative normalization
saleem javed rule the rolls,3,2,3,Medium,Conservative normalization
sam s kitchen,3,1,3,High,Conservative normalization
sam s momos,3,2,3,Medium,Conservative normalization
sammis shawarma,3,3,3,Medium,Conservative normalization
sandwich 99,3,2,3,Medium,Conservative normalization
sandwich factory,3,1,3,High,Conservative normalization
sandwich station,3,2,3,Medium,Conservative normalization
sandwich town,3,2,3,Medium,Conservative normalization
sandwich wala,3,2,3,Medium,Conservative normalization
sandwich world,3,3,3,Medium,Conservative normalization
sandwich xpress,3,1,3,High,Conservative normalization
sandwichwallas,3,1,3,High,Conservative normalization
sandwizzaa,3,1,3,High,Conservative normalization
sangam restaurant,3,1,3,High,Conservative normalization
santa delivers,3,1,3,High,Conservative normalization
saptapadi,3,2,3,Medium,Conservative normalization
sardar foods,3,1,3,High,Conservative normalization
sardar ji da dhaba,3,2,3,Medium,Conservative normalization
sardar ji ka dhaba,3,2,3,Medium,Conservative normalization
sardarji da dhaba,3,1,3,High,Conservative normalization
sardarji ka dhaba,3,2,3,Medium,Conservative normalization
sardarji s kitchen,3,2,3,Medium,Conservative normalization
sarkar s kitchen,3,2,3,Medium,Conservative normalization
sassy begum biryani kebabs and curries,3,1,3,High,Conservative normalization
satus sweets snacks and namkeen,3,1,3,High,Conservative normalization
secret kitchen,3,1,3,High,Conservative normalization
seema s kitchen,3,1,3,High,Conservative normalization
sgs snackers,3,1,3,High,Conservative normalization
shaandar shawarma by roxtarz,3,1,3,High,Conservative normalization
shahi biriyani,3,2,3,Medium,Conservative normalization
shahi chicken biryani,3,1,3,High,Conservative normalization
shahi chicken corner,3,2,3,Medium,Conservative normalization
shahi haleem,3,2,3,Medium,Conservative normalization
shahi kebab,3,1,3,High,Conservative normalization
shahi muradabadi chicken biryani,3,2,3,Medium,Conservative normalization
shahi restaurant,3,2,3,Medium,Conservative normalization
shahi tadka,3,2,3,Medium,Conservative normalization
shake it baby,3,2,3,Medium,Conservative normalization
shake sahab,3,3,3,Medium,Conservative normalization
shakes and bites,3,3,3,Medium,Conservative normalization
shakes house,3,2,3,Medium,Conservative normalization
shakes king,3,2,3,Medium,Conservative normalization
shakes n fries,3,3,3,Medium,Conservative normalization
shakes villa,3,2,3,Medium,Conservative normalization
shakeshack,3,1,3,High,Conservative normalization
shakespeer,3,1,3,High,Conservative normalization
shalimar kitchen,3,3,3,Medium,Conservative normalization
shalimar restaurant,3,2,3,Medium,Conservative normalization
shan e punjab,3,2,3,Medium,Conservative normalization
shanghai court,3,1,3,High,Conservative normalization
shanghai express,3,2,3,Medium,Conservative normalization
shanghai house,3,1,3,High,Conservative normalization
shanghai social,3,1,3,High,Conservative normalization
shangri la,3,2,3,Medium,Conservative normalization
sharief chacha,3,2,3,Medium,Conservative normalization
sharma bakery,3,1,2,High,Conservative normalization
sharma fast food,3,3,3,Medium,Conservative normalization
shaukeen the complete paan shop,3,2,3,Medium,Conservative normalization
shawarma bites,3,2,3,Medium,Conservative normalization
shawarma cafe,3,3,3,Medium,Conservative normalization
shawarma darbar,3,2,3,Medium,Conservative normalization
shawarma junction,3,2,3,Medium,Conservative normalization
shawarma kingdom,3,3,3,Medium,Conservative normalization
shawarma kings,3,1,3,High,Conservative normalization
shawarma mafia,3,1,3,High,Conservative normalization
shawarma smack,3,1,3,High,Conservative normalization
sheikh chang singh,3,2,3,Medium,Conservative normalization
sher a punjab legendary since 1979,3,2,3,Medium,Conservative normalization
sher e punjab dhaba,3,2,3,Medium,Conservative normalization
shiv fast food,3,1,3,High,Conservative normalization
shiv misthan bhandar,3,2,3,Medium,Conservative normalization
shiv shakti ice cream,3,3,3,Medium,Conservative normalization
shiv shakti restaurant,3,2,3,Medium,Conservative normalization
shiva chinese wok,3,1,3,High,Conservative normalization
shivam snacks,3,1,3,High,Conservative normalization
shobha s kitchen,3,2,3,Medium,Conservative normalization
sholoana bangali,3,1,3,High,Conservative normalization
short crust cakes and more,3,2,3,Medium,Conservative normalization
shree anandhaas,3,1,3,High,Conservative normalization
shree annapurna,3,1,3,High,Conservative normalization
shree bhavan,3,2,3,Medium,Conservative normalization
shree bikaner misthan bhandar,3,2,3,Medium,Conservative normalization
shree datta bhel,3,2,3,Medium,Conservative normalization
shree fast food,3,2,3,Medium,Conservative normalization
shree leela restaurant,3,1,3,High,Conservative normalization
shree sagar pure veg,3,1,3,High,Conservative normalization
shree shyam restaurant,3,1,3,High,Conservative normalization
shreya cakes studio,3,2,3,Medium,Conservative normalization
shreya s kitchen,3,1,3,High,Conservative normalization
shri balaji restaurant,3,2,3,Medium,Conservative normalization
shri ram bhojnalaya,3,1,3,High,Conservative normalization
shubham pure veg,3,1,3,High,Conservative normalization
shubham restaurant,3,1,3,High,Conservative normalization
shudh vaishno dhaba,3,3,3,Medium,Conservative normalization
shyam bakery,3,2,3,Medium,Conservative normalization
siddhi vinayak restaurant,3,1,3,High,Conservative normalization
sigdee,3,2,3,Medium,Conservative normalization
sigdi,3,1,3,High,Conservative normalization
signature,3,1,3,High,Conservative normalization
signature burger,3,3,3,Medium,Conservative normalization
silbuttah story by berco s,3,2,3,Medium,Conservative normalization
silk route,3,2,3,Medium,Conservative normalization
silver platter,3,2,3,Medium,Conservative normalization
silver spoon restaurant,3,2,3,Medium,Conservative normalization
simpli namdhari s,3,1,3,High,Conservative normalization
simply indian,3,1,3,High,Conservative normalization
simply kebab,3,1,3,High,Conservative normalization
simply samosa,3,1,3,High,Conservative normalization
sindhi rasoi,3,3,3,Medium,Conservative normalization
singh saab,3,3,3,Medium,Conservative normalization
sip n snack,3,2,3,Medium,Conservative normalization
sips and bites,3,3,3,Medium,Conservative normalization
six seven,3,3,3,Medium,Conservative normalization
size zero cafe and restro,3,1,3,High,Conservative normalization
sizzling joe,3,2,3,Medium,Conservative normalization
sizzling shawarma,3,2,3,Medium,Conservative normalization
sk fast food,3,3,3,Medium,Conservative normalization
skoosh bubble tea no tapioca,3,1,3,High,Conservative normalization
slay coffee bar,3,1,3,High,Conservative normalization
slyce,3,1,3,High,Conservative normalization
smokey kitchen,3,2,3,Medium,Conservative normalization
smokin burg,3,2,3,Medium,Conservative normalization
snack box,3,2,3,Medium,Conservative normalization
snack platter queen,3,1,3,High,Conservative normalization
snackeat,3,1,3,High,Conservative normalization
snacks 24x7,3,1,3,High,Conservative normalization
snacks 49,3,1,3,High,Conservative normalization
snacks corner,3,2,3,Medium,Conservative normalization
snacks factory,3,1,3,High,Conservative normalization
snacks in seconds,3,3,3,Medium,Conservative normalization
snacks point,3,2,3,Medium,Conservative normalization
snacks time,3,2,3,Medium,Conservative normalization
snaxx,3,2,3,Medium,Conservative normalization
snehas kitchen,3,2,3,Medium,Conservative normalization
snow cube,3,1,3,High,Conservative normalization
sonar bangla kitchen,3,1,3,High,Conservative normalization
sonu patties,3,1,3,High,Conservative normalization
soofi mandi,3,2,3,Medium,Conservative normalization
sos sandwiches omelette snacks,3,1,3,High,Conservative normalization
south express,3,1,3,High,Conservative normalization
south indian,3,3,3,Medium,Conservative normalization
south indian corner,3,1,3,High,Conservative normalization
south indian dosa,3,2,3,Medium,Conservative normalization
south indian junction,3,1,3,High,Conservative normalization
south indian kitchen,3,1,3,High,Conservative normalization
south indian meals,3,2,3,Medium,Conservative normalization
south indian restaurant,3,3,3,Medium,Conservative normalization
southern junction,3,1,3,High,Conservative normalization
soya chaap queen,3,3,3,Medium,Conservative normalization
soya hub,3,1,3,High,Conservative normalization
spice house,3,2,3,Medium,Conservative normalization
spice hut,3,3,3,Medium,Conservative normalization
spice it up,3,3,3,Medium,Conservative normalization
spice land,3,2,3,Medium,Conservative normalization
spice of life,3,3,3,Medium,Conservative normalization
spice of punjab,3,2,3,Medium,Conservative normalization
spice villa,3,1,3,High,Conservative normalization
spicy adda,3,2,3,Medium,Conservative normalization
spicy box,3,2,3,Medium,Conservative normalization
spicy fast food,3,1,3,High,Conservative normalization
spicy hub,3,2,3,Medium,Conservative normalization
spicy village,3,1,3,High,Conservative normalization
sprout,3,1,3,High,Conservative normalization
sree ganesha fruit juice centre,3,2,3,Medium,Conservative normalization
sri balaji tiffin center,3,2,3,Medium,Conservative normalization
sri krishna hot chips,3,3,3,Medium,Conservative normalization
sri lakshmi foods,3,2,3,Medium,Conservative normalization
sri ram bhojanalay,3,1,3,High,Conservative normalization
sri renuka restaurant,3,2,3,Medium,Conservative normalization
sri sai 99 variety dosa,3,1,3,High,Conservative normalization
sri sai bhavan,3,3,3,Medium,Conservative normalization
sri santosh dhaba,3,2,3,Medium,Conservative normalization
sri vinayaka sugar cane juice center,3,1,3,High,Conservative normalization
srinidhi sagar,3,3,3,Medium,Conservative normalization
ss food court,3,2,3,Medium,Conservative normalization
ss foods,3,1,3,High,Conservative normalization
ss hotel,3,2,3,Medium,Conservative normalization
star biryani,3,2,3,Medium,Conservative normalization
star fast food,3,2,3,Medium,Conservative normalization
star food,3,2,3,Medium,Conservative normalization
star pizza,3,2,3,Medium,Conservative normalization
stoned monkey,3,1,3,High,Conservative normalization
stop n joy,3,1,3,High,Conservative normalization
story unfold,3,1,3,High,Conservative normalization
street flavours,3,2,3,Medium,Conservative normalization
sugandh,3,2,3,Medium,Conservative normalization
sugar daddy,3,3,3,Medium,Conservative normalization
sukh sagar,3,1,3,High,Conservative normalization
sundarini naturals,3,1,3,High,Conservative normalization
sunrise cafe,3,1,3,High,Conservative normalization
super haji biryani,3,3,3,Medium,Conservative normalization
super star biryani,3,2,3,Medium,Conservative normalization
suprabhat tiffins,3,2,3,Medium,Conservative normalization
supreme bakers,3,2,3,Medium,Conservative normalization
suruchi restaurant,3,1,3,High,Conservative normalization
surve s pure non veg,3,1,3,High,Conservative normalization
surya restaurant,3,1,3,High,Conservative normalization
sushi and more,3,1,3,High,Conservative normalization
suvai bhavan,3,1,3,High,Conservative normalization
svadu pure ghee sweets,3,2,3,Medium,Conservative normalization
swa varhadi misal,3,2,3,Medium,Conservative normalization
swaad e hyderabad,3,1,3,High,Conservative normalization
swaad punjab ka,3,1,3,High,Conservative normalization
swad fish house,3,1,3,High,Conservative normalization
swad junction,3,2,3,Medium,Conservative normalization
swadist,3,1,3,High,Conservative normalization
swagat,3,2,3,Medium,Conservative normalization
swagat hotel,3,1,3,High,Conservative normalization
swagruha foods,3,1,3,High,Conservative normalization
swathi restaurant,3,3,3,Medium,Conservative normalization
sweet bake cake and desserts,3,3,3,Medium,Conservative normalization
sweet india,3,2,3,Medium,Conservative normalization
swiss bakes,3,2,3,Medium,Conservative normalization
swiss cream ice creams and more,3,1,3,High,Conservative normalization
t3 rolls and momos,3,1,3,High,Conservative normalization
taco alfresco,3,1,3,High,Conservative normalization
tadka nation,3,1,3,High,Conservative normalization
taj bakery,3,1,3,High,Conservative normalization
taj mahal hotel,3,1,3,High,Conservative normalization
talk of the town,3,2,3,Medium,Conservative normalization
tamarind,3,1,3,High,Conservative normalization
tamarind restaurant,3,1,3,High,Conservative normalization
tandoor hub,3,2,3,Medium,Conservative normalization
tandoor junction,3,2,3,Medium,Conservative normalization
tandoor restaurant,3,1,3,High,Conservative normalization
tandoori adda,3,3,3,Medium,Conservative normalization
tandoori mahal,3,2,3,Medium,Conservative normalization
tandoori night,3,2,3,Medium,Conservative normalization
tandoori taal,3,1,3,High,Conservative normalization
taste n bite,3,2,3,Medium,Conservative normalization
taste of amritsar,3,2,3,Medium,Conservative normalization
taste of bengal,3,1,3,High,Conservative normalization
taste of bhagwati,3,1,3,High,Conservative normalization
taste of bihar,3,2,3,Medium,Conservative normalization
taste of chennai,3,2,3,Medium,Conservative normalization
taste of home,3,2,3,Medium,Conservative normalization
taste of kerala,3,1,3,High,Conservative normalization
taste of tibet,3,3,3,Medium,Conservative normalization
tasteride,3,2,3,Medium,Conservative normalization
tasty buds,3,2,3,Medium,Conservative normalization
tasty delight,3,3,3,Medium,Conservative normalization
tasty dots,3,2,3,Medium,Conservative normalization
tasty elements,3,2,3,Medium,Conservative normalization
tasty foods,3,2,3,Medium,Conservative normalization
tasty hut,3,2,3,Medium,Conservative normalization
tasty sundaes,3,2,3,Medium,Conservative normalization
tasty to go,3,1,3,High,Conservative normalization
tatva,3,1,3,High,Conservative normalization
tawa,3,2,3,Medium,Conservative normalization
tawa garam,3,1,3,High,Conservative normalization
telangana ruchulu,3,2,3,Medium,Conservative normalization
temptation,3,1,3,High,Conservative normalization
texas burgers,3,1,3,High,Conservative normalization
tfc tasty food court,3,3,3,Medium,Conservative normalization
tgc the gargi s cafe,3,2,3,Medium,Conservative normalization
thali delight,3,1,3,High,Conservative normalization
thali gharwali,3,2,3,Medium,Conservative normalization
thalis bowls and more,3,1,3,High,Conservative normalization
thalis of nation,3,2,3,Medium,Conservative normalization
thaliwala,3,2,3,Medium,Conservative normalization
thambbi,3,1,3,High,Conservative normalization
the arabian shawarma,3,1,3,High,Conservative normalization
the asian wok,3,2,3,Medium,Conservative normalization
the bake factory,3,1,3,High,Conservative normalization
the baklava company,3,1,3,High,Conservative normalization
the bangalore creamery,3,1,3,High,Conservative normalization
the bar stock exchange,3,1,3,High,Conservative normalization
the bawarchi,3,1,2,High,Conservative normalization
the belgian fries company,3,1,3,High,Conservative normalization
the big barbeque,3,2,3,Medium,Conservative normalization
the big noodles,3,1,3,High,Conservative normalization
the biryani company,3,3,3,Medium,Conservative normalization
the biryani exchange,3,1,3,High,Conservative normalization
the biryani factory,3,2,3,Medium,Conservative normalization
the biryani hub,3,1,3,High,Conservative normalization
the biryani junction,3,1,3,High,Conservative normalization
the biryani king,3,1,3,High,Conservative normalization
the biryani master,3,2,3,Medium,Conservative normalization
the biryani paradise,3,2,3,Medium,Conservative normalization
the biryani wala,3,2,3,Medium,Conservative normalization
the blue plate,3,1,3,High,Conservative normalization
the bowl,3,1,3,High,Conservative normalization
the bowl club by pind balluchi,3,2,3,Medium,Conservative normalization
the burger junction,3,1,3,High,Conservative normalization
the burrito company,3,1,3,High,Conservative normalization
the cafe by foodhall,3,2,3,Medium,Conservative normalization
the cafeteria,3,1,3,High,Conservative normalization
the cake bake,3,1,3,High,Conservative normalization
the cake bakers,3,2,3,Medium,Conservative normalization
the cake fairy,3,2,3,Medium,Conservative normalization
the cake palace,3,2,3,Medium,Conservative normalization
the cake story,3,2,3,Medium,Conservative normalization
the cake xpress,3,1,3,High,Conservative normalization
the cakecity patisserie,3,1,3,High,Conservative normalization
the cakery,3,3,3,Medium,Conservative normalization
the chef kitchen,3,3,3,Medium,Conservative normalization
the chicken house,3,2,3,Medium,Conservative normalization
the chinese company,3,2,3,Medium,Conservative normalization
the chinese point,3,2,3,Medium,Conservative normalization
the chinese pot,3,1,3,High,Conservative normalization
the chocolate story,3,2,3,Medium,Conservative normalization
the cococane juicery,3,2,3,Medium,Conservative normalization
the continental kitchen,3,2,3,Medium,Conservative normalization
the creamery,3,1,3,High,Conservative normalization
the crust,3,2,3,Medium,Conservative normalization
the daily dough,3,2,3,Medium,Conservative normalization
the deccan biryani,3,2,3,Medium,Conservative normalization
the dessert story,3,1,3,High,Conservative normalization
the donuts,3,2,3,Medium,Conservative normalization
the dream creamery,3,2,3,Medium,Conservative normalization
the exotic shawarma,3,1,3,High,Conservative normalization
the filter coffee,3,1,3,High,Conservative normalization
the fish byte,3,2,3,Medium,Conservative normalization
the fisherman s wharf,3,1,3,High,Conservative normalization
the fit food,3,1,3,High,Conservative normalization
the food bar,3,2,3,Medium,Conservative normalization
the food express,3,3,3,Medium,Conservative normalization
the food garage,3,2,3,Medium,Conservative normalization
the food hub,3,2,3,Medium,Conservative normalization
the food lounge,3,2,3,Medium,Conservative normalization
the food town,3,2,3,Medium,Conservative normalization
the food workshop,3,3,3,Medium,Conservative normalization
the foodiez,3,2,3,Medium,Conservative normalization
the fresh press,3,2,3,Medium,Conservative normalization
the garlic bread,3,1,3,High,Conservative normalization
the ghost kitchen,3,1,3,High,Conservative normalization
the golden dragon,3,3,3,Medium,Conservative normalization
the great kebab company since 1979,3,2,3,Medium,Conservative normalization
the green wok,3,3,3,Medium,Conservative normalization
the grill,3,1,3,High,Conservative normalization
the grill house,3,2,3,Medium,Conservative normalization
the home kitchen,3,2,3,Medium,Conservative normalization
the house of cakes,3,3,3,Medium,Conservative normalization
the house of vadapav,3,3,3,Medium,Conservative normalization
the hunger station,3,1,3,High,Conservative normalization
the hungry habibi,3,2,3,Medium,Conservative normalization
the hungry panda,3,2,3,Medium,Conservative normalization
the hut,3,2,3,Medium,Conservative normalization
the hyderabad chicken haleem,3,2,3,Medium,Conservative normalization
the imperial cord,3,1,3,High,Conservative normalization
the indian dhaba,3,1,3,High,Conservative normalization
the indian spoon,3,2,3,Medium,Conservative normalization
the j s pizza,3,1,3,High,Conservative normalization
the juice bar,3,2,3,Medium,Conservative normalization
the kalika hut,3,3,3,Medium,Conservative normalization
the kathi crossing,3,1,3,High,Conservative normalization
the kathis,3,2,3,Medium,Conservative normalization
the kerala cafe,3,2,3,Medium,Conservative normalization
the ketchup hall,3,1,3,High,Conservative normalization
the king s cafe,3,3,3,Medium,Conservative normalization
the kitchen garden,3,2,3,Medium,Conservative normalization
the kitchen restaurant,3,2,3,Medium,Conservative normalization
the kurtos,3,2,3,Medium,Conservative normalization
the ladakhi kitchen,3,2,3,Medium,Conservative normalization
the lio pizza,3,2,3,Medium,Conservative normalization
the lunchbox,3,1,3,High,Conservative normalization
the mad bakers,3,2,3,Medium,Conservative normalization
the madras cafe,3,1,3,High,Conservative normalization
the maggi bowl,3,2,3,Medium,Conservative normalization
the matka khichdi,3,2,3,Medium,Conservative normalization
the meal company,3,2,3,Medium,Conservative normalization
the meals junction,3,1,3,High,Conservative normalization
the melbourne cafe,3,1,3,High,Conservative normalization
the milkshake shop,3,2,3,Medium,Conservative normalization
the milkshake theory,3,1,3,High,Conservative normalization
the momo house,3,2,3,Medium,Conservative normalization
the momo s point,3,2,3,Medium,Conservative normalization
the momo wala,3,2,3,Medium,Conservative normalization
the momo xpress,3,1,3,High,Conservative normalization
the moody chef,3,3,3,Medium,Conservative normalization
the mousse coupe,3,1,3,High,Conservative normalization
the mughal trail,3,1,3,High,Conservative normalization
the nukkad cafe,3,2,3,Medium,Conservative normalization
the paan studio,3,2,3,Medium,Conservative normalization
the pan asian diner,3,2,3,Medium,Conservative normalization
the pancake story,3,1,3,High,Conservative normalization
the paradise,3,3,3,Medium,Conservative normalization
the paratha king,3,3,3,Medium,Conservative normalization
the pizza bite,3,1,3,High,Conservative normalization
the pizza empire,3,2,3,Medium,Conservative normalization
the pizza kitchen,3,2,3,Medium,Conservative normalization
the pizza lovers,3,1,3,High,Conservative normalization
the pizza palace,3,1,3,High,Conservative normalization
the pizza project,3,1,3,High,Conservative normalization
the rasoi,3,2,3,Medium,Conservative normalization
the red dragon,3,2,3,Medium,Conservative normalization
the red velvet bakery,3,2,3,Medium,Conservative normalization
the rice bowl,3,2,3,Medium,Conservative normalization
the roll house,3,2,3,Medium,Conservative normalization
the samosa factory,3,2,3,Medium,Conservative normalization
the sandwich bar,3,2,3,Medium,Conservative normalization
the sandwich house,3,2,3,Medium,Conservative normalization
the sassy spoon,3,1,3,High,Conservative normalization
the shake company,3,1,3,High,Conservative normalization
the shawarma king,3,2,3,Medium,Conservative normalization
the spice kitchen,3,2,3,Medium,Conservative normalization
the square novotel,3,1,3,High,Conservative normalization
the stayfit kitchen,3,2,3,Medium,Conservative normalization
the street cafe,3,1,3,High,Conservative normalization
the tandoor,3,2,3,Medium,Conservative normalization
the taste,3,2,3,Medium,Conservative normalization
the taste factory,3,2,3,Medium,Conservative normalization
the taste hub,3,2,3,Medium,Conservative normalization
the taste of home,3,2,3,Medium,Conservative normalization
the tasty bites,3,1,3,High,Conservative normalization
the tea factory,3,1,3,High,Conservative normalization
the thali house,3,1,3,High,Conservative normalization
the tiffin box,3,2,3,Medium,Conservative normalization
the turkish truck,3,1,3,High,Conservative normalization
the veg kitchen,3,2,3,Medium,Conservative normalization
the waffles and creamery co,3,1,3,High,Conservative normalization
the wok master,3,3,3,Medium,Conservative normalization
the yellow bowl,3,1,3,High,Conservative normalization
theque,3,1,3,High,Conservative normalization
thinduda a telangana kitchen,3,3,3,Medium,Conservative normalization
third wave coffee roasters,3,1,3,High,Conservative normalization
thoda aur,3,1,3,High,Conservative normalization
thunder burg,3,2,3,Medium,Conservative normalization
tibetan street,3,2,3,Medium,Conservative normalization
tif in,3,1,3,High,Conservative normalization
tiffin junction,3,1,3,High,Conservative normalization
time pass,3,2,3,Medium,Conservative normalization
tipsy treats by decadenz,3,1,3,High,Conservative normalization
tobiko by enoki,3,1,3,High,Conservative normalization
tokyo treat,3,1,3,High,Conservative normalization
tom and jerry,3,3,3,Medium,Conservative normalization
tongue twister,3,1,3,High,Conservative normalization
tonico cafe,3,2,3,Medium,Conservative normalization
tony s italian pizza,3,1,3,High,Conservative normalization
topchop,3,1,3,High,Conservative normalization
tornado potato,3,1,3,High,Conservative normalization
tosita bakery,3,1,3,High,Conservative normalization
tossin chilli,3,2,3,Medium,Conservative normalization
town house cafe,3,2,3,Medium,Conservative normalization
toyo kombucha,3,2,3,Medium,Conservative normalization
trayog,3,1,3,High,Conservative normalization
treat restaurant,3,2,3,Medium,Conservative normalization
tribe cafe european and continental,3,1,3,High,Conservative normalization
triple c,3,2,3,Medium,Conservative normalization
tripti restaurant,3,1,3,High,Conservative normalization
truly south pure veg,3,1,3,High,Conservative normalization
turning point,3,1,3,High,Conservative normalization
udipi hotel,3,1,3,High,Conservative normalization
udta punjab kitchen,3,2,3,Medium,Conservative normalization
udupi cafe,3,2,3,Medium,Conservative normalization
udupi grand,3,2,3,Medium,Conservative normalization
udupi swada,3,2,3,Medium,Conservative normalization
udupi tiffins,3,1,3,High,Conservative normalization
ueir organic foods,3,1,3,High,Conservative normalization
ulfat e biryani,3,1,3,High,Conservative normalization
uncle peter s pancakes,3,1,3,High,Conservative normalization
united farmers creamery ufc,3,1,3,High,Conservative normalization
upper crust,3,1,3,High,Conservative normalization
urban bites,3,1,3,High,Conservative normalization
urban eatery,3,2,3,Medium,Conservative normalization
urban khichdi,3,1,3,High,Conservative normalization
urban meal,3,1,3,High,Conservative normalization
urban turban,3,2,3,Medium,Conservative normalization
us pizza co,3,3,3,Medium,Conservative normalization
v cafe,3,2,3,Medium,Conservative normalization
v grand,3,1,3,High,Conservative normalization
va pho,3,1,3,High,Conservative normalization
vada pav king,3,3,3,Medium,Conservative normalization
vaibhav restaurant,3,1,3,High,Conservative normalization
vaishnav dhaba,3,2,3,Medium,Conservative normalization
vaishno rasoi,3,2,3,Medium,Conservative normalization
vaishno thali,3,1,3,High,Conservative normalization
vasista s sri lakshmi,3,1,3,High,Conservative normalization
veere da dhaba,3,2,3,Medium,Conservative normalization
veg bites,3,2,3,Medium,Conservative normalization
veg sutra,3,2,3,Medium,Conservative normalization
veggie chulha,3,2,3,Medium,Conservative normalization
veggie factory,3,2,3,Medium,Conservative normalization
velan kaappi,3,1,3,High,Conservative normalization
via milano,3,1,3,High,Conservative normalization
vijay hotel,3,2,3,Medium,Conservative normalization
vijayalakshmi veg,3,1,3,High,Conservative normalization
vinaya cafe,3,2,3,Medium,Conservative normalization
vrindavan,3,1,3,High,Conservative normalization
vyanjan restaurant,3,2,3,Medium,Conservative normalization
waff o de,3,1,3,High,Conservative normalization
waffl d,3,1,3,High,Conservative normalization
waffle hut,3,1,3,High,Conservative normalization
waffle king,3,2,3,Medium,Conservative normalization
waffle palace,3,1,3,High,Conservative normalization
waffle street,3,2,3,Medium,Conservative normalization
waffles,3,2,3,Medium,Conservative normalization
waffles and cream,3,3,3,Medium,Conservative normalization
waffles and more,3,2,3,Medium,Conservative normalization
waffles by di bella,3,1,3,High,Conservative normalization
waffles pizza,3,2,3,Medium,Conservative normalization
wah bhai wah,3,1,3,High,Conservative normalization
wah momo,3,2,3,Medium,Conservative normalization
wahh chaap,3,2,3,Medium,Conservative normalization
wakhra swaad,3,1,3,High,Conservative normalization
walia chicken corner,3,1,3,High,Conservative normalization
wander shawarma and momo,3,3,3,Medium,Conservative normalization
watson s,3,1,3,High,Conservative normalization
wellnesson nutritionist crafted healthy food,3,1,3,High,Conservative normalization
whatsapp cafe,3,1,3,High,Conservative normalization
wichee,3,2,3,Medium,Conservative normalization
wild wild west,3,2,3,Medium,Conservative normalization
wok and chops,3,2,3,Medium,Conservative normalization
wok and roll,3,2,3,Medium,Conservative normalization
wok in china,3,3,3,Medium,Conservative normalization
wok in the clouds,3,2,3,Medium,Conservative normalization
wok n more,3,3,3,Medium,Conservative normalization
wokman,3,1,3,High,Conservative normalization
world of desserts,3,2,3,Medium,Conservative normalization
wow burger,3,2,3,Medium,Conservative normalization
wow cafe,3,3,3,Medium,Conservative normalization
wow momos,3,3,3,Medium,Conservative normalization
wow shawarma,3,2,3,Medium,Conservative normalization
wraps n rolls,3,1,3,High,Conservative normalization
wtf where s the food,3,3,3,Medium,Conservative normalization
yauatcha,3,1,3,High,Conservative normalization
yellow munchies,3,1,3,High,Conservative normalization
yes cake,3,1,3,High,Conservative normalization
yo china express,3,2,3,Medium,Conservative normalization
yo chinese hut,3,3,3,Medium,Conservative normalization
yo frankie pure veg,3,1,3,High,Conservative normalization
yours pizza,3,1,3,High,Conservative normalization
yum yum cha,3,1,3,High,Conservative normalization
yum yum tree,3,2,3,Medium,Conservative normalization
yummy cakes,3,3,3,Medium,Conservative normalization
yummy fast food corner,3,1,3,High,Conservative normalization
yummy snacks,3,1,3,High,Conservative normalization
yummy world,3,2,3,Medium,Conservative normalization
zaffran restaurant,3,2,3,Medium,Conservative normalization
zaika biryani ka,3,2,3,Medium,Conservative normalization
zaika chicken corner,3,2,3,Medium,Conservative normalization
zaika fast food,3,2,3,Medium,Conservative normalization
zaika kathi roll,3,1,3,High,Conservative normalization
zaika muradabadi chicken biryani,3,3,3,Medium,Conservative normalization
zam zam shawarma,3,2,3,Medium,Conservative normalization
zeeshan apna hyderabadi food,3,1,3,High,Conservative normalization
zeeshan restaurant,3,1,3,High,Conservative normalization
zen cafe,3,1,3,High,Conservative normalization
zoomeno d pizza,3,2,3,Medium,Conservative normalization
zorko brand of food lovers,3,2,3,Medium,Conservative normalization
1 bake shop,2,1,2,High,Conservative normalization
100n,2,1,2,High,Conservative normalization
10d express,2,1,2,High,Conservative normalization
11 spices,2,2,2,Medium,Conservative normalization
11th avenue cafe bistro,2,1,2,High,Conservative normalization
129 pizza,2,2,2,Medium,Conservative normalization
149 biryani,2,2,2,Medium,Conservative normalization
15 minutes maggi,2,1,2,High,Conservative normalization
186 celsius,2,1,2,High,Conservative normalization
1900 ad a kitchen love story,2,1,2,High,Conservative normalization
1989 milkshakes,2,2,2,Medium,Conservative normalization
22nd parallel,2,2,2,Medium,Conservative normalization
24 7 cafe,2,2,2,Medium,Conservative normalization
24hourcake,2,1,2,High,Conservative normalization
24k kraft brewzz,2,2,2,Medium,Conservative normalization
24x7 cake event,2,1,2,High,Conservative normalization
2nd wife,2,2,2,Medium,Conservative normalization
3 mangos,2,1,2,High,Conservative normalization
36 hongkong street,2,2,2,Medium,Conservative normalization
360 degree pizzateria,2,1,2,High,Conservative normalization
3f food for foodies,2,2,2,Medium,Conservative normalization
47 south tangra road,2,1,2,High,Conservative normalization
5 shots bistro cafe,2,2,2,Medium,Conservative normalization
5 star chicken,2,1,2,High,Conservative normalization
5 star dhaba,2,1,2,High,Conservative normalization
555 biryani,2,2,2,Medium,Conservative normalization
5g kitchen,2,2,2,Medium,Conservative normalization
6 ballygunge place,2,1,2,High,Conservative normalization
6 flavours,2,2,2,Medium,Conservative normalization
69 baker street,2,1,2,High,Conservative normalization
6th street yogurt,2,1,2,High,Conservative normalization
7 12 fried ice cream,2,1,2,High,Conservative normalization
7 12 fried icecream parlour,2,2,2,Medium,Conservative normalization
7 days kitchen,2,1,2,High,Conservative normalization
7 eleven,2,1,2,High,Conservative normalization
7 eleven restaurant,2,2,2,Medium,Conservative normalization
7 sisters,2,2,2,Medium,Conservative normalization
70 s frogurt hood,2,1,2,High,Conservative normalization
72biryanis,2,2,2,Medium,Conservative normalization
7th heaven bakery,2,2,2,Medium,Conservative normalization
7th heaven slice of happiness,2,2,2,Medium,Conservative normalization
89rs biryani,2,1,2,High,Conservative normalization
8am tiffins,2,1,1,High,Conservative normalization
9 tea,2,1,2,High,Conservative normalization
9 tea s cafe,2,2,2,Medium,Conservative normalization
90s kids restaurant,2,2,2,Medium,Conservative normalization
90s tiffins,2,1,2,High,Conservative normalization
9834 the fruit window,2,1,2,High,Conservative normalization
99 khichdi,2,2,2,Medium,Conservative normalization
99 kitchen,2,2,2,Medium,Conservative normalization
99 momos,2,2,2,Medium,Conservative normalization
99 pizza,2,2,2,Medium,Conservative normalization
99 splash juice parlour,2,1,2,High,Conservative normalization
99 variety dosa,2,2,2,Medium,Conservative normalization
99 waffles,2,1,2,High,Conservative normalization
9th recipe,2,1,2,High,Conservative normalization
a and s china town,2,2,2,Medium,Conservative normalization
a bleu basil,2,2,2,Medium,Conservative normalization
a d momos,2,2,2,Medium,Conservative normalization
a emporter,2,1,2,High,Conservative normalization
a f c,2,1,2,High,Conservative normalization
a hole lotta love cafe,2,2,2,Medium,Conservative normalization
a little kitchen,2,2,2,Medium,Conservative normalization
a m biryani,2,2,2,Medium,Conservative normalization
a one bombay biryani,2,2,2,Medium,Conservative normalization
a one cafe,2,2,2,Medium,Conservative normalization
a one chicken biryani center,2,2,2,Medium,Conservative normalization
a one coco,2,1,2,High,Conservative normalization
a one food zone,2,2,2,Medium,Conservative normalization
a one muradabadi chicken biryani,2,2,2,Medium,Conservative normalization
a one muradabadi chicken corner,2,2,2,Medium,Conservative normalization
a one pizza,2,1,2,High,Conservative normalization
a one restaurant,2,1,2,High,Conservative normalization
a one taj biryani house,2,2,2,Medium,Conservative normalization
a taste of indore,2,2,2,Medium,Conservative normalization
a1 ambur dum biriyani,2,2,2,Medium,Conservative normalization
a1 fast food,2,1,2,High,Conservative normalization
a1 fast food center,2,2,2,Medium,Conservative normalization
a1 pizza point,2,1,2,High,Conservative normalization
a1 xprs,2,2,2,Medium,Conservative normalization
a2 milk factory,2,1,2,High,Conservative normalization
aabar khabo,2,1,2,High,Conservative normalization
aachi mess,2,2,2,Medium,Conservative normalization
aagman restaurant,2,1,2,High,Conservative normalization
aaha andhra,2,1,2,High,Conservative normalization
aahar cafe,2,2,2,Medium,Conservative normalization
aahar vihar,2,1,2,High,Conservative normalization
aahare kolkata,2,2,2,Medium,Conservative normalization
aai ki rasoi,2,1,2,High,Conservative normalization
aalishan restaurant and caterer,2,1,2,High,Conservative normalization
aamantran bangla,2,1,2,High,Conservative normalization
aamantran pure veg,2,1,2,High,Conservative normalization
aamar bangla,2,2,2,Medium,Conservative normalization
aamio bengali,2,1,2,High,Conservative normalization
aao ji khao ji,2,2,2,Medium,Conservative normalization
aaojee,2,1,2,High,Conservative normalization
aarambam sweet house,2,1,2,High,Conservative normalization
aarohi s kitchen,2,2,2,Medium,Conservative normalization
aaron kitchen,2,1,2,High,Conservative normalization
aarudhra family restaurant,2,1,2,High,Conservative normalization
aashirwad restaurant,2,2,2,Medium,Conservative normalization
aasife biryani,2,1,2,High,Conservative normalization
aasife briyani,2,2,2,Medium,Conservative normalization
aathurar biriyani,2,2,2,Medium,Conservative normalization
aatithya,2,1,2,High,Conservative normalization
aayaat biryani,2,1,2,High,Conservative normalization
aazhi seafood mess,2,2,2,Medium,Conservative normalization
ab chai pe charcha,2,1,2,High,Conservative normalization
ab restaurant,2,1,2,High,Conservative normalization
abdul muradabadi chicken corner,2,1,2,High,Conservative normalization
abhi restaurant,2,2,2,Medium,Conservative normalization
abhi s kitchen,2,2,2,Medium,Conservative normalization
abhiman pure veg,2,2,2,Medium,Conservative normalization
abhinandan restaurant,2,2,2,Medium,Conservative normalization
abhiruchi hotel,2,1,2,High,Conservative normalization
abhishek kitchen,2,2,2,Medium,Conservative normalization
abs absolute barbecues,2,1,2,High,Conservative normalization
absabsolutebarbecues,2,1,2,High,Conservative normalization
absolute barbecues ab s,2,2,2,Medium,Conservative normalization
absolute china,2,1,2,High,Conservative normalization
absolute fried chicken,2,1,2,High,Conservative normalization
absolute punjab,2,1,2,High,Conservative normalization
absolute shahiya,2,1,2,High,Conservative normalization
abu bhai biriyani,2,1,2,High,Conservative normalization
achayans cafe,2,2,2,Medium,Conservative normalization
ad s biryani,2,2,2,Medium,Conservative normalization
adarsh bakery,2,2,2,Medium,Conservative normalization
adarsh confectioners,2,2,2,Medium,Conservative normalization
adarsh fast food,2,1,2,High,Conservative normalization
adarsha hindu hotel,2,1,2,High,Conservative normalization
adda,2,1,2,High,Conservative normalization
adda zone,2,1,2,High,Conservative normalization
aditi kitchen,2,1,2,High,Conservative normalization
aditi s kitchen,2,2,2,Medium,Conservative normalization
aditya cafe,2,2,2,Medium,Conservative normalization
aditya inn restaurant,2,1,1,High,Conservative normalization
aditya sweets,2,2,2,Medium,Conservative normalization
adukukattu biryani,2,1,2,High,Conservative normalization
afc food point,2,1,2,High,Conservative normalization
afc restaurant,2,1,2,High,Conservative normalization
afghan darbar,2,2,2,Medium,Conservative normalization
afghani grill house,2,1,2,High,Conservative normalization
after dark,2,1,2,High,Conservative normalization
agam bakers,2,1,2,High,Conservative normalization
agarwal foods,2,2,2,Medium,Conservative normalization
agarwal s kitchen,2,1,2,High,Conservative normalization
agarwal sweet corner,2,2,2,Medium,Conservative normalization
agarwals family dhaba,2,2,2,Medium,Conservative normalization
agra chaat bhandar,2,1,2,High,Conservative normalization
agra chat bhandar,2,1,2,High,Conservative normalization
agra sweet house,2,1,2,High,Conservative normalization
agra sweets and namkeen,2,2,2,Medium,Conservative normalization
agrawal bhojnalye and tiffin center,2,1,2,High,Conservative normalization
agrawal chat bhandar,2,2,2,Medium,Conservative normalization
agrawal kachori,2,1,2,High,Conservative normalization
aha biryani,2,2,2,Medium,Conservative normalization
ahare,2,1,2,High,Conservative normalization
ahho thali aali,2,1,2,High,Conservative normalization
ahmed hotel,2,2,2,Medium,Conservative normalization
aibaik,2,2,2,Medium,Conservative normalization
airport centre point golden harvest,2,1,2,High,Conservative normalization
ajanta hotel,2,1,2,High,Conservative normalization
ajanta restaurant,2,1,2,High,Conservative normalization
ajantha mess,2,1,2,High,Conservative normalization
ajay s takeaway food,2,2,2,Medium,Conservative normalization
ajay sweets,2,2,2,Medium,Conservative normalization
ajeet retail llp farm krisp,2,2,2,Medium,Conservative normalization
ajeet retail llp new farm krisp,2,1,2,High,Conservative normalization
ajwaa restaurant,2,2,2,Medium,Conservative normalization
akchra fast food corner,2,1,2,High,Conservative normalization
akshar restaurant,2,1,2,High,Conservative normalization
akshay hotel,2,1,2,High,Conservative normalization
akshay snacks,2,2,2,Medium,Conservative normalization
akshaya bhavan,2,1,2,High,Conservative normalization
akshaya restaurant,2,1,2,High,Conservative normalization
akshra pizza corner,2,1,2,High,Conservative normalization
aku s the brrgrr co,2,2,2,Medium,Conservative normalization
al arabian grills,2,2,2,Medium,Conservative normalization
al arabian mandi restaurant,2,2,2,Medium,Conservative normalization
al arabian nights,2,2,2,Medium,Conservative normalization
al baik chicken,2,2,2,Medium,Conservative normalization
al baik feasto express,2,2,2,Medium,Conservative normalization
al baik xpress,2,2,2,Medium,Conservative normalization
al baike arabecue,2,1,2,High,Conservative normalization
al beck,2,1,2,High,Conservative normalization
al forno,2,2,2,Medium,Conservative normalization
al habibi,2,2,2,Medium,Conservative normalization
al hifazat kabab s and caterers,2,2,2,Medium,Conservative normalization
al karim family restaurant,2,2,2,Medium,Conservative normalization
al karim fast food,2,1,1,High,Conservative normalization
al khair restaurant,2,2,2,Medium,Conservative normalization
al lazeez biryani,2,2,2,Medium,Conservative normalization
al madina foods,2,1,2,High,Conservative normalization
al madina restaurant,2,2,2,Medium,Conservative normalization
al mubarak biriyani,2,2,2,Medium,Conservative normalization
al pakiza restaurant,2,1,2,High,Conservative normalization
al rabea al arabi cafeteria,2,1,2,High,Conservative normalization
al rasheed,2,1,2,High,Conservative normalization
al sama arabian street,2,2,2,Medium,Conservative normalization
al taj family restaurant,2,2,2,Medium,Conservative normalization
al zaika chicken corner,2,2,2,Medium,Conservative normalization
al zaika restaurant,2,2,2,Medium,Conservative normalization
aladdin shawarma,2,1,2,High,Conservative normalization
alam bbq and kebabs,2,2,2,Medium,Conservative normalization
alam muradabadi chicken biryani corner,2,1,2,High,Conservative normalization
alaturka,2,1,2,High,Conservative normalization
albela biriyani,2,2,2,Medium,Conservative normalization
albela biryani,2,1,2,High,Conservative normalization
alibaba,2,2,2,Medium,Conservative normalization
alien stone,2,2,2,Medium,Conservative normalization
alif foods,2,2,2,Medium,Conservative normalization
alif restaurant,2,2,2,Medium,Conservative normalization
aligarh biryani,2,1,2,High,Conservative normalization
alka s kitchen,2,2,2,Medium,Conservative normalization
all around pizza,2,2,2,Medium,Conservative normalization
all day parathas,2,1,2,High,Conservative normalization
alpha restaurant,2,1,2,High,Conservative normalization
alreef,2,1,2,High,Conservative normalization
am pm food court,2,2,2,Medium,Conservative normalization
am to pm,2,2,2,Medium,Conservative normalization
amaira,2,1,2,High,Conservative normalization
aman fast food,2,2,2,Medium,Conservative normalization
aman momos,2,1,2,High,Conservative normalization
amantran,2,1,2,High,Conservative normalization
amantran bengali restaurant,2,1,2,High,Conservative normalization
amar bakery,2,2,2,Medium,Conservative normalization
amar fast food and restaurant,2,2,2,Medium,Conservative normalization
amar restaurant,2,2,2,Medium,Conservative normalization
amazing blazing cakes,2,1,2,High,Conservative normalization
amazing cake 24 7 com,2,2,2,Medium,Conservative normalization
amazing hydrabadi dum biryani,2,1,2,High,Conservative normalization
amba bhavani hotel,2,2,2,Medium,Conservative normalization
ambala chat house,2,1,2,High,Conservative normalization
amber,2,2,2,Medium,Conservative normalization
amber restaurant,2,1,2,High,Conservative normalization
ambersar by enoki,2,1,2,High,Conservative normalization
ambersari kukkad,2,1,2,High,Conservative normalization
ambica namkeen and farsan,2,2,2,Medium,Conservative normalization
ambika family restaurant,2,1,2,High,Conservative normalization
ambika tiffin centre,2,1,2,High,Conservative normalization
ambrosios,2,1,2,High,Conservative normalization
ambur 5 star biryani,2,1,2,High,Conservative normalization
ambur basmati biryani,2,1,2,High,Conservative normalization
ambur biriyani,2,1,2,High,Conservative normalization
ambur biriyani point,2,1,2,High,Conservative normalization
ambur biryani house,2,2,2,Medium,Conservative normalization
ambur five star dum biriyani,2,2,2,Medium,Conservative normalization
american bites,2,2,2,Medium,Conservative normalization
american burger cafe,2,1,2,High,Conservative normalization
american cuisine,2,1,2,High,Conservative normalization
american fried chicken,2,1,2,High,Conservative normalization
american waffle house,2,1,2,High,Conservative normalization
amhi kolhapuri,2,2,2,Medium,Conservative normalization
aminia,2,2,2,Medium,Conservative normalization
aminiya biryani,2,2,2,Medium,Conservative normalization
amma biryani house,2,1,2,High,Conservative normalization
amma chethi vanta,2,1,2,High,Conservative normalization
amma cheyyi curry point,2,1,2,High,Conservative normalization
amma food court,2,2,2,Medium,Conservative normalization
amma foods,2,2,2,Medium,Conservative normalization
amma restaurant,2,2,2,Medium,Conservative normalization
amma samayal,2,1,2,High,Conservative normalization
amma tiffins,2,2,2,Medium,Conservative normalization
amman fast food,2,2,2,Medium,Conservative normalization
ammas pastries,2,1,2,High,Conservative normalization
ammayi veedu pot cook,2,1,2,High,Conservative normalization
ammi jaan biryani,2,2,2,Medium,Conservative normalization
amminis,2,1,2,High,Conservative normalization
ammu by chef amninder sandhu,2,1,2,High,Conservative normalization
amore,2,2,2,Medium,Conservative normalization
amrita foods,2,1,2,High,Conservative normalization
amritam super foods,2,1,2,High,Conservative normalization
amritsar dhaba,2,2,2,Medium,Conservative normalization
amritsar haveli,2,1,2,High,Conservative normalization
amritsari,2,1,2,High,Conservative normalization
amritsari chur chur naan,2,1,2,High,Conservative normalization
amritsari food,2,2,2,Medium,Conservative normalization
amritsari hatti,2,1,2,High,Conservative normalization
amritsari kulcha 24 7,2,2,2,Medium,Conservative normalization
amritsari kulcha hut,2,1,2,High,Conservative normalization
amritsari naan,2,2,2,Medium,Conservative normalization
amritsari punjabi dhaba,2,2,2,Medium,Conservative normalization
amritsari restaurant,2,1,2,High,Conservative normalization
amritsari swaad,2,1,2,High,Conservative normalization
amru meat wale,2,2,2,Medium,Conservative normalization
amrutam,2,2,2,Medium,Conservative normalization
amrutha biryanis,2,1,2,High,Conservative normalization
amrutha home foods,2,1,2,High,Conservative normalization
amrutha swagruha foods,2,1,2,High,Conservative normalization
amrutha vilas,2,1,2,High,Conservative normalization
amul parlour,2,1,2,High,Conservative normalization
anaganaga,2,1,2,High,Conservative normalization
anamika s kitchen,2,2,2,Medium,Conservative normalization
anand,2,1,1,High,Conservative normalization
anand food corner,2,2,2,Medium,Conservative normalization
anand hi anand,2,2,2,Medium,Conservative normalization
anand kitchen,2,2,2,Medium,Conservative normalization
ananda tiffins,2,2,2,Medium,Conservative normalization
ananta food court,2,2,2,Medium,Conservative normalization
ananya food court,2,1,2,High,Conservative normalization
ancient andhra,2,1,2,High,Conservative normalization
ande ka fanda,2,2,2,Medium,Conservative normalization
ande ke funde,2,1,2,High,Conservative normalization
andhra aromas,2,1,2,High,Conservative normalization
andhra biryani house,2,1,2,High,Conservative normalization
andhra canteen,2,2,2,Medium,Conservative normalization
andhra curry s point,2,2,2,Medium,Conservative normalization
andhra hotel,2,2,2,Medium,Conservative normalization
andhra kafe,2,1,2,High,Conservative normalization
andhra rice boxes,2,1,2,High,Conservative normalization
andhra ruchi,2,2,2,Medium,Conservative normalization
andhra spices,2,1,2,High,Conservative normalization
andhra tiffin center,2,1,2,High,Conservative normalization
ane china,2,1,2,High,Conservative normalization
angaara restaurant,2,2,2,Medium,Conservative normalization
angara restaurant,2,2,2,Medium,Conservative normalization
angel restaurant,2,1,2,High,Conservative normalization
angrezi dhaba,2,1,2,High,Conservative normalization
angry paaji,2,2,2,Medium,Conservative normalization
anifa biriyani,2,1,2,High,Conservative normalization
anipuri panipuri,2,1,2,High,Conservative normalization
anir s,2,1,2,High,Conservative normalization
anish fast food,2,2,2,Medium,Conservative normalization
anjali foods,2,2,2,Medium,Conservative normalization
anjali restaurant,2,2,2,Medium,Conservative normalization
anjanas kitchen,2,2,2,Medium,Conservative normalization
anjaneya family restaurants veg and nonveg,2,1,2,High,Conservative normalization
anjaneya rice bowls,2,1,2,High,Conservative normalization
ankapur village military hotel,2,1,2,High,Conservative normalization
ankara,2,1,2,High,Conservative normalization
ankur restaurant,2,2,2,Medium,Conservative normalization
ann dhaba,2,2,2,Medium,Conservative normalization
anna,2,2,2,Medium,Conservative normalization
anna dosa wala,2,2,2,Medium,Conservative normalization
anna madras cafe,2,2,2,Medium,Conservative normalization
anna s cafe,2,2,2,Medium,Conservative normalization
anna vanna,2,1,2,High,Conservative normalization
anna viruksham,2,1,2,High,Conservative normalization
annai hotel,2,2,2,Medium,Conservative normalization
annai restaurant,2,2,2,Medium,Conservative normalization
annapoorna,2,1,2,High,Conservative normalization
annapurna bhojnalay,2,1,2,High,Conservative normalization
annapurna bhojnalaya,2,1,2,High,Conservative normalization
annapurna dhaba,2,2,2,Medium,Conservative normalization
annapurna fast food,2,2,2,Medium,Conservative normalization
annapurna fast food center,2,1,2,High,Conservative normalization
annapurna mess,2,2,2,Medium,Conservative normalization
annapurna tiffin services,2,1,2,High,Conservative normalization
annapurna tiffins,2,2,2,Medium,Conservative normalization
annapurna veg,2,2,2,Medium,Conservative normalization
anshu kitchen,2,1,2,High,Conservative normalization
anu home foods,2,1,2,High,Conservative normalization
anu s kitchen,2,1,2,High,Conservative normalization
anupama sweets and restaurant,2,1,2,High,Conservative normalization
anus kitchen,2,1,2,High,Conservative normalization
anvi 6 spoon restaurant,2,1,2,High,Conservative normalization
anytime cake,2,2,2,Medium,Conservative normalization
apki apni rasoi,2,1,2,High,Conservative normalization
apna chicken corner,2,2,2,Medium,Conservative normalization
apna punjab,2,1,2,High,Conservative normalization
apna punjabi dhaba,2,1,2,High,Conservative normalization
apna rasoi,2,2,2,Medium,Conservative normalization
apna vaishno dhaba,2,1,2,High,Conservative normalization
apnaa addaa cafe,2,1,2,High,Conservative normalization
apni bakery,2,2,2,Medium,Conservative normalization
apni dukan,2,1,2,High,Conservative normalization
apni rasooi,2,1,2,High,Conservative normalization
apoorva mess,2,2,2,Medium,Conservative normalization
appa,2,1,2,High,Conservative normalization
appa bhel,2,1,2,High,Conservative normalization
appachi mess,2,1,2,High,Conservative normalization
appayan,2,2,2,Medium,Conservative normalization
appetite,2,1,2,High,Conservative normalization
apple restaurant,2,1,2,High,Conservative normalization
appu s pizzeria,2,2,2,Medium,Conservative normalization
apsara badam milk since 1972,2,2,2,Medium,Conservative normalization
apsara cafe,2,1,2,High,Conservative normalization
apsara restaurant,2,1,2,High,Conservative normalization
apsara s sugandha squash,2,1,2,High,Conservative normalization
apurva sweets and bakery,2,1,2,High,Conservative normalization
aqua,2,1,2,High,Conservative normalization
ar biryani point,2,2,2,Medium,Conservative normalization
ar ice gola and kova milks,2,2,2,Medium,Conservative normalization
arabain shawarma,2,2,2,Medium,Conservative normalization
arabi sutta kozhi,2,2,2,Medium,Conservative normalization
arabian cafe,2,2,2,Medium,Conservative normalization
arabian chicken shawarma,2,2,2,Medium,Conservative normalization
arabian delight,2,1,2,High,Conservative normalization
arabian delites,2,1,2,High,Conservative normalization
arabian food court,2,2,2,Medium,Conservative normalization
arabian haleem,2,1,2,High,Conservative normalization
arabian home food,2,2,2,Medium,Conservative normalization
arabian hunt,2,1,2,High,Conservative normalization
arabian juices and salads,2,2,2,Medium,Conservative normalization
arabian majlis,2,1,2,High,Conservative normalization
arabian shawarma hub,2,2,2,Medium,Conservative normalization
arabic resto,2,2,2,Medium,Conservative normalization
aradhana,2,2,2,Medium,Conservative normalization
arafa manjali biriyani house,2,2,2,Medium,Conservative normalization
archana pure veg,2,2,2,Medium,Conservative normalization
arey o sambhar,2,1,2,High,Conservative normalization
arihant s naturals icecream and shakes,2,1,2,High,Conservative normalization
armani kitchen,2,2,2,Medium,Conservative normalization
arnav restaurant,2,1,2,High,Conservative normalization
arogya ahaara,2,1,2,High,Conservative normalization
aroma bakery,2,1,2,High,Conservative normalization
aroma cafe and restaurant,2,2,2,Medium,Conservative normalization
aroma s biryani by reddys,2,2,2,Medium,Conservative normalization
aromas kitchen,2,2,2,Medium,Conservative normalization
arsalan,2,2,2,Medium,Conservative normalization
arshad ali shahi biryani,2,2,2,Medium,Conservative normalization
art of biryani,2,2,2,Medium,Conservative normalization
art of chaap,2,2,2,Medium,Conservative normalization
art of dum,2,1,2,High,Conservative normalization
art of spices,2,1,2,High,Conservative normalization
arun tea stall,2,1,2,High,Conservative normalization
arvind family restaurant,2,2,2,Medium,Conservative normalization
aryan fast food,2,1,2,High,Conservative normalization
as biryani house,2,2,2,Medium,Conservative normalization
asap as spicy as possible,2,2,2,Medium,Conservative normalization
asha tiffins,2,2,2,Medium,Conservative normalization
ashapura fast food,2,1,2,High,Conservative normalization
ashapura restaurant,2,1,2,High,Conservative normalization
ashirvaad grand,2,1,2,High,Conservative normalization
ashirwad kitchens,2,1,2,High,Conservative normalization
ashirwad restaurant,2,2,2,Medium,Conservative normalization
ashok fruit and juice center,2,1,2,High,Conservative normalization
ashok hotel,2,1,2,High,Conservative normalization
ashray,2,1,2,High,Conservative normalization
asia seven express,2,1,2,High,Conservative normalization
asian haus by haus delivery,2,1,2,High,Conservative normalization
asian inn,2,1,1,High,Conservative normalization
asian meal box,2,1,2,High,Conservative normalization
asli desi thaath,2,1,2,High,Conservative normalization
asli dum biryani,2,1,2,High,Conservative normalization
asli pishori kharode wala,2,2,2,Medium,Conservative normalization
asoka restaurant,2,1,2,High,Conservative normalization
assal biryani,2,2,2,Medium,Conservative normalization
astha cake house,2,1,2,High,Conservative normalization
athidhi restaurant,2,1,2,High,Conservative normalization
athidi family restaurant,2,1,2,High,Conservative normalization
atithi appayan,2,2,2,Medium,Conservative normalization
atithi dhaba,2,1,2,High,Conservative normalization
atithi express,2,1,2,High,Conservative normalization
atithi inn,2,2,2,Medium,Conservative normalization
atithi veg,2,1,2,High,Conservative normalization
atmosphere,2,1,2,High,Conservative normalization
attitude cafe and restaurant nxt,2,1,2,High,Conservative normalization
atul bakery,2,1,2,High,Conservative normalization
aunty momos,2,1,2,High,Conservative normalization
aurous restro lounge,2,1,1,High,Conservative normalization
authentic andhra restaurant,2,1,2,High,Conservative normalization
authentic belgian waffles,2,1,2,High,Conservative normalization
authentic biryani world,2,1,2,High,Conservative normalization
auto briyani,2,2,2,Medium,Conservative normalization
avakai gongura ruchulu,2,1,2,High,Conservative normalization
avakaya biryani,2,2,2,Medium,Conservative normalization
avarya flavors of india,2,1,2,High,Conservative normalization
avin karthik,2,1,2,High,Conservative normalization
avoke the avocado cafe,2,1,2,High,Conservative normalization
awadh non veg point,2,2,2,Medium,Conservative normalization
awwsome bite,2,2,2,Medium,Conservative normalization
ayappa fast food,2,1,1,High,Conservative normalization
ayush kitchen,2,2,2,Medium,Conservative normalization
azad sweets and restaurant,2,1,2,High,Conservative normalization
b and b tiffins and irani chai fec,2,1,2,High,Conservative normalization
b g naidu sweets,2,2,2,Medium,Conservative normalization
baap of shawarma,2,1,2,High,Conservative normalization
baba bakers,2,1,2,High,Conservative normalization
baba burger,2,1,2,High,Conservative normalization
baba chinese food,2,1,2,High,Conservative normalization
baba fast food,2,1,2,High,Conservative normalization
baba home made biryani meals at fec,2,1,2,High,Conservative normalization
baba z,2,2,2,Medium,Conservative normalization
babai tiffins,2,1,2,High,Conservative normalization
babbu hotel,2,1,2,High,Conservative normalization
babbu meat wala,2,1,2,High,Conservative normalization
babji grill kitchen,2,1,2,High,Conservative normalization
bablu chic inn,2,2,2,Medium,Conservative normalization
babul,2,1,2,High,Conservative normalization
babumosai,2,2,2,Medium,Conservative normalization
baby restaurant,2,2,2,Medium,Conservative normalization
bachellor biryani,2,1,2,High,Conservative normalization
bachelorr s,2,1,2,High,Conservative normalization
back benchers,2,1,2,High,Conservative normalization
back benchers cafe,2,1,2,High,Conservative normalization
backstreet cafe,2,2,2,Medium,Conservative normalization
backstreet kitchen,2,1,2,High,Conservative normalization
badaburger,2,1,2,High,Conservative normalization
badshah foods,2,1,2,High,Conservative normalization
badshahs of biryani,2,1,2,High,Conservative normalization
bagicha the farm restaurant,2,1,2,High,Conservative normalization
bahaar cafe s,2,1,2,High,Conservative normalization
baithack taste of kulhad,2,2,2,Medium,Conservative normalization
baithak,2,1,2,High,Conservative normalization
baithak restaurant,2,1,2,High,Conservative normalization
bajrang chat bhandar,2,1,2,High,Conservative normalization
bake and bite,2,1,2,High,Conservative normalization
bake avenue,2,1,2,High,Conservative normalization
bake away,2,2,2,Medium,Conservative normalization
bake junction,2,1,2,High,Conservative normalization
bake me good,2,1,2,High,Conservative normalization
bake n joy,2,2,2,Medium,Conservative normalization
bake n take,2,2,2,Medium,Conservative normalization
bake street,2,2,2,Medium,Conservative normalization
bake the cake btc,2,1,2,High,Conservative normalization
bake time,2,1,2,High,Conservative normalization
bake uh oh,2,1,2,High,Conservative normalization
bakeamor,2,1,2,High,Conservative normalization
bakeneto bakery and cake,2,1,2,High,Conservative normalization
baker s king,2,2,2,Medium,Conservative normalization
baker s pride,2,1,2,High,Conservative normalization
baker s zone,2,2,2,Medium,Conservative normalization
bakers bunch,2,1,2,High,Conservative normalization
bakers house,2,2,2,Medium,Conservative normalization
bakers hub,2,2,2,Medium,Conservative normalization
bakers live,2,2,2,Medium,Conservative normalization
bakers oven,2,2,2,Medium,Conservative normalization
bakers paradise,2,1,2,High,Conservative normalization
bakers point,2,2,2,Medium,Conservative normalization
bakers pride,2,1,2,High,Conservative normalization
bakers room cake shop,2,2,2,Medium,Conservative normalization
bakers world,2,2,2,Medium,Conservative normalization
bakery 24 7,2,2,2,Medium,Conservative normalization
bakery basket,2,2,2,Medium,Conservative normalization
baking bad,2,1,2,High,Conservative normalization
bakington,2,1,2,High,Conservative normalization
bakkings elite,2,1,2,High,Conservative normalization
baklava king,2,1,2,High,Conservative normalization
bakya veg restaurant,2,1,2,High,Conservative normalization
balaji bhel chat center,2,1,2,High,Conservative normalization
balaji dhaba,2,2,2,Medium,Conservative normalization
balaji fast food center,2,2,2,Medium,Conservative normalization
balaji food,2,2,2,Medium,Conservative normalization
balaji pav bhaji,2,1,2,High,Conservative normalization
balaji sweets,2,1,2,High,Conservative normalization
balaram mullick and radharaman mullick sweets,2,2,2,Medium,Conservative normalization
balista,2,1,2,High,Conservative normalization
baljeet s amritsari koolcha,2,1,2,High,Conservative normalization
balle balle chow chow,2,1,2,High,Conservative normalization
balle balle dhaba,2,1,2,High,Conservative normalization
balle balle kitchen,2,1,2,High,Conservative normalization
banana leaf ac restaurant,2,1,2,High,Conservative normalization
banana leaf restaurant,2,2,2,Medium,Conservative normalization
banarasi ghaat lassi,2,1,2,High,Conservative normalization
banarasi paan cafe,2,1,1,High,Conservative normalization
banarasiwala,2,1,2,High,Conservative normalization
banarsi pan,2,1,2,High,Conservative normalization
banashankari donne biriyani,2,2,2,Medium,Conservative normalization
bangali ahar,2,2,2,Medium,Conservative normalization
bangalir rannaghar,2,2,2,Medium,Conservative normalization
bangalore bakers,2,1,2,High,Conservative normalization
bangalore dessert company,2,1,2,High,Conservative normalization
bangalore iyanga r bakery,2,1,2,High,Conservative normalization
bangalore mandarin,2,1,2,High,Conservative normalization
bangalore thindies,2,1,2,High,Conservative normalization
bangarpete chats,2,1,2,High,Conservative normalization
bangkok169,2,1,2,High,Conservative normalization
bangla foods,2,1,2,High,Conservative normalization
banglore iyanger bakery,2,1,2,High,Conservative normalization
banjara barbeque,2,1,2,High,Conservative normalization
banjara fast food,2,1,2,High,Conservative normalization
banjara restaurant,2,1,2,High,Conservative normalization
banjo s the food chain,2,2,2,Medium,Conservative normalization
bansal amritsari kulcha,2,1,2,High,Conservative normalization
bansal food junction,2,1,2,High,Conservative normalization
banyan kitchen,2,1,2,High,Conservative normalization
bao and more,2,2,2,Medium,Conservative normalization
bao wow by enoki,2,1,2,High,Conservative normalization
bapu ki kutia,2,1,2,High,Conservative normalization
barbecue kitchen,2,1,2,High,Conservative normalization
barbecue restaurant,2,1,2,High,Conservative normalization
barbeque hut,2,1,2,High,Conservative normalization
barbeque junction,2,1,2,High,Conservative normalization
barbeque national,2,1,2,High,Conservative normalization
barbeque restaurant,2,2,2,Medium,Conservative normalization
barbiecorn pizza,2,1,2,High,Conservative normalization
barir khabar,2,2,2,Medium,Conservative normalization
barista diner,2,1,2,High,Conservative normalization
barkath family restaurant,2,1,2,High,Conservative normalization
baroda sandwich,2,1,2,High,Conservative normalization
barrel house,2,2,2,Medium,Conservative normalization
basant dhaba,2,2,2,Medium,Conservative normalization
basant ice cream parlour,2,2,2,Medium,Conservative normalization
basic foods,2,2,2,Medium,Conservative normalization
basil bistro,2,2,2,Medium,Conservative normalization
basil pizzeria,2,1,2,High,Conservative normalization
basmati briyani nation,2,1,2,High,Conservative normalization
batido the shake paradise,2,2,2,Medium,Conservative normalization
bawa chicken,2,1,2,High,Conservative normalization
bawarchi biryanis,2,1,2,High,Conservative normalization
bawarchi food court,2,2,2,Medium,Conservative normalization
bawarchi khana,2,1,2,High,Conservative normalization
bawarchi rasoi,2,2,2,Medium,Conservative normalization
bawarchii,2,1,2,High,Conservative normalization
bay leaf,2,1,2,High,Conservative normalization
bay leaf cafe and restaurant,2,1,2,High,Conservative normalization
bayleaf otg on the go,2,2,2,Medium,Conservative normalization
bayroute,2,1,2,High,Conservative normalization
bazaar,2,1,2,High,Conservative normalization
bbc,2,1,2,High,Conservative normalization
bbq biryani,2,1,2,High,Conservative normalization
bbq express by the barbeque company,2,2,2,Medium,Conservative normalization
bbq headquaters,2,1,2,High,Conservative normalization
bbq house,2,2,2,Medium,Conservative normalization
bbq ride nagpur,2,1,2,High,Conservative normalization
beb best english breakfast,2,1,2,High,Conservative normalization
bebe di rasoi,2,2,2,Medium,Conservative normalization
beef bhai,2,1,2,High,Conservative normalization
beef house,2,2,2,Medium,Conservative normalization
beefy affair,2,1,2,High,Conservative normalization
beeji ki rasoi,2,1,2,High,Conservative normalization
begam biryani,2,2,2,Medium,Conservative normalization
begum biryani,2,1,2,High,Conservative normalization
begum noor jahan biryani,2,1,2,High,Conservative normalization
begums biryani,2,2,2,Medium,Conservative normalization
begums khansama,2,1,2,High,Conservative normalization
behrouz e barbeque,2,1,2,High,Conservative normalization
beijing street,2,2,2,Medium,Conservative normalization
bektash turkish cafe,2,1,2,High,Conservative normalization
belgian waffle junction,2,2,2,Medium,Conservative normalization
belgian waffle love,2,1,2,High,Conservative normalization
belgian waffle waves,2,2,2,Medium,Conservative normalization
belgium shakes,2,2,2,Medium,Conservative normalization
bella ciao cafe,2,1,2,High,Conservative normalization
bella rossa,2,2,2,Medium,Conservative normalization
belly tales,2,1,2,High,Conservative normalization
bellys,2,2,2,Medium,Conservative normalization
bemisaal dharmendra s 24 7 hotel,2,2,2,Medium,Conservative normalization
bemisaal sanjha chulha,2,1,2,High,Conservative normalization
bengal delight,2,1,2,High,Conservative normalization
bengali babu sweets,2,1,2,High,Conservative normalization
bengali dhekur,2,1,2,High,Conservative normalization
bengali express,2,2,2,Medium,Conservative normalization
bengali flavours,2,1,2,High,Conservative normalization
bengali fun foods,2,2,2,Medium,Conservative normalization
berezia,2,1,2,High,Conservative normalization
best bakery,2,1,2,High,Conservative normalization
best bites,2,1,2,High,Conservative normalization
best fast food,2,1,2,High,Conservative normalization
best foods and beverages,2,2,2,Medium,Conservative normalization
best muradabadi biryani,2,1,2,High,Conservative normalization
best pasta,2,1,2,High,Conservative normalization
better batter,2,2,2,Medium,Conservative normalization
between bread,2,1,2,High,Conservative normalization
beyond cafe,2,1,2,High,Conservative normalization
bezawada rice bowl,2,2,2,Medium,Conservative normalization
bfc restaurant,2,2,2,Medium,Conservative normalization
bg naidu sweets,2,2,2,Medium,Conservative normalization
bhaat machh com,2,2,2,Medium,Conservative normalization
bhabhi s kitchen,2,1,2,High,Conservative normalization
bhadait misal,2,1,2,High,Conservative normalization
bhagatram sweets,2,2,2,Medium,Conservative normalization
bhagini residency hoodi,2,2,2,Medium,Conservative normalization
bhagwati bikaner misthan bhandar,2,1,2,High,Conservative normalization
bhagwati restaurant,2,1,2,High,Conservative normalization
bhai bhai omelette,2,1,2,High,Conservative normalization
bhai biriyani,2,1,2,High,Conservative normalization
bhai ji malai chaap wale,2,1,2,High,Conservative normalization
bhaijaan biryani,2,2,2,Medium,Conservative normalization
bhangra,2,1,2,High,Conservative normalization
bharat bhojanalaya,2,2,2,Medium,Conservative normalization
bharat coffee house,2,1,2,High,Conservative normalization
bharat dhaba,2,2,2,Medium,Conservative normalization
bharathi mess,2,2,2,Medium,Conservative normalization
bharka devi ice cream,2,1,2,High,Conservative normalization
bharka devi icecream,2,1,2,High,Conservative normalization
bhatura king,2,2,2,Medium,Conservative normalization
bhavana restaurant,2,1,2,High,Conservative normalization
bhavani fast food,2,1,2,High,Conservative normalization
bhavani hotel,2,1,2,High,Conservative normalization
bhavya foods,2,2,2,Medium,Conservative normalization
bhawarji s namkeen and sweets,2,2,2,Medium,Conservative normalization
bheems kitchen,2,1,2,High,Conservative normalization
bhojan spicy hotel,2,2,2,Medium,Conservative normalization
bhojanashala,2,1,2,High,Conservative normalization
bhojpuriya bhojnalaya,2,2,2,Medium,Conservative normalization
bhola veg corner,2,1,2,High,Conservative normalization
bhookad house,2,1,2,High,Conservative normalization
bhookh lagi hai,2,2,2,Medium,Conservative normalization
bhookha sher,2,2,2,Medium,Conservative normalization
bhooter raja dilo bor,2,1,2,High,Conservative normalization
bhukkad adda,2,1,2,High,Conservative normalization
bhukkad food court,2,1,2,High,Conservative normalization
bhukkad nukkad restaurant,2,2,2,Medium,Conservative normalization
bhukkad singh,2,1,2,High,Conservative normalization
bhullar s butter chicken co,2,2,2,Medium,Conservative normalization
bidadi thatte idli,2,2,2,Medium,Conservative normalization
biergarten brewery and kitchen,2,1,2,High,Conservative normalization
big bang pizza,2,1,2,High,Conservative normalization
big belly,2,1,2,High,Conservative normalization
big bite kitchen,2,2,2,Medium,Conservative normalization
big bite wheels,2,1,2,High,Conservative normalization
big burger house,2,1,2,High,Conservative normalization
big burp,2,1,2,High,Conservative normalization
big byte,2,1,2,High,Conservative normalization
big cheese cafe,2,1,2,High,Conservative normalization
big chicken,2,1,2,High,Conservative normalization
big chips,2,2,2,Medium,Conservative normalization
big chow,2,2,2,Medium,Conservative normalization
big cup cafe,2,1,2,High,Conservative normalization
big daddy s,2,1,2,High,Conservative normalization
big dawg burgers,2,1,2,High,Conservative normalization
big dawg s burger,2,1,2,High,Conservative normalization
big fat sandwich,2,2,2,Medium,Conservative normalization
big paratha house,2,2,2,Medium,Conservative normalization
big rolls,2,2,2,Medium,Conservative normalization
big scoop,2,2,2,Medium,Conservative normalization
biggies burger all veg,2,1,2,High,Conservative normalization
biggies burger n more,2,1,2,High,Conservative normalization
bigguy s wingery,2,2,2,Medium,Conservative normalization
bihari da vaishno dhaba,2,1,1,High,Conservative normalization
bihari litti king,2,1,2,High,Conservative normalization
bijoli grill foods corner,2,1,2,High,Conservative normalization
bikaner kesarvala,2,1,2,High,Conservative normalization
bikaner mithaiwala,2,1,2,High,Conservative normalization
bikaner rasoi,2,1,2,High,Conservative normalization
bikaner sweet corner,2,2,2,Medium,Conservative normalization
bikaner sweets and snacks,2,2,2,Medium,Conservative normalization
bikaner sweets snacks and restaurant,2,2,2,Medium,Conservative normalization
bike and blend,2,2,2,Medium,Conservative normalization
bilal restaurant,2,1,2,High,Conservative normalization
bindass food plaza,2,1,2,High,Conservative normalization
binge baefikar,2,1,2,High,Conservative normalization
binge box,2,2,2,Medium,Conservative normalization
bingers biryani,2,1,2,High,Conservative normalization
bingo burgers,2,1,2,High,Conservative normalization
biriyani adda,2,1,2,High,Conservative normalization
biriyani bowl,2,2,2,Medium,Conservative normalization
biriyani buddies,2,1,2,High,Conservative normalization
biriyani chowk,2,2,2,Medium,Conservative normalization
biriyani express,2,2,2,Medium,Conservative normalization
biriyani hub,2,1,2,High,Conservative normalization
biriyani junction,2,2,2,Medium,Conservative normalization
biriyani katte,2,1,2,High,Conservative normalization
biriyani mane,2,1,2,High,Conservative normalization
biriyani paradise,2,2,2,Medium,Conservative normalization
biriyani point,2,1,2,High,Conservative normalization
biryani 360,2,1,2,High,Conservative normalization
biryani 365,2,1,2,High,Conservative normalization
biryani 4u,2,1,2,High,Conservative normalization
biryani affair,2,1,2,High,Conservative normalization
biryani affair by mughal affair,2,1,2,High,Conservative normalization
biryani and bowls,2,2,2,Medium,Conservative normalization
biryani and curry house,2,1,2,High,Conservative normalization
biryani avenue,2,2,2,Medium,Conservative normalization
biryani bawarchi,2,2,2,Medium,Conservative normalization
biryani bazaar,2,1,2,High,Conservative normalization
biryani bhai,2,1,2,High,Conservative normalization
biryani boat,2,1,2,High,Conservative normalization
biryani boy,2,1,2,High,Conservative normalization
biryani boyz,2,2,2,Medium,Conservative normalization
biryani buffet,2,1,2,High,Conservative normalization
biryani bunch,2,2,2,Medium,Conservative normalization
biryani by bihari s,2,1,2,High,Conservative normalization
biryani by chawla,2,2,2,Medium,Conservative normalization
biryani by hukum,2,1,2,High,Conservative normalization
biryani challenge,2,1,2,High,Conservative normalization
biryani chef by reddys,2,1,2,High,Conservative normalization
biryani club,2,2,2,Medium,Conservative normalization
biryani depot,2,1,2,High,Conservative normalization
biryani destination,2,1,2,High,Conservative normalization
biryani embassy,2,1,2,High,Conservative normalization
biryani fusion,2,1,2,High,Conservative normalization
biryani haat,2,2,2,Medium,Conservative normalization
biryani heavens,2,1,2,High,Conservative normalization
biryani hi biryani,2,2,2,Medium,Conservative normalization
biryani holic,2,1,2,High,Conservative normalization
biryani house 2 0,2,1,2,High,Conservative normalization
biryani in house shop,2,1,2,High,Conservative normalization
biryani in kgs,2,1,2,High,Conservative normalization
biryani ka adda,2,2,2,Medium,Conservative normalization
biryani katta,2,1,2,High,Conservative normalization
biryani kitchen and bengali sweets,2,1,2,High,Conservative normalization
biryani leaf,2,2,2,Medium,Conservative normalization
biryani mubarak,2,2,2,Medium,Conservative normalization
biryani on wheels,2,1,2,High,Conservative normalization
biryani plate,2,2,2,Medium,Conservative normalization
biryani plaza,2,2,2,Medium,Conservative normalization
biryani rooh e khaas,2,2,2,Medium,Conservative normalization
biryani shop,2,2,2,Medium,Conservative normalization
biryani square,2,2,2,Medium,Conservative normalization
biryani tales by rayalaseema ruchulu,2,1,2,High,Conservative normalization
biryani times,2,2,2,Medium,Conservative normalization
biryani town,2,2,2,Medium,Conservative normalization
biryani treat,2,1,2,High,Conservative normalization
biryani vs pulav,2,2,2,Medium,Conservative normalization
biryani wali,2,2,2,Medium,Conservative normalization
biryani walla,2,1,2,High,Conservative normalization
biryani workshop,2,2,2,Medium,Conservative normalization
biryanis,2,1,2,High,Conservative normalization
biryanis and thalis restaurant,2,1,2,High,Conservative normalization
biryanishk by the biryani company,2,1,2,High,Conservative normalization
biryanivala,2,1,2,High,Conservative normalization
bismi biriyani and fast food,2,2,2,Medium,Conservative normalization
bismi biriyani center,2,2,2,Medium,Conservative normalization
bismi briyani,2,1,2,High,Conservative normalization
bismilla hotel,2,1,2,High,Conservative normalization
bismillah b blast,2,1,2,High,Conservative normalization
bismillah biryani house,2,1,2,High,Conservative normalization
bismillah chinese,2,1,2,High,Conservative normalization
bismillah fast food,2,2,2,Medium,Conservative normalization
bistro,2,1,2,High,Conservative normalization
bistro 1427,2,1,2,High,Conservative normalization
bistro bites,2,1,2,High,Conservative normalization
bistro bites cafe,2,2,2,Medium,Conservative normalization
bistro cafe,2,2,2,Medium,Conservative normalization
bistro57,2,2,2,Medium,Conservative normalization
bite me cupcakes,2,1,2,High,Conservative normalization
bite n sip,2,2,2,Medium,Conservative normalization
bites and beans,2,2,2,Medium,Conservative normalization
bits and bites,2,1,2,High,Conservative normalization
black bird,2,2,2,Medium,Conservative normalization
black brickk s,2,1,2,High,Conservative normalization
black cafe,2,1,2,High,Conservative normalization
black forest cakes,2,1,2,High,Conservative normalization
black pepper,2,2,2,Medium,Conservative normalization
blakely bakery and confectionary,2,2,2,Medium,Conservative normalization
blend and bite,2,1,2,High,Conservative normalization
blenders and coolers,2,1,2,High,Conservative normalization
blissful bites,2,2,2,Medium,Conservative normalization
blisss,2,1,2,High,Conservative normalization
blooms,2,1,1,High,Conservative normalization
blue bite cafe,2,2,2,Medium,Conservative normalization
blue diamond,2,1,2,High,Conservative normalization
blue fox,2,1,2,High,Conservative normalization
blue moon family restaurant,2,1,2,High,Conservative normalization
blue sparrow cafe,2,2,2,Medium,Conservative normalization
blue thyme conti shop,2,1,2,High,Conservative normalization
blueberry,2,2,2,Medium,Conservative normalization
bo tai,2,1,2,High,Conservative normalization
bob,2,1,2,High,Conservative normalization
bob s bar,2,1,2,High,Conservative normalization
bohemian cafe,2,1,2,High,Conservative normalization
bol baby bowl,2,1,2,High,Conservative normalization
bol gappe,2,1,2,High,Conservative normalization
bomb burger,2,1,2,High,Conservative normalization
bombay biryani centre,2,1,2,High,Conservative normalization
bombay biryani house,2,1,2,High,Conservative normalization
bombay burger,2,2,2,Medium,Conservative normalization
bombay burger s cafe,2,2,2,Medium,Conservative normalization
bombay cafe,2,2,2,Medium,Conservative normalization
bombay chinese food,2,1,2,High,Conservative normalization
bombay coffee house,2,1,2,High,Conservative normalization
bombay grill,2,1,2,High,Conservative normalization
bombay grills,2,1,2,High,Conservative normalization
bombay kitchen,2,1,2,High,Conservative normalization
bombay local,2,1,2,High,Conservative normalization
bombay pav bhaji vallabhipur wala,2,1,2,High,Conservative normalization
bombay pizza corner,2,1,2,High,Conservative normalization
bombay restaurant,2,2,2,Medium,Conservative normalization
bombay sandwich company,2,1,2,High,Conservative normalization
bombay special pav bhaji,2,1,2,High,Conservative normalization
bombay vadapav and fast food,2,2,2,Medium,Conservative normalization
bon bon,2,1,2,High,Conservative normalization
bon homie,2,1,2,High,Conservative normalization
bon pizza wood fired pizza,2,2,2,Medium,Conservative normalization
bong bhoj,2,2,2,Medium,Conservative normalization
bong biryani,2,2,2,Medium,Conservative normalization
bong chinese,2,1,2,High,Conservative normalization
bong chong,2,2,2,Medium,Conservative normalization
boston bakery and cafe,2,2,2,Medium,Conservative normalization
bowl baby bowl asian food shop,2,1,2,High,Conservative normalization
bowl bazaar,2,1,2,High,Conservative normalization
bowl company express,2,1,2,High,Conservative normalization
bowl hub,2,1,2,High,Conservative normalization
bowl of china,2,2,2,Medium,Conservative normalization
bowls and biryanis,2,2,2,Medium,Conservative normalization
bowls and salads by greenz,2,1,2,High,Conservative normalization
bowls up,2,1,2,High,Conservative normalization
box a8,2,1,2,High,Conservative normalization
box and combo,2,2,2,Medium,Conservative normalization
box e biryani,2,2,2,Medium,Conservative normalization
box of cake,2,2,2,Medium,Conservative normalization
box9,2,2,2,Medium,Conservative normalization
boxes n bowls,2,2,2,Medium,Conservative normalization
boxo burger,2,1,2,High,Conservative normalization
br pizza,2,1,2,High,Conservative normalization
brahmin s kitchen,2,1,2,High,Conservative normalization
brahmins tiffin center,2,1,2,High,Conservative normalization
brampton pizza,2,2,2,Medium,Conservative normalization
bread and butter,2,2,2,Medium,Conservative normalization
bread and more,2,1,2,High,Conservative normalization
break point,2,1,2,High,Conservative normalization
breakfast bistro,2,1,2,High,Conservative normalization
breakfast boss by ibis,2,1,2,High,Conservative normalization
breakfast hub,2,2,2,Medium,Conservative normalization
breakfast king,2,2,2,Medium,Conservative normalization
breathe cafe,2,2,2,Medium,Conservative normalization
breezy cow bar,2,1,2,High,Conservative normalization
brew bugs food and coffee,2,2,2,Medium,Conservative normalization
brew cafe,2,1,2,High,Conservative normalization
brewbakes cafe,2,1,2,High,Conservative normalization
brewbakes cafe and bistro,2,2,2,Medium,Conservative normalization
brewer cafe and restro,2,1,2,High,Conservative normalization
brewin cafe,2,2,2,Medium,Conservative normalization
brewklyn brothers,2,1,2,High,Conservative normalization
brews n bites,2,1,2,High,Conservative normalization
brijwasi pure veg,2,1,2,High,Conservative normalization
brijwasi sweets,2,1,2,High,Conservative normalization
brijwasi sweets original since 1946,2,2,2,Medium,Conservative normalization
brioche,2,2,2,Medium,Conservative normalization
britto s cafe,2,2,2,Medium,Conservative normalization
briyani house,2,2,2,Medium,Conservative normalization
briyani hub,2,1,2,High,Conservative normalization
briyani kadai,2,1,2,High,Conservative normalization
briyani nation,2,1,2,High,Conservative normalization
bromomo,2,1,2,High,Conservative normalization
brooklyn central,2,1,2,High,Conservative normalization
bros kitchen,2,2,2,Medium,Conservative normalization
brothers cafe and restaurant,2,2,2,Medium,Conservative normalization
brothers pizza,2,2,2,Medium,Conservative normalization
brothers restaurant,2,2,2,Medium,Conservative normalization
brown bear bakery,2,2,2,Medium,Conservative normalization
brown s court bakery,2,1,2,High,Conservative normalization
brownie factory,2,1,2,High,Conservative normalization
brownie island,2,1,2,High,Conservative normalization
brubeck bakery,2,1,1,High,Conservative normalization
bruges,2,1,2,High,Conservative normalization
brunch box,2,2,2,Medium,Conservative normalization
brunch italiano,2,1,2,High,Conservative normalization
bs gulati s punjabi swad,2,1,2,High,Conservative normalization
bubbles and butterflies,2,2,2,Medium,Conservative normalization
budapest bake inn,2,2,2,Medium,Conservative normalization
buddha delight gamharia,2,1,1,High,Conservative normalization
buddy bites,2,2,2,Medium,Conservative normalization
budget briyani,2,2,2,Medium,Conservative normalization
budget combo,2,1,2,High,Conservative normalization
budget saapadu,2,1,2,High,Conservative normalization
buffet 99,2,2,2,Medium,Conservative normalization
buland darbar,2,1,2,High,Conservative normalization
bullet bbq,2,1,2,High,Conservative normalization
bullet biryani,2,1,2,High,Conservative normalization
bun maska,2,2,2,Medium,Conservative normalization
bunee heist,2,1,2,High,Conservative normalization
bunny burger,2,1,2,High,Conservative normalization
bunny s kitchen,2,1,2,High,Conservative normalization
bunosilo estate coffee roasters,2,1,2,High,Conservative normalization
bunty dhaba,2,1,2,High,Conservative normalization
bunty fast food,2,2,2,Medium,Conservative normalization
burganic buzz,2,1,2,High,Conservative normalization
burgbir,2,1,2,High,Conservative normalization
burger 1,2,1,2,High,Conservative normalization
burger 99,2,2,2,Medium,Conservative normalization
burger and pizza factory,2,2,2,Medium,Conservative normalization
burger badshah,2,1,2,High,Conservative normalization
burger begum,2,1,2,High,Conservative normalization
burger boss,2,2,2,Medium,Conservative normalization
burger boyz,2,1,2,High,Conservative normalization
burger bro,2,1,2,High,Conservative normalization
burger brothers,2,1,2,High,Conservative normalization
burger bun,2,1,2,High,Conservative normalization
burger buzz,2,1,2,High,Conservative normalization
burger bytes,2,1,2,High,Conservative normalization
burger chef,2,1,2,High,Conservative normalization
burger club,2,1,2,High,Conservative normalization
burger com,2,2,2,Medium,Conservative normalization
burger craft,2,1,2,High,Conservative normalization
burger division,2,1,2,High,Conservative normalization
burger dude s,2,1,2,High,Conservative normalization
burger farm,2,1,2,High,Conservative normalization
burger in,2,1,2,High,Conservative normalization
burger jacks,2,1,2,High,Conservative normalization
burger ka baap,2,2,2,Medium,Conservative normalization
burger kings,2,1,2,High,Conservative normalization
burger kings house,2,1,2,High,Conservative normalization
burger kong,2,1,2,High,Conservative normalization
burger magic,2,2,2,Medium,Conservative normalization
burger max,2,1,2,High,Conservative normalization
burger mines,2,2,2,Medium,Conservative normalization
burger n more,2,1,2,High,Conservative normalization
burger nation,2,1,2,High,Conservative normalization
burger nine,2,2,2,Medium,Conservative normalization
burger o clock,2,2,2,Medium,Conservative normalization
burger on wheels,2,2,2,Medium,Conservative normalization
burger place,2,1,2,High,Conservative normalization
burger sector,2,1,2,High,Conservative normalization
burger shack,2,1,2,High,Conservative normalization
burger spot,2,1,2,High,Conservative normalization
burger stop,2,2,2,Medium,Conservative normalization
burger street,2,2,2,Medium,Conservative normalization
burger studio,2,1,2,High,Conservative normalization
burger twist,2,1,2,High,Conservative normalization
burger wale,2,1,2,High,Conservative normalization
burger13,2,1,2,High,Conservative normalization
burgeree,2,1,2,High,Conservative normalization
burgerito,2,2,2,Medium,Conservative normalization
burgerlicious,2,1,2,High,Conservative normalization
burgers 79,2,2,2,Medium,Conservative normalization
burgers and grills,2,1,2,High,Conservative normalization
burgers and rolls,2,1,2,High,Conservative normalization
burgers and shakes,2,2,2,Medium,Conservative normalization
burgers island,2,2,2,Medium,Conservative normalization
burgerwala,2,1,2,High,Conservative normalization
burgish,2,1,2,High,Conservative normalization
burgrub,2,1,2,High,Conservative normalization
burhanpur jalebi,2,1,2,High,Conservative normalization
burmy foods,2,1,2,High,Conservative normalization
burnout cafe,2,2,2,Medium,Conservative normalization
burrito bowl,2,2,2,Medium,Conservative normalization
burrppp,2,1,2,High,Conservative normalization
busago,2,1,2,High,Conservative normalization
butta biryani,2,2,2,Medium,Conservative normalization
butter chicken,2,1,2,High,Conservative normalization
butter chicken fectory since 1979,2,2,2,Medium,Conservative normalization
butter chicken hub,2,1,2,High,Conservative normalization
byte a bit shawarmaz,2,1,2,High,Conservative normalization
c cube,2,2,2,Medium,Conservative normalization
c i a call it asiian,2,2,2,Medium,Conservative normalization
cabritoz,2,1,2,High,Conservative normalization
cadillo foods,2,1,2,High,Conservative normalization
cafe 17,2,2,2,Medium,Conservative normalization
cafe 2020,2,2,2,Medium,Conservative normalization
cafe 360,2,2,2,Medium,Conservative normalization
cafe adda,2,1,2,High,Conservative normalization
cafe adoniya,2,1,2,High,Conservative normalization
cafe azzure,2,1,2,High,Conservative normalization
cafe bahar,2,1,2,High,Conservative normalization
cafe beans,2,1,2,High,Conservative normalization
cafe bistro,2,1,2,High,Conservative normalization
cafe bro,2,1,2,High,Conservative normalization
cafe buddy s espresso,2,2,2,Medium,Conservative normalization
cafe cake bee,2,1,2,High,Conservative normalization
cafe central,2,2,2,Medium,Conservative normalization
cafe chennai,2,1,2,High,Conservative normalization
cafe choco craze,2,1,2,High,Conservative normalization
cafe cilantro,2,1,2,High,Conservative normalization
cafe cloud,2,1,2,High,Conservative normalization
cafe clove,2,2,2,Medium,Conservative normalization
cafe d,2,1,2,High,Conservative normalization
cafe deewane,2,2,2,Medium,Conservative normalization
cafe desire,2,1,2,High,Conservative normalization
cafe down the alley,2,2,2,Medium,Conservative normalization
cafe downtown,2,2,2,Medium,Conservative normalization
cafe dreamland,2,1,2,High,Conservative normalization
cafe drifter,2,1,2,High,Conservative normalization
cafe ekante,2,2,2,Medium,Conservative normalization
cafe express,2,2,2,Medium,Conservative normalization
cafe goodluck,2,1,2,High,Conservative normalization
cafe grand,2,2,2,Medium,Conservative normalization
cafe green,2,1,2,High,Conservative normalization
cafe grillz,2,1,2,High,Conservative normalization
cafe hashtag,2,1,2,High,Conservative normalization
cafe heartbeat,2,2,2,Medium,Conservative normalization
cafe hub,2,1,2,High,Conservative normalization
cafe iftar,2,1,2,High,Conservative normalization
cafe india,2,1,2,High,Conservative normalization
cafe istanbul,2,1,2,High,Conservative normalization
cafe kebabiz,2,2,2,Medium,Conservative normalization
cafe knight riders,2,1,2,High,Conservative normalization
cafe kono,2,1,2,High,Conservative normalization
cafe manara,2,2,2,Medium,Conservative normalization
cafe manhattan,2,2,2,Medium,Conservative normalization
cafe melange,2,2,2,Medium,Conservative normalization
cafe meraki,2,2,2,Medium,Conservative normalization
cafe milano,2,1,2,High,Conservative normalization
cafe noorani,2,1,2,High,Conservative normalization
cafe nyc queens,2,1,2,High,Conservative normalization
cafe old skool,2,1,2,High,Conservative normalization
cafe patisserie,2,1,2,High,Conservative normalization
cafe pizza corner,2,1,2,High,Conservative normalization
cafe point,2,2,2,Medium,Conservative normalization
cafe porkotini,2,1,2,High,Conservative normalization
cafe punjab,2,1,2,High,Conservative normalization
cafe rendezvous,2,1,2,High,Conservative normalization
cafe rudra,2,1,2,High,Conservative normalization
cafe soy,2,1,2,High,Conservative normalization
cafe sukoon,2,1,2,High,Conservative normalization
cafe sultan,2,1,2,High,Conservative normalization
cafe terra,2,1,2,High,Conservative normalization
cafe totaram,2,1,2,High,Conservative normalization
cafe treat,2,1,2,High,Conservative normalization
cafe u n me,2,2,2,Medium,Conservative normalization
cafe zam zam,2,1,2,High,Conservative normalization
cafeteria,2,2,2,Medium,Conservative normalization
caffe tonino,2,1,2,High,Conservative normalization
caffeine street,2,2,2,Medium,Conservative normalization
cake,2,1,2,High,Conservative normalization
cake 4 you,2,2,2,Medium,Conservative normalization
cake affaires,2,1,2,High,Conservative normalization
cake all time,2,1,2,High,Conservative normalization
cake ampm,2,1,2,High,Conservative normalization
cake and art,2,1,2,High,Conservative normalization
cake and cream,2,2,2,Medium,Conservative normalization
cake and me,2,2,2,Medium,Conservative normalization
cake and shake,2,2,2,Medium,Conservative normalization
cake away,2,2,2,Medium,Conservative normalization
cake bakery,2,2,2,Medium,Conservative normalization
cake bank,2,1,2,High,Conservative normalization
cake bite,2,2,2,Medium,Conservative normalization
cake boss,2,2,2,Medium,Conservative normalization
cake boutique,2,1,2,High,Conservative normalization
cake cartoon,2,2,2,Medium,Conservative normalization
cake castle,2,2,2,Medium,Conservative normalization
cake celebrations,2,1,2,High,Conservative normalization
cake center,2,1,2,High,Conservative normalization
cake corner and bakery,2,1,2,High,Conservative normalization
cake craft,2,2,2,Medium,Conservative normalization
cake creations,2,1,2,High,Conservative normalization
cake creatorz,2,2,2,Medium,Conservative normalization
cake daynight,2,1,2,High,Conservative normalization
cake delights,2,1,2,High,Conservative normalization
cake dengo cake shop,2,1,2,High,Conservative normalization
cake desire,2,1,2,High,Conservative normalization
cake di bakery and more,2,2,2,Medium,Conservative normalization
cake dilim,2,1,2,High,Conservative normalization
cake eggless live cake,2,2,2,Medium,Conservative normalization
cake for celebrations,2,1,2,High,Conservative normalization
cake for u,2,1,2,High,Conservative normalization
cake fort,2,1,2,High,Conservative normalization
cake guru,2,2,2,Medium,Conservative normalization
cake heaven,2,2,2,Medium,Conservative normalization
cake hi bakery,2,2,2,Medium,Conservative normalization
cake hill,2,2,2,Medium,Conservative normalization
cake imperial,2,1,2,High,Conservative normalization
cake kafe,2,2,2,Medium,Conservative normalization
cake make the pastry world,2,1,2,High,Conservative normalization
cake mart,2,2,2,Medium,Conservative normalization
cake me,2,1,2,High,Conservative normalization
cake me home,2,2,2,Medium,Conservative normalization
cake n chef,2,1,2,High,Conservative normalization
cake n cookies,2,1,2,High,Conservative normalization
cake n crust,2,1,2,High,Conservative normalization
cake nest,2,1,2,High,Conservative normalization
cake o clock by garima,2,2,2,Medium,Conservative normalization
cake o factory,2,2,2,Medium,Conservative normalization
cake of paradise,2,2,2,Medium,Conservative normalization
cake sansar,2,2,2,Medium,Conservative normalization
cake slice,2,2,2,Medium,Conservative normalization
cake station,2,2,2,Medium,Conservative normalization
cake stop,2,2,2,Medium,Conservative normalization
cake street,2,1,2,High,Conservative normalization
cake talks,2,1,2,High,Conservative normalization
cake tower,2,1,2,High,Conservative normalization
cake uncle,2,2,2,Medium,Conservative normalization
cake valley,2,2,2,Medium,Conservative normalization
cake villa,2,1,2,High,Conservative normalization
cake wali,2,1,2,High,Conservative normalization
cake walk,2,1,2,High,Conservative normalization
cake way,2,2,2,Medium,Conservative normalization
cake xpress,2,1,2,High,Conservative normalization
cake24x7,2,2,2,Medium,Conservative normalization
cakelayner,2,1,2,High,Conservative normalization
cakeoroma,2,1,2,High,Conservative normalization
cakes 24 seven,2,1,2,High,Conservative normalization
cakes 4 u,2,2,2,Medium,Conservative normalization
cakes and cookies,2,2,2,Medium,Conservative normalization
cakes and crackers,2,2,2,Medium,Conservative normalization
cakes and treats,2,2,2,Medium,Conservative normalization
cakes king,2,2,2,Medium,Conservative normalization
cakes n balloons,2,2,2,Medium,Conservative normalization
cakes n cream,2,2,2,Medium,Conservative normalization
cakes n more,2,2,2,Medium,Conservative normalization
cakes point,2,1,2,High,Conservative normalization
cakes star,2,1,2,High,Conservative normalization
cakes super,2,1,2,High,Conservative normalization
cakes wagon,2,2,2,Medium,Conservative normalization
cakes world,2,2,2,Medium,Conservative normalization
cakes11,2,1,2,High,Conservative normalization
cakes24seven,2,1,2,High,Conservative normalization
caketown,2,1,2,High,Conservative normalization
cakezz studio,2,1,2,High,Conservative normalization
calcutta 64,2,2,2,Medium,Conservative normalization
calcutta bakery cafe,2,2,2,Medium,Conservative normalization
calcutta cabin,2,2,2,Medium,Conservative normalization
calcutta calling,2,1,2,High,Conservative normalization
california pizza kitchen,2,2,2,Medium,Conservative normalization
call 4 cake,2,2,2,Medium,Conservative normalization
call a cake,2,2,2,Medium,Conservative normalization
camdin patisserie and boulangerie,2,1,2,High,Conservative normalization
canadian fried chicken,2,1,2,High,Conservative normalization
candle light,2,1,2,High,Conservative normalization
candy cake,2,2,2,Medium,Conservative normalization
cane crussh,2,1,2,High,Conservative normalization
cane hut,2,1,2,High,Conservative normalization
capri italian,2,1,2,High,Conservative normalization
capri restaurant,2,1,2,High,Conservative normalization
capri wings,2,1,2,High,Conservative normalization
captain coffee,2,2,2,Medium,Conservative normalization
captain cuisine,2,1,2,High,Conservative normalization
captain grub,2,1,2,High,Conservative normalization
captain parantha,2,1,2,High,Conservative normalization
captain rolls,2,1,2,High,Conservative normalization
caramel cafe,2,2,2,Medium,Conservative normalization
caramella s,2,1,2,High,Conservative normalization
caravan serai,2,2,2,Medium,Conservative normalization
caravela cafe and bistro,2,2,2,Medium,Conservative normalization
carlos cake cafe,2,2,2,Medium,Conservative normalization
carols pastries and bakers,2,2,2,Medium,Conservative normalization
carter s blue,2,1,2,High,Conservative normalization
casa fresco,2,1,2,High,Conservative normalization
castle grill,2,1,2,High,Conservative normalization
castles barbeque,2,1,2,High,Conservative normalization
catering service,2,1,2,High,Conservative normalization
celebrations restaurant,2,1,2,High,Conservative normalization
celebrations the cake shop,2,2,2,Medium,Conservative normalization
central cafe,2,1,2,High,Conservative normalization
centric,2,1,2,High,Conservative normalization
ceylon bake house,2,1,2,High,Conservative normalization
cha bar,2,2,2,Medium,Conservative normalization
cha cha cha dimsum sushi stir fry,2,1,2,High,Conservative normalization
chaa sutta,2,2,2,Medium,Conservative normalization
chaap chatore,2,2,2,Medium,Conservative normalization
chaap delight,2,1,2,High,Conservative normalization
chaap express,2,2,2,Medium,Conservative normalization
chaap hi chaap,2,1,2,High,Conservative normalization
chaap hut,2,1,2,High,Conservative normalization
chaap ki chhap,2,2,2,Medium,Conservative normalization
chaap kingdom,2,2,2,Medium,Conservative normalization
chaap master,2,2,2,Medium,Conservative normalization
chaap nation,2,1,2,High,Conservative normalization
chaap point,2,2,2,Medium,Conservative normalization
chaap story,2,1,2,High,Conservative normalization
chaap wale,2,2,2,Medium,Conservative normalization
chaapsticks,2,1,2,High,Conservative normalization
chaapwala com,2,1,2,High,Conservative normalization
chaat bazaar,2,1,2,High,Conservative normalization
chaat box,2,2,2,Medium,Conservative normalization
chaat chator,2,2,2,Medium,Conservative normalization
chaat company,2,1,2,High,Conservative normalization
chaat galli,2,1,2,High,Conservative normalization
chaat house,2,2,2,Medium,Conservative normalization
chaat khao,2,1,2,High,Conservative normalization
chaat master,2,1,2,High,Conservative normalization
chaat pakore paaji,2,1,2,High,Conservative normalization
chacha food street,2,1,2,High,Conservative normalization
chacha s kitchen,2,2,2,Medium,Conservative normalization
chai 25 cafe,2,1,2,High,Conservative normalization
chai addaa,2,2,2,Medium,Conservative normalization
chai amruth,2,1,2,High,Conservative normalization
chai bolo chai,2,1,2,High,Conservative normalization
chai cafe,2,2,2,Medium,Conservative normalization
chai central,2,1,2,High,Conservative normalization
chai chapter,2,1,2,High,Conservative normalization
chai chaska,2,1,2,High,Conservative normalization
chai choupati,2,1,2,High,Conservative normalization
chai chowki,2,1,2,High,Conservative normalization
chai chuski bar and restaurant,2,2,2,Medium,Conservative normalization
chai city,2,2,2,Medium,Conservative normalization
chai corner,2,2,2,Medium,Conservative normalization
chai factory,2,2,2,Medium,Conservative normalization
chai garam chai,2,2,2,Medium,Conservative normalization
chai hub,2,2,2,Medium,Conservative normalization
chai kahani,2,1,2,High,Conservative normalization
chai mantra,2,1,2,High,Conservative normalization
chai naasta,2,1,2,High,Conservative normalization
chai nashta,2,1,2,High,Conservative normalization
chai ngo,2,1,2,High,Conservative normalization
chai shai,2,1,2,High,Conservative normalization
chai smoker,2,2,2,Medium,Conservative normalization
chai sutta cafe,2,2,2,Medium,Conservative normalization
chai sutta yaari,2,2,2,Medium,Conservative normalization
chai tales,2,1,2,High,Conservative normalization
chai wai,2,1,2,High,Conservative normalization
chai zaika,2,2,2,Medium,Conservative normalization
chaiffee cafe,2,1,2,High,Conservative normalization
chaify a cup of life,2,2,2,Medium,Conservative normalization
chaiholic,2,1,2,High,Conservative normalization
chaina town,2,1,2,High,Conservative normalization
chaiwala,2,1,2,High,Conservative normalization
chakh naa,2,2,2,Medium,Conservative normalization
chakhna cafe,2,1,2,High,Conservative normalization
chakhna makhna,2,1,2,High,Conservative normalization
chakna,2,1,2,High,Conservative normalization
chakna house,2,2,2,Medium,Conservative normalization
chakna station,2,2,2,Medium,Conservative normalization
chalte firte,2,2,2,Medium,Conservative normalization
champ master,2,1,2,High,Conservative normalization
champaran handi meat house,2,2,2,Medium,Conservative normalization
champaran handi meat house hygiene and safe,2,1,2,High,Conservative normalization
champaran kitchen,2,2,2,Medium,Conservative normalization
champaran meat wala,2,1,2,High,Conservative normalization
champaran taste mutton chicken,2,1,1,High,Conservative normalization
chanchal restaurant,2,2,2,Medium,Conservative normalization
chandan hotel,2,1,2,High,Conservative normalization
chandigarh rasoi,2,1,2,High,Conservative normalization
chandini chowk,2,1,2,High,Conservative normalization
chandni chowk bhaturewale,2,1,2,High,Conservative normalization
chandni chowk to china,2,1,2,High,Conservative normalization
chandra restaurant,2,2,2,Medium,Conservative normalization
chandravilas bhuvan,2,2,2,Medium,Conservative normalization
chappan bhog,2,2,2,Medium,Conservative normalization
charminar xpress,2,2,2,Medium,Conservative normalization
chaska chaap,2,1,2,High,Conservative normalization
chaska maska,2,2,2,Medium,Conservative normalization
chat corner,2,2,2,Medium,Conservative normalization
chatori gully,2,1,2,High,Conservative normalization
chatpata restaurant,2,2,2,Medium,Conservative normalization
chattichorushaap,2,1,2,High,Conservative normalization
chaubara chaat chai and charcha,2,1,2,High,Conservative normalization
chaudhary g food court,2,2,2,Medium,Conservative normalization
chaudhary restaurant,2,1,2,High,Conservative normalization
chaw box,2,1,1,High,Conservative normalization
chawla chicken com,2,1,2,High,Conservative normalization
chawla chicken corner,2,1,2,High,Conservative normalization
chawla chicken tandoori trail,2,2,2,Medium,Conservative normalization
chawla da hotel,2,1,2,High,Conservative normalization
chawla express,2,2,2,Medium,Conservative normalization
chawla ji ke chawal,2,1,2,High,Conservative normalization
chawla s 2,2,1,2,High,Conservative normalization
chawla s junction,2,2,2,Medium,Conservative normalization
chawla s tandoori express,2,1,2,High,Conservative normalization
chawlas,2,1,2,High,Conservative normalization
chawlas2,2,1,2,High,Conservative normalization
chaya maaya,2,1,2,High,Conservative normalization
cheap eat,2,1,2,High,Conservative normalization
cheat meal,2,1,2,High,Conservative normalization
checkmate,2,1,2,High,Conservative normalization
cheelizza,2,1,2,High,Conservative normalization
cheers resto bar,2,1,2,High,Conservative normalization
cheese burst,2,1,2,High,Conservative normalization
cheese burst mania,2,1,2,High,Conservative normalization
cheese factory,2,1,2,High,Conservative normalization
cheese n freeze,2,1,2,High,Conservative normalization
cheese pizza story,2,1,2,High,Conservative normalization
cheese street,2,2,2,Medium,Conservative normalization
cheesy affair,2,2,2,Medium,Conservative normalization
cheesy crazy cafe,2,2,2,Medium,Conservative normalization
cheesy juicy burger,2,2,2,Medium,Conservative normalization
cheeze box,2,1,2,High,Conservative normalization
cheezy burger hub,2,1,2,High,Conservative normalization
cheezy omelettes,2,1,2,High,Conservative normalization
chef bakers cakes and savouries,2,1,2,High,Conservative normalization
chef bite,2,2,2,Medium,Conservative normalization
chef brothers shawarma roll,2,2,2,Medium,Conservative normalization
chef corner,2,1,2,High,Conservative normalization
chef court,2,2,2,Medium,Conservative normalization
chef italy wala,2,2,2,Medium,Conservative normalization
chef kitchen,2,1,2,High,Conservative normalization
chef nation,2,2,2,Medium,Conservative normalization
chef orders,2,1,2,High,Conservative normalization
chef s chinese,2,2,2,Medium,Conservative normalization
chef s menu,2,1,2,High,Conservative normalization
chef s restaurant,2,2,2,Medium,Conservative normalization
chef s sandwich,2,1,2,High,Conservative normalization
chef s table,2,1,2,High,Conservative normalization
chef s world,2,1,2,High,Conservative normalization
chef special,2,2,2,Medium,Conservative normalization
chef style,2,2,2,Medium,Conservative normalization
chefjee com,2,2,2,Medium,Conservative normalization
chefkraft,2,1,2,High,Conservative normalization
chennai kalyana briyani,2,1,2,High,Conservative normalization
chennai maratha,2,1,2,High,Conservative normalization
chennai rawther,2,2,2,Medium,Conservative normalization
chennai rawther briyani,2,2,2,Medium,Conservative normalization
chennai rawther restaurant,2,2,2,Medium,Conservative normalization
chennai super kitchens,2,1,2,High,Conservative normalization
chennai to china,2,1,2,High,Conservative normalization
chennai woodlands since 1963,2,2,2,Medium,Conservative normalization
chennai xpress,2,1,2,High,Conservative normalization
chettinad house,2,2,2,Medium,Conservative normalization
chicha s,2,1,2,High,Conservative normalization
chichas biryani,2,2,2,Medium,Conservative normalization
chick bites,2,2,2,Medium,Conservative normalization
chick n bites,2,1,2,High,Conservative normalization
chick n grill,2,1,2,High,Conservative normalization
chick n serve,2,2,2,Medium,Conservative normalization
chicken junction,2,2,2,Medium,Conservative normalization
chicken land,2,2,2,Medium,Conservative normalization
chicken lovers,2,2,2,Medium,Conservative normalization
chicken mania,2,2,2,Medium,Conservative normalization
chicken masala,2,1,2,High,Conservative normalization
chicken nation,2,2,2,Medium,Conservative normalization
chicken paradise,2,1,2,High,Conservative normalization
chicken plaza,2,2,2,Medium,Conservative normalization
chicken shawarma roll,2,2,2,Medium,Conservative normalization
chicken spicy,2,1,2,High,Conservative normalization
chicken xperience by venkys,2,1,2,High,Conservative normalization
chickery,2,1,2,High,Conservative normalization
chickos fried chicken,2,1,2,High,Conservative normalization
chickwalk,2,2,2,Medium,Conservative normalization
chicky wok,2,1,2,High,Conservative normalization
chik in king,2,2,2,Medium,Conservative normalization
chikey s,2,1,2,High,Conservative normalization
chikpet donne biryani house,2,1,2,High,Conservative normalization
chikpete donne biryani mane,2,1,2,High,Conservative normalization
chill buddy,2,1,2,High,Conservative normalization
chill n grill,2,1,2,High,Conservative normalization
chill out restaurant,2,2,2,Medium,Conservative normalization
chill station,2,2,2,Medium,Conservative normalization
chilli chicken,2,1,2,High,Conservative normalization
chilli chinese,2,1,2,High,Conservative normalization
chilli n herbs,2,2,2,Medium,Conservative normalization
chilli pepper,2,2,2,Medium,Conservative normalization
chillies,2,2,2,Medium,Conservative normalization
chimichurri all day asian diner,2,1,2,High,Conservative normalization
chimney sizzler,2,1,2,High,Conservative normalization
chin ease,2,1,2,High,Conservative normalization
chin lung resto bar,2,2,2,Medium,Conservative normalization
china bite,2,1,2,High,Conservative normalization
china box d,2,1,2,High,Conservative normalization
china chowk,2,2,2,Medium,Conservative normalization
china dragon,2,1,2,High,Conservative normalization
china grill,2,1,2,High,Conservative normalization
china junction,2,1,2,High,Conservative normalization
china kitchen fast food,2,1,1,High,Conservative normalization
china kitchen restaurant,2,1,1,High,Conservative normalization
china land,2,1,2,High,Conservative normalization
china palace,2,2,2,Medium,Conservative normalization
china pearl,2,1,2,High,Conservative normalization
china street,2,1,2,High,Conservative normalization
china town restaurant,2,2,2,Medium,Conservative normalization
china world,2,1,2,High,Conservative normalization
china xpress,2,2,2,Medium,Conservative normalization
chinaman by lezzetli,2,1,2,High,Conservative normalization
chinese 99,2,2,2,Medium,Conservative normalization
chinese and more,2,2,2,Medium,Conservative normalization
chinese bar s,2,1,2,High,Conservative normalization
chinese bistro,2,1,2,High,Conservative normalization
chinese bite,2,2,2,Medium,Conservative normalization
chinese by heart,2,1,2,High,Conservative normalization
chinese by kilo,2,1,2,High,Conservative normalization
chinese by nature,2,2,2,Medium,Conservative normalization
chinese byte,2,2,2,Medium,Conservative normalization
chinese castle,2,2,2,Medium,Conservative normalization
chinese center,2,1,2,High,Conservative normalization
chinese chef,2,2,2,Medium,Conservative normalization
chinese chings,2,2,2,Medium,Conservative normalization
chinese chunga,2,1,2,High,Conservative normalization
chinese cloud,2,1,2,High,Conservative normalization
chinese club,2,1,2,High,Conservative normalization
chinese court,2,1,2,High,Conservative normalization
chinese darbar,2,1,2,High,Conservative normalization
chinese delights,2,1,2,High,Conservative normalization
chinese factory,2,1,2,High,Conservative normalization
chinese fast food corner,2,2,2,Medium,Conservative normalization
chinese flavour,2,1,2,High,Conservative normalization
chinese flavours,2,1,2,High,Conservative normalization
chinese garden,2,2,2,Medium,Conservative normalization
chinese hotpot,2,1,2,High,Conservative normalization
chinese imperial,2,1,2,High,Conservative normalization
chinese kadhai,2,1,2,High,Conservative normalization
chinese kart,2,2,2,Medium,Conservative normalization
chinese kingdom,2,2,2,Medium,Conservative normalization
chinese mafia,2,1,2,High,Conservative normalization
chinese magic,2,1,2,High,Conservative normalization
chinese medicine,2,2,2,Medium,Conservative normalization
chinese monk,2,2,2,Medium,Conservative normalization
chinese mystic,2,2,2,Medium,Conservative normalization
chinese nation,2,2,2,Medium,Conservative normalization
chinese noodle house,2,2,2,Medium,Conservative normalization
chinese palace,2,2,2,Medium,Conservative normalization
chinese platter,2,2,2,Medium,Conservative normalization
chinese restaurant,2,1,2,High,Conservative normalization
chinese room,2,1,2,High,Conservative normalization
chinese saucer,2,1,2,High,Conservative normalization
chinese sizzler,2,2,2,Medium,Conservative normalization
chinese special,2,2,2,Medium,Conservative normalization
chinese square,2,2,2,Medium,Conservative normalization
chinese super bowl,2,2,2,Medium,Conservative normalization
chinese wok master,2,1,2,High,Conservative normalization
chinesetree,2,2,2,Medium,Conservative normalization
chinesh bowl,2,1,2,High,Conservative normalization
chinesh meal,2,1,2,High,Conservative normalization
chinikum,2,2,2,Medium,Conservative normalization
chinita real mexican food,2,1,2,High,Conservative normalization
chinz chinese since1997,2,1,2,High,Conservative normalization
chip n dip,2,2,2,Medium,Conservative normalization
chit chat,2,1,2,High,Conservative normalization
choco hub,2,1,2,High,Conservative normalization
chocolate cake wala bakery,2,2,2,Medium,Conservative normalization
chocolate candy cakes,2,1,2,High,Conservative normalization
chocolateria san churro,2,1,2,High,Conservative normalization
choi choi momos,2,2,2,Medium,Conservative normalization
choice bakery,2,2,2,Medium,Conservative normalization
cholo khai,2,1,2,High,Conservative normalization
chom chom by spice factory,2,1,2,High,Conservative normalization
chop sticks,2,2,2,Medium,Conservative normalization
choppers stop,2,1,2,High,Conservative normalization
chopra chicken,2,1,2,High,Conservative normalization
chops and hops,2,2,2,Medium,Conservative normalization
chopstick china,2,1,2,High,Conservative normalization
chopsticks gully,2,1,2,High,Conservative normalization
chota bite by cafe goodluck,2,1,2,High,Conservative normalization
choudhary cake hub,2,1,2,High,Conservative normalization
choudhary dhaba,2,2,2,Medium,Conservative normalization
choudhary pavitra bhojanlaya,2,2,2,Medium,Conservative normalization
choudhary s kitchen,2,1,2,High,Conservative normalization
chow express,2,1,2,High,Conservative normalization
chowmein,2,2,2,Medium,Conservative normalization
chowpati natural kulfi,2,1,2,High,Conservative normalization
chubby chai,2,1,2,High,Conservative normalization
chufang the kitchen,2,1,2,High,Conservative normalization
chula dosa hub,2,1,2,High,Conservative normalization
chulha,2,1,2,High,Conservative normalization
chulha chauka,2,1,1,High,Conservative normalization
chullah,2,1,2,High,Conservative normalization
chung hua restaurant,2,1,2,High,Conservative normalization
chung wah express,2,1,2,High,Conservative normalization
chutney india,2,1,2,High,Conservative normalization
cibo,2,1,2,High,Conservative normalization
cinema cafe,2,2,2,Medium,Conservative normalization
cinnamon house,2,1,2,High,Conservative normalization
cinnamon kitchen,2,1,2,High,Conservative normalization
cinnamon restaurant,2,1,2,High,Conservative normalization
citi cafe,2,2,2,Medium,Conservative normalization
city biryani,2,1,2,High,Conservative normalization
city burger,2,2,2,Medium,Conservative normalization
city cakes,2,1,2,High,Conservative normalization
city corner,2,2,2,Medium,Conservative normalization
city fast food,2,2,2,Medium,Conservative normalization
city hotel,2,1,2,High,Conservative normalization
city kitchen,2,1,2,High,Conservative normalization
city square cafeteria,2,2,2,Medium,Conservative normalization
classic family restaurant,2,1,2,High,Conservative normalization
classic fast food,2,2,2,Medium,Conservative normalization
classic foods,2,2,2,Medium,Conservative normalization
classic rolls,2,2,2,Medium,Conservative normalization
classic sandwich,2,1,2,High,Conservative normalization
classic vada pav,2,2,2,Medium,Conservative normalization
clay 1 grill,2,1,2,High,Conservative normalization
claypot kebab and biryani,2,2,2,Medium,Conservative normalization
clock tower,2,1,2,High,Conservative normalization
cloud 9 kitchen,2,1,2,High,Conservative normalization
clove and cardamom,2,1,2,High,Conservative normalization
club house cafe,2,2,2,Medium,Conservative normalization
cluckers fried chicken restaurant,2,1,2,High,Conservative normalization
cmr food court,2,2,2,Medium,Conservative normalization
cnp house chicken and paratha,2,1,2,High,Conservative normalization
coastal delight,2,2,2,Medium,Conservative normalization
cococafe,2,1,2,High,Conservative normalization
cocolicious,2,1,2,High,Conservative normalization
coconut grove,2,2,2,Medium,Conservative normalization
coffee and more,2,2,2,Medium,Conservative normalization
coffee bar,2,1,2,High,Conservative normalization
coffee bear,2,2,2,Medium,Conservative normalization
coffee bond,2,1,2,High,Conservative normalization
coffee break,2,1,2,High,Conservative normalization
coffee club,2,1,2,High,Conservative normalization
coffee dude,2,2,2,Medium,Conservative normalization
coffee house mountroad,2,2,2,Medium,Conservative normalization
coffee king,2,1,2,High,Conservative normalization
coffee mechanics,2,1,2,High,Conservative normalization
coffee over breakfast,2,2,2,Medium,Conservative normalization
coffee world keventer ventures limited,2,1,2,High,Conservative normalization
cold street,2,1,2,High,Conservative normalization
collage by toscano,2,1,2,High,Conservative normalization
colocal cafe,2,1,2,High,Conservative normalization
combo 99,2,2,2,Medium,Conservative normalization
combo club,2,1,2,High,Conservative normalization
combo food court,2,1,2,High,Conservative normalization
combo junction,2,2,2,Medium,Conservative normalization
combo nation,2,2,2,Medium,Conservative normalization
combo stories by 10d express,2,1,2,High,Conservative normalization
comboman,2,1,2,High,Conservative normalization
combos 99,2,2,2,Medium,Conservative normalization
come n eat,2,2,2,Medium,Conservative normalization
commando food capital,2,1,2,High,Conservative normalization
community cafe,2,1,2,High,Conservative normalization
computerized chole kulche,2,1,2,High,Conservative normalization
confucius,2,1,2,High,Conservative normalization
cook house,2,2,2,Medium,Conservative normalization
cool cafe,2,1,2,High,Conservative normalization
cool deck coffee,2,2,2,Medium,Conservative normalization
cool n fresh,2,2,2,Medium,Conservative normalization
cool point,2,2,2,Medium,Conservative normalization
cool time,2,2,2,Medium,Conservative normalization
cool town,2,1,2,High,Conservative normalization
copper handi,2,2,2,Medium,Conservative normalization
coregrills,2,1,2,High,Conservative normalization
corn king,2,1,2,High,Conservative normalization
corner bakers,2,1,2,High,Conservative normalization
corner bowls,2,1,2,High,Conservative normalization
cosmos pizza,2,2,2,Medium,Conservative normalization
cottage loaf,2,2,2,Medium,Conservative normalization
country chicken,2,2,2,Medium,Conservative normalization
country kitchens,2,1,2,High,Conservative normalization
country made grills n fries,2,1,2,High,Conservative normalization
country roads restaurant and cafe,2,1,2,High,Conservative normalization
country side cafe,2,2,2,Medium,Conservative normalization
couples kitchen,2,1,2,High,Conservative normalization
craft of biryani,2,2,2,Medium,Conservative normalization
crave,2,1,2,High,Conservative normalization
crave yard,2,2,2,Medium,Conservative normalization
cravers,2,1,2,High,Conservative normalization
craving curries,2,1,2,High,Conservative normalization
crazy 4 chicken,2,2,2,Medium,Conservative normalization
crazy bite,2,1,2,High,Conservative normalization
crazy burger,2,2,2,Medium,Conservative normalization
crazy chaap corner,2,2,2,Medium,Conservative normalization
crazy chinese,2,2,2,Medium,Conservative normalization
crazy coffee,2,1,2,High,Conservative normalization
crazy combo,2,2,2,Medium,Conservative normalization
crazy grill,2,2,2,Medium,Conservative normalization
crazy maggie and burger,2,2,2,Medium,Conservative normalization
crazy meals,2,1,2,High,Conservative normalization
crazy shakes,2,1,2,High,Conservative normalization
crazzy pizza,2,1,2,High,Conservative normalization
crazzy southian,2,1,2,High,Conservative normalization
crea la tua pizza,2,2,2,Medium,Conservative normalization
cream and cheese,2,1,2,High,Conservative normalization
cream corner,2,1,2,High,Conservative normalization
cream n cafe,2,2,2,Medium,Conservative normalization
cream n crust cafe,2,1,2,High,Conservative normalization
cream story,2,1,2,High,Conservative normalization
cream town,2,1,2,High,Conservative normalization
creambell,2,1,2,High,Conservative normalization
creamy cake,2,2,2,Medium,Conservative normalization
creamy pasta,2,1,2,High,Conservative normalization
creative chef baker,2,1,2,High,Conservative normalization
creativtea,2,1,2,High,Conservative normalization
creme n crisp,2,1,2,High,Conservative normalization
cremeux,2,1,2,High,Conservative normalization
cremeux pizza and bakery cafe,2,2,2,Medium,Conservative normalization
crepe king,2,2,2,Medium,Conservative normalization
crispy,2,2,2,Medium,Conservative normalization
crispy bite,2,2,2,Medium,Conservative normalization
crispy bites,2,1,2,High,Conservative normalization
crispy cafe,2,2,2,Medium,Conservative normalization
crispy pizza,2,2,2,Medium,Conservative normalization
crispy treat,2,2,2,Medium,Conservative normalization
crossroad cafe,2,2,2,Medium,Conservative normalization
crossroads,2,1,2,High,Conservative normalization
crossways gourmet salads,2,1,2,High,Conservative normalization
crosta the cake boutique,2,2,2,Medium,Conservative normalization
crunch,2,2,2,Medium,Conservative normalization
crunchicken,2,1,2,High,Conservative normalization
crunchy bite,2,2,2,Medium,Conservative normalization
crunchy bites,2,1,2,High,Conservative normalization
crunchy fast food centre,2,1,1,High,Conservative normalization
crush,2,2,2,Medium,Conservative normalization
crustworthy bakes,2,1,2,High,Conservative normalization
crusty pizza,2,1,2,High,Conservative normalization
crusty singh,2,1,2,High,Conservative normalization
crypto chai by voosh,2,2,2,Medium,Conservative normalization
crystal restaurant,2,1,2,High,Conservative normalization
csoning shawarmas,2,2,2,Medium,Conservative normalization
cuantos kebabs and rolls,2,1,2,High,Conservative normalization
cuk nuk 24,2,1,2,High,Conservative normalization
cum n eat,2,1,2,High,Conservative normalization
curries,2,1,2,High,Conservative normalization
curries and more,2,2,2,Medium,Conservative normalization
curries and pickles,2,2,2,Medium,Conservative normalization
curry and koyla company,2,1,2,High,Conservative normalization
curry by kilo,2,2,2,Medium,Conservative normalization
curry cafe,2,1,2,High,Conservative normalization
curry club,2,2,2,Medium,Conservative normalization
curry combos,2,1,2,High,Conservative normalization
curry corner,2,2,2,Medium,Conservative normalization
curry factory,2,2,2,Medium,Conservative normalization
curry junction,2,2,2,Medium,Conservative normalization
curry mantra,2,1,2,High,Conservative normalization
curry point s,2,1,2,High,Conservative normalization
curry points,2,1,2,High,Conservative normalization
curry story,2,2,2,Medium,Conservative normalization
curryosity,2,1,2,High,Conservative normalization
cutiepie cakes,2,1,2,High,Conservative normalization
cyrus cafe,2,2,2,Medium,Conservative normalization
d momo factory,2,1,2,High,Conservative normalization
d9 restaurant,2,1,2,High,Conservative normalization
da fu,2,1,2,High,Conservative normalization
da pepper pizza,2,1,2,High,Conservative normalization
da pizza,2,2,2,Medium,Conservative normalization
da pizza corner,2,1,2,High,Conservative normalization
da pizza inn,2,1,2,High,Conservative normalization
daalchini,2,1,2,High,Conservative normalization
daana paani,2,2,2,Medium,Conservative normalization
daawat biryani,2,2,2,Medium,Conservative normalization
dabba garam,2,1,2,High,Conservative normalization
dabba garam homely meals and more,2,1,2,High,Conservative normalization
dabbawala biryani,2,1,2,High,Conservative normalization
dad s kitchen,2,2,2,Medium,Conservative normalization
daddys kitchen,2,2,2,Medium,Conservative normalization
dadi ka khazana,2,1,2,High,Conservative normalization
dadi maa ki rasoi,2,2,2,Medium,Conservative normalization
dadu s masala republic,2,1,2,High,Conservative normalization
dadu s sweet emporio,2,1,2,High,Conservative normalization
daila cake,2,1,2,High,Conservative normalization
daily bhoj,2,1,2,High,Conservative normalization
daily dose cafe,2,1,2,High,Conservative normalization
daily eats,2,2,2,Medium,Conservative normalization
daily fresh,2,2,2,Medium,Conservative normalization
daily grill,2,1,2,High,Conservative normalization
daily healthy rasoi,2,1,2,High,Conservative normalization
daily treat,2,2,2,Medium,Conservative normalization
dairy cone,2,1,2,High,Conservative normalization
dakkhani misal,2,1,2,High,Conservative normalization
dakshin cafe,2,1,2,High,Conservative normalization
dakshin tadka,2,2,2,Medium,Conservative normalization
dakshination,2,1,2,High,Conservative normalization
dal khichdi,2,1,2,High,Conservative normalization
dalchini restaurant,2,1,2,High,Conservative normalization
dalgrak,2,1,2,High,Conservative normalization
damodar p30,2,1,2,High,Conservative normalization
dana pani restaurant,2,2,2,Medium,Conservative normalization
dangee dums yums,2,1,2,High,Conservative normalization
danka,2,2,2,Medium,Conservative normalization
darbys pastries,2,2,2,Medium,Conservative normalization
darjeeling hot momos,2,1,2,High,Conservative normalization
darjeeling kitchen,2,1,2,High,Conservative normalization
darjeeling momo,2,2,2,Medium,Conservative normalization
darjeeling momo house,2,2,2,Medium,Conservative normalization
dark knight,2,1,2,High,Conservative normalization
dark smoke bbq restaurant,2,2,2,Medium,Conservative normalization
darling namma veedu,2,1,2,High,Conservative normalization
darshan restaurant,2,1,2,High,Conservative normalization
das fast food,2,2,2,Medium,Conservative normalization
das surti khaman,2,1,2,High,Conservative normalization
dashi dimsum and sushi bar,2,1,2,High,Conservative normalization
dastan e biryani,2,1,2,High,Conservative normalization
date palm,2,1,2,High,Conservative normalization
date palm juice,2,1,2,High,Conservative normalization
davanagere benne dosa corner,2,2,2,Medium,Conservative normalization
davanagere benne dose hotel,2,1,2,High,Conservative normalization
davangere benne dosa,2,1,2,High,Conservative normalization
davangere benne dose,2,1,2,High,Conservative normalization
dawat art of cooking,2,2,2,Medium,Conservative normalization
dawat bakery,2,2,2,Medium,Conservative normalization
dawat biryani,2,2,2,Medium,Conservative normalization
dawat cake,2,2,2,Medium,Conservative normalization
dawat e dastarkhan,2,2,2,Medium,Conservative normalization
dawat e lucknow,2,2,2,Medium,Conservative normalization
day and night pizza,2,1,2,High,Conservative normalization
day night fast food,2,2,2,Medium,Conservative normalization
dc cafe,2,1,2,High,Conservative normalization
de bakers lounge,2,2,2,Medium,Conservative normalization
de grand restaurant,2,1,2,High,Conservative normalization
de pizzeria,2,1,2,High,Conservative normalization
de thaali desi thaalis and more,2,1,2,High,Conservative normalization
de thali,2,1,2,High,Conservative normalization
deccan biryani,2,1,2,High,Conservative normalization
deccan express,2,2,2,Medium,Conservative normalization
deccan paradise,2,1,2,High,Conservative normalization
deccan pizza,2,2,2,Medium,Conservative normalization
deccan spice,2,1,2,High,Conservative normalization
dee s pizza,2,2,2,Medium,Conservative normalization
deep chinese fast food,2,1,1,High,Conservative normalization
deepak bakery,2,2,2,Medium,Conservative normalization
deepak chicken corner,2,1,2,High,Conservative normalization
deepak fast food,2,1,2,High,Conservative normalization
deepak special tea house,2,1,2,High,Conservative normalization
deewan e biryani,2,2,2,Medium,Conservative normalization
dehaati,2,2,2,Medium,Conservative normalization
dehati meat,2,1,2,High,Conservative normalization
deja vu,2,2,2,Medium,Conservative normalization
delhi 38,2,2,2,Medium,Conservative normalization
delhi 6 food junction,2,2,2,Medium,Conservative normalization
delhi 6 foods,2,1,2,High,Conservative normalization
delhi biryani hut,2,2,2,Medium,Conservative normalization
delhi cake point,2,2,2,Medium,Conservative normalization
delhi chaat,2,2,2,Medium,Conservative normalization
delhi chaat bhandar,2,2,2,Medium,Conservative normalization
delhi chicken corner,2,1,2,High,Conservative normalization
delhi chicken point,2,2,2,Medium,Conservative normalization
delhi chinese fast food,2,1,2,High,Conservative normalization
delhi chole bhature,2,2,2,Medium,Conservative normalization
delhi club house,2,1,2,High,Conservative normalization
delhi darbar chicken biryani,2,2,2,Medium,Conservative normalization
delhi darbar chicken corner,2,1,2,High,Conservative normalization
delhi durbar,2,2,2,Medium,Conservative normalization
delhi food corner,2,1,2,High,Conservative normalization
delhi food court,2,1,2,High,Conservative normalization
delhi home food,2,2,2,Medium,Conservative normalization
delhi hotel,2,1,2,High,Conservative normalization
delhi jaipur express kitchen,2,1,2,High,Conservative normalization
delhi juice corner,2,2,2,Medium,Conservative normalization
delhi malai chaap,2,1,2,High,Conservative normalization
delhi mithaiwala,2,1,2,High,Conservative normalization
delhi momo b c,2,2,2,Medium,Conservative normalization
delhi street foods,2,1,2,High,Conservative normalization
delhi tandoor,2,1,2,High,Conservative normalization
delhi wah ji wah,2,2,2,Medium,Conservative normalization
delhi wala paratha,2,1,2,High,Conservative normalization
delhi wali paratha,2,2,2,Medium,Conservative normalization
delhiwala chaat,2,1,2,High,Conservative normalization
delicacy family restaurant,2,1,2,High,Conservative normalization
delicious bite,2,2,2,Medium,Conservative normalization
delicious cafe,2,2,2,Medium,Conservative normalization
delicious chinese cafe,2,1,2,High,Conservative normalization
delicious dhaba,2,1,2,High,Conservative normalization
delicious food corner,2,2,2,Medium,Conservative normalization
delicious foodies,2,2,2,Medium,Conservative normalization
delicious foods,2,2,2,Medium,Conservative normalization
delicious fried chicken,2,1,2,High,Conservative normalization
delicious moment,2,2,2,Medium,Conservative normalization
delicious point,2,2,2,Medium,Conservative normalization
delicious restaurant,2,1,2,High,Conservative normalization
delicious snacks,2,1,2,High,Conservative normalization
delicious tadka,2,2,2,Medium,Conservative normalization
delight bakers,2,1,2,High,Conservative normalization
delight cafe,2,1,2,High,Conservative normalization
delight cake treat,2,2,2,Medium,Conservative normalization
delight delicious,2,1,2,High,Conservative normalization
delight kitchen,2,2,2,Medium,Conservative normalization
delight zone,2,1,2,High,Conservative normalization
delish delicacies,2,1,2,High,Conservative normalization
delish restaurant,2,2,2,Medium,Conservative normalization
dellish,2,1,1,High,Conservative normalization
deluxe dhaba express,2,1,2,High,Conservative normalization
den of sawarmaz,2,1,2,High,Conservative normalization
denmarrk drive inn restaurant,2,1,2,High,Conservative normalization
deshi dhaba,2,2,2,Medium,Conservative normalization
deshmukh paratha house,2,2,2,Medium,Conservative normalization
desi adda,2,1,2,High,Conservative normalization
desi bidesi,2,1,1,High,Conservative normalization
desi burger,2,1,2,High,Conservative normalization
desi by nature,2,2,2,Medium,Conservative normalization
desi cafe,2,2,2,Medium,Conservative normalization
desi chulhaa,2,1,2,High,Conservative normalization
desi culture,2,1,2,High,Conservative normalization
desi curry,2,2,2,Medium,Conservative normalization
desi darbar,2,1,2,High,Conservative normalization
desi eats,2,1,2,High,Conservative normalization
desi express,2,1,2,High,Conservative normalization
desi food,2,2,2,Medium,Conservative normalization
desi hut,2,2,2,Medium,Conservative normalization
desi jalpan,2,2,2,Medium,Conservative normalization
desi matki,2,1,2,High,Conservative normalization
desi mizaj,2,1,2,High,Conservative normalization
desi momo,2,2,2,Medium,Conservative normalization
desi nashta,2,1,2,High,Conservative normalization
desi nasta,2,2,2,Medium,Conservative normalization
desi pakwan,2,1,2,High,Conservative normalization
desi palace,2,1,2,High,Conservative normalization
desi paratha gali,2,1,2,High,Conservative normalization
desi punjabi dhaba,2,2,2,Medium,Conservative normalization
desi restaurant,2,2,2,Medium,Conservative normalization
desi ruchi,2,1,2,High,Conservative normalization
desi tadka family restaurant,2,2,2,Medium,Conservative normalization
desi tea time,2,2,2,Medium,Conservative normalization
desi urban chai,2,2,2,Medium,Conservative normalization
desi wok,2,2,2,Medium,Conservative normalization
design cakes,2,1,2,High,Conservative normalization
desire instant chai maza aajaye,2,2,2,Medium,Conservative normalization
dessert bar by basant,2,1,2,High,Conservative normalization
dessert delights,2,1,2,High,Conservative normalization
dessert lounge,2,1,2,High,Conservative normalization
dessertino,2,2,2,Medium,Conservative normalization
detox,2,1,2,High,Conservative normalization
dev restaurant,2,1,2,High,Conservative normalization
dev s kitchen,2,2,2,Medium,Conservative normalization
devar hotel,2,1,2,High,Conservative normalization
devi family restaurant,2,1,1,High,Conservative normalization
devi hotel,2,2,2,Medium,Conservative normalization
devil s burger,2,1,2,High,Conservative normalization
devil s kitchen,2,1,2,High,Conservative normalization
devilz kitchen,2,2,2,Medium,Conservative normalization
dezire sugar free health cafe,2,1,2,High,Conservative normalization
dfc delicious fried chicken,2,2,2,Medium,Conservative normalization
dhaba 1947,2,1,2,High,Conservative normalization
dhaba ambarsar,2,1,2,High,Conservative normalization
dhaba amritsari,2,1,2,High,Conservative normalization
dhaba co,2,1,2,High,Conservative normalization
dhaba culture,2,2,2,Medium,Conservative normalization
dhaba hindustani,2,1,2,High,Conservative normalization
dhaba hr 26,2,1,2,High,Conservative normalization
dhaba punjabi,2,1,2,High,Conservative normalization
dhaka biryani house,2,1,2,High,Conservative normalization
dhatri food court,2,2,2,Medium,Conservative normalization
dheemi aanch,2,2,2,Medium,Conservative normalization
dhingra z pasta la vasta,2,2,2,Medium,Conservative normalization
dhosa hub,2,1,2,High,Conservative normalization
di pasta,2,2,2,Medium,Conservative normalization
diabesmart,2,1,2,High,Conservative normalization
diamond cafe,2,2,2,Medium,Conservative normalization
diamond food by chef sanjeev,2,2,2,Medium,Conservative normalization
did daily indian diet by dnd,2,1,2,High,Conservative normalization
diet food kitchen,2,2,2,Medium,Conservative normalization
diet house,2,1,2,High,Conservative normalization
diet tree,2,1,2,High,Conservative normalization
dil desi dhaba,2,2,2,Medium,Conservative normalization
dil ka dabba,2,2,2,Medium,Conservative normalization
dil se desi,2,1,2,High,Conservative normalization
dil se indian,2,1,2,High,Conservative normalization
dilbaro,2,1,2,High,Conservative normalization
dilip dabeli,2,1,2,High,Conservative normalization
dilip sandwich and pizza house,2,2,2,Medium,Conservative normalization
dilli 6 on wheels,2,2,2,Medium,Conservative normalization
dilli 6 taste of india,2,2,2,Medium,Conservative normalization
dilli bc north indian mughlai and chinese hub,2,1,2,High,Conservative normalization
dilli cuisine,2,1,2,High,Conservative normalization
dilli da dhaba,2,1,2,High,Conservative normalization
dilli da roll,2,1,2,High,Conservative normalization
dilli galli,2,2,2,Medium,Conservative normalization
dilli heart,2,2,2,Medium,Conservative normalization
dilli the darbar,2,1,2,High,Conservative normalization
dilli wale parathe,2,1,2,High,Conservative normalization
dilli wali thali,2,1,2,High,Conservative normalization
dilli zaika,2,2,2,Medium,Conservative normalization
dillify,2,2,2,Medium,Conservative normalization
dilliwala,2,1,2,High,Conservative normalization
dilruba restaurant,2,2,2,Medium,Conservative normalization
dimcha,2,1,2,High,Conservative normalization
dimsum and co,2,2,2,Medium,Conservative normalization
dimsum express,2,1,2,High,Conservative normalization
dimsum wu chinese momo shushi and more,2,1,2,High,Conservative normalization
dindigul kilappu kadai,2,1,2,High,Conservative normalization
dindigul kulambu kadai,2,1,2,High,Conservative normalization
dine inn china,2,1,2,High,Conservative normalization
dine inn restaurant,2,2,2,Medium,Conservative normalization
dine o china,2,2,2,Medium,Conservative normalization
dining delight,2,1,2,High,Conservative normalization
dinner house,2,2,2,Medium,Conservative normalization
dinshaw s ice cream parlour,2,1,2,High,Conservative normalization
dinshaw s icecream tatabaugh,2,1,2,High,Conservative normalization
dirty dough pizza by moets,2,1,2,High,Conservative normalization
discount mania,2,1,2,High,Conservative normalization
dishout express,2,2,2,Medium,Conservative normalization
divine bites,2,2,2,Medium,Conservative normalization
divine kitchen,2,2,2,Medium,Conservative normalization
divya s kitchen,2,1,2,High,Conservative normalization
dm food corner,2,1,2,High,Conservative normalization
doctor juice immunity health bar,2,1,2,High,Conservative normalization
dolla in,2,1,2,High,Conservative normalization
dolly s kitchen,2,1,2,High,Conservative normalization
dolphin bakers,2,2,2,Medium,Conservative normalization
dolphin bakes n icecreams,2,1,2,High,Conservative normalization
dolphin restaurant,2,1,2,High,Conservative normalization
dolphins restaurant,2,2,2,Medium,Conservative normalization
dom s pizza,2,2,2,Medium,Conservative normalization
domihut pizza,2,2,2,Medium,Conservative normalization
domingos pizza,2,2,2,Medium,Conservative normalization
domino s pizza express,2,2,2,Medium,Conservative normalization
doner and burger,2,2,2,Medium,Conservative normalization
doner club,2,2,2,Medium,Conservative normalization
doner kebab house,2,2,2,Medium,Conservative normalization
doner ville,2,1,2,High,Conservative normalization
donne biriyani grand,2,2,2,Medium,Conservative normalization
donne biriyanis house,2,1,2,High,Conservative normalization
donne biryani,2,1,2,High,Conservative normalization
donne biryani adda,2,1,2,High,Conservative normalization
donne biryani corner,2,1,2,High,Conservative normalization
donne biryani kuteera,2,1,2,High,Conservative normalization
donut cafe,2,1,2,High,Conservative normalization
dosa and more,2,2,2,Medium,Conservative normalization
dosa bite tiffen and chat bhandar,2,1,2,High,Conservative normalization
dosa cafe,2,2,2,Medium,Conservative normalization
dosa coffee,2,1,2,High,Conservative normalization
dosa delight,2,2,2,Medium,Conservative normalization
dosa den,2,1,2,High,Conservative normalization
dosa on my plate domp,2,1,2,High,Conservative normalization
dosa palace,2,1,2,High,Conservative normalization
dosa zone,2,2,2,Medium,Conservative normalization
dostea,2,1,2,High,Conservative normalization
dotivala bakers,2,2,2,Medium,Conservative normalization
double scoop,2,1,2,High,Conservative normalization
double trouble,2,1,2,High,Conservative normalization
dough and cream,2,1,2,High,Conservative normalization
downtown,2,1,2,High,Conservative normalization
downtown cafe,2,2,2,Medium,Conservative normalization
dp special,2,2,2,Medium,Conservative normalization
dr bubbles chai specialist,2,1,2,High,Conservative normalization
dr diet daily healthy diet,2,1,2,High,Conservative normalization
dr shakes,2,2,2,Medium,Conservative normalization
dr sheesha,2,1,2,High,Conservative normalization
dragon noodles,2,1,2,High,Conservative normalization
dragon wok,2,1,2,High,Conservative normalization
dragon wok express,2,2,2,Medium,Conservative normalization
dragon xpress,2,2,2,Medium,Conservative normalization
dream bakers,2,1,2,High,Conservative normalization
dream cream fast food,2,1,2,High,Conservative normalization
dream foods,2,2,2,Medium,Conservative normalization
dreams cafe,2,1,2,High,Conservative normalization
dreams pizza,2,2,2,Medium,Conservative normalization
drinking,2,1,2,High,Conservative normalization
drip cafe and bistro,2,2,2,Medium,Conservative normalization
drip the cafe bar,2,2,2,Medium,Conservative normalization
driven cafe,2,1,2,High,Conservative normalization
drizzle s pizza,2,1,2,High,Conservative normalization
dubai restaurant,2,2,2,Medium,Conservative normalization
duke of food,2,2,2,Medium,Conservative normalization
duke restaurant,2,1,2,High,Conservative normalization
dum burger,2,1,2,High,Conservative normalization
dum shahi,2,1,2,High,Conservative normalization
dumont,2,1,2,High,Conservative normalization
dumpling,2,1,2,High,Conservative normalization
dumpling box,2,1,2,High,Conservative normalization
dumpling den,2,1,2,High,Conservative normalization
dumpling house,2,1,2,High,Conservative normalization
dumpling hut,2,1,2,High,Conservative normalization
durga fast food center,2,2,2,Medium,Conservative normalization
durga khasta corner,2,2,2,Medium,Conservative normalization
dusk 2 dawn,2,2,2,Medium,Conservative normalization
dwaraka,2,1,2,High,Conservative normalization
dwaraka grand,2,1,2,High,Conservative normalization
dynasty,2,1,2,High,Conservative normalization
earthen heaven,2,2,2,Medium,Conservative normalization
east pan asian,2,1,2,High,Conservative normalization
easyhuman,2,1,2,High,Conservative normalization
eat 99,2,2,2,Medium,Conservative normalization
eat and joy,2,1,2,High,Conservative normalization
eat and sip,2,2,2,Medium,Conservative normalization
eat and talk,2,2,2,Medium,Conservative normalization
eat fresh,2,1,2,High,Conservative normalization
eat healthy,2,1,2,High,Conservative normalization
eat it,2,2,2,Medium,Conservative normalization
eat italy,2,1,2,High,Conservative normalization
eat more fried chicken,2,2,2,Medium,Conservative normalization
eat n eat,2,2,2,Medium,Conservative normalization
eat n garden,2,2,2,Medium,Conservative normalization
eat n pack,2,2,2,Medium,Conservative normalization
eat o clock,2,1,2,High,Conservative normalization
eat repeat,2,1,2,High,Conservative normalization
eat right,2,2,2,Medium,Conservative normalization
eatalica,2,1,2,High,Conservative normalization
eatcare,2,2,2,Medium,Conservative normalization
eateria,2,2,2,Medium,Conservative normalization
eaters stop,2,1,2,High,Conservative normalization
eatery,2,1,2,High,Conservative normalization
eatopia,2,2,2,Medium,Conservative normalization
eats and treats,2,2,2,Medium,Conservative normalization
eddies,2,2,2,Medium,Conservative normalization
eden garden restaurant,2,1,2,High,Conservative normalization
eden restaurant,2,1,2,High,Conservative normalization
efc,2,1,2,High,Conservative normalization
effingut,2,1,2,High,Conservative normalization
egg break bowl,2,1,2,High,Conservative normalization
egg corner,2,2,2,Medium,Conservative normalization
egg magic,2,1,2,High,Conservative normalization
egg masters,2,1,2,High,Conservative normalization
egg point,2,1,2,High,Conservative normalization
egg stickaa,2,2,2,Medium,Conservative normalization
egg street,2,2,2,Medium,Conservative normalization
egg world,2,1,2,High,Conservative normalization
egg world sandwich,2,2,2,Medium,Conservative normalization
eggcelent,2,1,2,High,Conservative normalization
eggiterian cafe,2,1,2,High,Conservative normalization
eggs point,2,1,2,High,Conservative normalization
eggsplode,2,1,2,High,Conservative normalization
eid biryani,2,1,2,High,Conservative normalization
ekdant snacks centre,2,2,2,Medium,Conservative normalization
ekdum hyderabadi,2,1,2,High,Conservative normalization
el mexicano,2,1,2,High,Conservative normalization
element e7 restaurant,2,1,2,High,Conservative normalization
elephant and co,2,1,2,High,Conservative normalization
elite,2,1,2,High,Conservative normalization
elite juice bar,2,1,2,High,Conservative normalization
elite restaurant,2,1,2,High,Conservative normalization
elixir luxury pearls drink,2,1,2,High,Conservative normalization
emerald mithai shop,2,1,2,High,Conservative normalization
emly,2,2,2,Medium,Conservative normalization
emoi,2,1,2,High,Conservative normalization
emperor,2,1,2,High,Conservative normalization
empires kitchen,2,2,2,Medium,Conservative normalization
emyee cafe,2,1,2,High,Conservative normalization
engineer chaap wala,2,1,2,High,Conservative normalization
enter the dragon,2,1,2,High,Conservative normalization
entisi,2,1,2,High,Conservative normalization
erode amman mess,2,1,2,High,Conservative normalization
eten,2,1,2,High,Conservative normalization
ether atelier chocolate,2,1,2,High,Conservative normalization
eva s pizza,2,2,2,Medium,Conservative normalization
events kitchen,2,1,2,High,Conservative normalization
everbake,2,1,2,High,Conservative normalization
everest kitchen,2,2,2,Medium,Conservative normalization
everest momo,2,1,2,High,Conservative normalization
everything 99,2,2,2,Medium,Conservative normalization
excellent biriyani,2,2,2,Medium,Conservative normalization
exotic panipuri,2,1,2,High,Conservative normalization
express eats,2,1,2,High,Conservative normalization
express roll cafe,2,1,2,High,Conservative normalization
ezham suvai,2,1,2,High,Conservative normalization
f and f bakers,2,1,2,High,Conservative normalization
f and s fillers and savers,2,2,2,Medium,Conservative normalization
fabbrica,2,1,2,High,Conservative normalization
face food,2,1,2,High,Conservative normalization
fadhwa sweets,2,1,2,High,Conservative normalization
fagun restaurant,2,1,2,High,Conservative normalization
fairfield by marriott,2,2,2,Medium,Conservative normalization
fakira chanachur,2,1,1,High,Conservative normalization
falafel,2,2,2,Medium,Conservative normalization
falafel affair,2,1,2,High,Conservative normalization
falafel s,2,1,2,High,Conservative normalization
faloodah by purple foods,2,2,2,Medium,Conservative normalization
family dhaba,2,2,2,Medium,Conservative normalization
famous biryani,2,1,2,High,Conservative normalization
famous cafe,2,2,2,Medium,Conservative normalization
famous frankie,2,1,2,High,Conservative normalization
famous fried chicken,2,2,2,Medium,Conservative normalization
famous kachhi dabeli,2,1,2,High,Conservative normalization
famous lunch,2,2,2,Medium,Conservative normalization
famous pizza,2,2,2,Medium,Conservative normalization
fancy ice cream,2,1,2,High,Conservative normalization
fanoos xpress,2,1,2,High,Conservative normalization
fantasy bakery and cafe,2,2,2,Medium,Conservative normalization
far east asia,2,2,2,Medium,Conservative normalization
farm fresh,2,1,2,High,Conservative normalization
farmaaish,2,1,2,High,Conservative normalization
farmhouse,2,1,2,High,Conservative normalization
farzi dhaba,2,2,2,Medium,Conservative normalization
fast food adda,2,2,2,Medium,Conservative normalization
fast food house,2,1,2,High,Conservative normalization
fast food hub,2,2,2,Medium,Conservative normalization
fast food katta,2,2,2,Medium,Conservative normalization
fast food point,2,1,2,High,Conservative normalization
faster fries,2,1,2,High,Conservative normalization
fat lulu s cafe and bar,2,1,2,High,Conservative normalization
fat monk chinese,2,1,2,High,Conservative normalization
fauzi dhaba,2,2,2,Medium,Conservative normalization
favourite pizza and grill,2,2,2,Medium,Conservative normalization
fayaz restaurant,2,1,2,High,Conservative normalization
feed me more,2,1,2,High,Conservative normalization
feel food,2,1,2,High,Conservative normalization
feel the meal,2,1,2,High,Conservative normalization
feeling hungry,2,1,2,High,Conservative normalization
ferns n petals,2,2,2,Medium,Conservative normalization
festomac cafe,2,1,2,High,Conservative normalization
ffc,2,1,2,High,Conservative normalization
fico,2,1,2,High,Conservative normalization
fiesta,2,2,2,Medium,Conservative normalization
fifth avenue bakery and cafe,2,1,2,High,Conservative normalization
finesse,2,2,2,Medium,Conservative normalization
finestra cafe and bistro,2,2,2,Medium,Conservative normalization
finger food company,2,1,2,High,Conservative normalization
firangi chinese,2,1,2,High,Conservative normalization
firangi dhaba,2,2,2,Medium,Conservative normalization
firangi kitchen,2,1,2,High,Conservative normalization
firangi tadka,2,1,2,High,Conservative normalization
firdaus biryani,2,1,2,High,Conservative normalization
fire and ice,2,2,2,Medium,Conservative normalization
fire bowl,2,1,2,High,Conservative normalization
fire house pizza,2,1,2,High,Conservative normalization
fire n grill,2,2,2,Medium,Conservative normalization
fire woods biryani,2,1,2,High,Conservative normalization
firewood briyani,2,2,2,Medium,Conservative normalization
firewood pizza,2,2,2,Medium,Conservative normalization
first bite,2,1,2,High,Conservative normalization
fish corner,2,2,2,Medium,Conservative normalization
fish house,2,1,2,High,Conservative normalization
fish n rolls,2,2,2,Medium,Conservative normalization
fish n you,2,2,2,Medium,Conservative normalization
fishland,2,1,2,High,Conservative normalization
fishlee,2,2,2,Medium,Conservative normalization
fit food 27,2,1,2,High,Conservative normalization
fit kitchen,2,1,2,High,Conservative normalization
five fingers,2,1,2,High,Conservative normalization
five star janta,2,1,2,High,Conservative normalization
five star premium,2,2,2,Medium,Conservative normalization
flakes fried chicken,2,1,2,High,Conservative normalization
flambe,2,2,2,Medium,Conservative normalization
flame pizzeria,2,1,2,High,Conservative normalization
flames and pots,2,2,2,Medium,Conservative normalization
flamin burgers,2,1,2,High,Conservative normalization
flaming chilli pepper,2,1,2,High,Conservative normalization
flat dough pizzeria,2,1,2,High,Conservative normalization
flavors,2,1,2,High,Conservative normalization
flavors of india,2,1,2,High,Conservative normalization
flavour of spices,2,1,2,High,Conservative normalization
flavour town,2,2,2,Medium,Conservative normalization
flavours battle of buds,2,2,2,Medium,Conservative normalization
flavours by welcomhotel,2,1,2,High,Conservative normalization
flavours cafe,2,2,2,Medium,Conservative normalization
flavours of chakhna,2,2,2,Medium,Conservative normalization
flavours of champaran,2,2,2,Medium,Conservative normalization
flavours of china and lebanon,2,2,2,Medium,Conservative normalization
flavours of home,2,1,2,High,Conservative normalization
flavours of paratha,2,1,2,High,Conservative normalization
flirty momos,2,1,2,High,Conservative normalization
florentine,2,1,2,High,Conservative normalization
florida burgers,2,2,2,Medium,Conservative normalization
flying spaghetti monster,2,1,2,High,Conservative normalization
fnp cakes and more,2,2,2,Medium,Conservative normalization
fogon,2,1,2,High,Conservative normalization
food 365,2,2,2,Medium,Conservative normalization
food and flavours,2,2,2,Medium,Conservative normalization
food and foodies,2,2,2,Medium,Conservative normalization
food art,2,2,2,Medium,Conservative normalization
food at night,2,1,2,High,Conservative normalization
food basket,2,2,2,Medium,Conservative normalization
food bengal,2,1,2,High,Conservative normalization
food bites,2,1,2,High,Conservative normalization
food book,2,1,2,High,Conservative normalization
food boutique,2,2,2,Medium,Conservative normalization
food bug,2,2,2,Medium,Conservative normalization
food buggy,2,2,2,Medium,Conservative normalization
food buzz,2,2,2,Medium,Conservative normalization
food by daily,2,2,2,Medium,Conservative normalization
food carnival,2,2,2,Medium,Conservative normalization
food casa,2,2,2,Medium,Conservative normalization
food castle,2,1,2,High,Conservative normalization
food central,2,1,2,High,Conservative normalization
food china momos and noodles,2,2,2,Medium,Conservative normalization
food city,2,1,2,High,Conservative normalization
food clouds,2,2,2,Medium,Conservative normalization
food connect,2,1,2,High,Conservative normalization
food darbar,2,2,2,Medium,Conservative normalization
food dash,2,2,2,Medium,Conservative normalization
food den,2,1,2,High,Conservative normalization
food destination,2,1,2,High,Conservative normalization
food dude,2,1,2,High,Conservative normalization
food engineer,2,1,2,High,Conservative normalization
food expresso,2,1,2,High,Conservative normalization
food fest,2,1,2,High,Conservative normalization
food fighter,2,1,2,High,Conservative normalization
food finger,2,2,2,Medium,Conservative normalization
food flavours,2,2,2,Medium,Conservative normalization
food gallery,2,2,2,Medium,Conservative normalization
food garage model town,2,2,2,Medium,Conservative normalization
food genie,2,2,2,Medium,Conservative normalization
food gossips,2,1,2,High,Conservative normalization
food haveli,2,1,2,High,Conservative normalization
food heist,2,1,2,High,Conservative normalization
food hunt,2,2,2,Medium,Conservative normalization
food inn,2,1,2,High,Conservative normalization
food lover s,2,2,2,Medium,Conservative normalization
food lust,2,1,2,High,Conservative normalization
food magic,2,2,2,Medium,Conservative normalization
food mama,2,2,2,Medium,Conservative normalization
food master,2,1,2,High,Conservative normalization
food nest,2,1,2,High,Conservative normalization
food o meter,2,1,2,High,Conservative normalization
food oclock,2,1,2,High,Conservative normalization
food of indians foi,2,2,2,Medium,Conservative normalization
food on,2,2,2,Medium,Conservative normalization
food on call,2,2,2,Medium,Conservative normalization
food on fire,2,1,2,High,Conservative normalization
food on mood,2,2,2,Medium,Conservative normalization
food peddler sandwiches,2,1,2,High,Conservative normalization
food porn,2,1,2,High,Conservative normalization
food river,2,1,2,High,Conservative normalization
food root,2,1,2,High,Conservative normalization
food safari,2,1,2,High,Conservative normalization
food scouts,2,1,2,High,Conservative normalization
food shala,2,2,2,Medium,Conservative normalization
food sparks,2,2,2,Medium,Conservative normalization
food storiezzz,2,2,2,Medium,Conservative normalization
food vibes,2,2,2,Medium,Conservative normalization
food walk,2,1,2,High,Conservative normalization
food world,2,1,2,High,Conservative normalization
food xpress,2,1,2,High,Conservative normalization
food zaika,2,2,2,Medium,Conservative normalization
food zilla,2,2,2,Medium,Conservative normalization
food zone restaurant,2,1,2,High,Conservative normalization
food99,2,2,2,Medium,Conservative normalization
foodelicious,2,1,2,High,Conservative normalization
foodezz,2,1,2,High,Conservative normalization
foodflix,2,2,2,Medium,Conservative normalization
foodginie express,2,2,2,Medium,Conservative normalization
foodhouse,2,2,2,Medium,Conservative normalization
foodhub,2,1,2,High,Conservative normalization
foodhut,2,1,2,High,Conservative normalization
foodie adda,2,1,2,High,Conservative normalization
foodie baba,2,1,1,High,Conservative normalization
foodie kitchen,2,1,2,High,Conservative normalization
foodie lover,2,2,2,Medium,Conservative normalization
foodie panda,2,1,2,High,Conservative normalization
foodie s,2,1,2,High,Conservative normalization
foodie s corner,2,2,2,Medium,Conservative normalization
foodie s world,2,2,2,Medium,Conservative normalization
foodieez,2,1,2,High,Conservative normalization
foodies 365,2,1,2,High,Conservative normalization
foodies at home,2,2,2,Medium,Conservative normalization
foodies delight,2,1,2,High,Conservative normalization
foodies family restaurant,2,2,2,Medium,Conservative normalization
foodies food corner,2,2,2,Medium,Conservative normalization
foodies heaven,2,2,2,Medium,Conservative normalization
foodiez,2,2,2,Medium,Conservative normalization
foodiezz,2,1,2,High,Conservative normalization
foodish,2,2,2,Medium,Conservative normalization
foodistaan,2,1,2,High,Conservative normalization
foodiyapa,2,1,2,High,Conservative normalization
foodizo,2,1,2,High,Conservative normalization
foodkart,2,2,2,Medium,Conservative normalization
foodpaco,2,2,2,Medium,Conservative normalization
foodpath,2,2,2,Medium,Conservative normalization
foodpecker,2,2,2,Medium,Conservative normalization
foodsters cafe,2,2,2,Medium,Conservative normalization
foodvilla,2,2,2,Medium,Conservative normalization
foodville,2,1,2,High,Conservative normalization
foodway,2,1,2,High,Conservative normalization
foody,2,2,2,Medium,Conservative normalization
foody corner,2,1,2,High,Conservative normalization
foody hub,2,2,2,Medium,Conservative normalization
foresto paradise,2,2,2,Medium,Conservative normalization
forever,2,1,2,High,Conservative normalization
forever andhra,2,2,2,Medium,Conservative normalization
fork n spoon,2,1,2,High,Conservative normalization
four points by sheraton,2,2,2,Medium,Conservative normalization
fozzie s pizzaiolo,2,1,2,High,Conservative normalization
frankie corner,2,2,2,Medium,Conservative normalization
frankie man,2,1,2,High,Conservative normalization
frankie on fire,2,1,2,High,Conservative normalization
frankista,2,1,2,High,Conservative normalization
frankztreat,2,1,2,High,Conservative normalization
frapino,2,2,2,Medium,Conservative normalization
freak shake bro,2,1,2,High,Conservative normalization
freddo waffels,2,1,2,High,Conservative normalization
freddo wraps,2,1,2,High,Conservative normalization
freezing point,2,1,2,High,Conservative normalization
french bakery,2,1,2,High,Conservative normalization
french cakes,2,2,2,Medium,Conservative normalization
fresco grillicious and broasted,2,2,2,Medium,Conservative normalization
fresh bakers,2,1,2,High,Conservative normalization
fresh cakes,2,2,2,Medium,Conservative normalization
fresh choice bakery and cafe,2,2,2,Medium,Conservative normalization
fresh express cafe,2,1,2,High,Conservative normalization
fresh fast food,2,1,2,High,Conservative normalization
fresh foodie kitchen,2,1,2,High,Conservative normalization
fresh fusion,2,1,2,High,Conservative normalization
fresh juice fooperis,2,1,2,High,Conservative normalization
fresh n tasty,2,1,2,High,Conservative normalization
fresh n up,2,2,2,Medium,Conservative normalization
fresh pizza,2,2,2,Medium,Conservative normalization
fresh pizza house,2,1,2,High,Conservative normalization
friday chicken co,2,2,2,Medium,Conservative normalization
friday release chinese and north indian,2,1,2,High,Conservative normalization
fried chicken cuisine fcc,2,1,2,High,Conservative normalization
fried chicken hub,2,2,2,Medium,Conservative normalization
fried n fries,2,2,2,Medium,Conservative normalization
fried n grill,2,1,2,High,Conservative normalization
friend s cafe,2,1,2,High,Conservative normalization
friendly neighbourhood pizza man,2,1,2,High,Conservative normalization
friends adda,2,2,2,Medium,Conservative normalization
friends biryani,2,1,2,High,Conservative normalization
friends chinese,2,2,2,Medium,Conservative normalization
friends chinese corner,2,2,2,Medium,Conservative normalization
friends dhaba,2,2,2,Medium,Conservative normalization
friends fast food center,2,2,2,Medium,Conservative normalization
friends forever,2,2,2,Medium,Conservative normalization
friends millet kitchen,2,1,2,High,Conservative normalization
friends zone cafe,2,2,2,Medium,Conservative normalization
fries,2,2,2,Medium,Conservative normalization
fries before guys,2,1,2,High,Conservative normalization
fries land,2,1,2,High,Conservative normalization
frio thickshake,2,1,2,High,Conservative normalization
friocrunch,2,1,2,High,Conservative normalization
frispy,2,1,2,High,Conservative normalization
from the kitchen,2,1,2,High,Conservative normalization
froozo cafe,2,1,2,High,Conservative normalization
frost and feather,2,2,2,Medium,Conservative normalization
frostalicious cake,2,1,2,High,Conservative normalization
frother,2,2,2,Medium,Conservative normalization
frozen bites ice cream,2,1,2,High,Conservative normalization
frozen delights,2,1,2,High,Conservative normalization
frozen dessert,2,2,2,Medium,Conservative normalization
frozen scoop,2,1,2,High,Conservative normalization
frozen shakes,2,2,2,Medium,Conservative normalization
frozen smoothies,2,1,2,High,Conservative normalization
frozen treats,2,2,2,Medium,Conservative normalization
fruit lust,2,2,2,Medium,Conservative normalization
fruit wagon,2,1,2,High,Conservative normalization
fruitasty,2,1,1,High,Conservative normalization
fruitmall,2,2,2,Medium,Conservative normalization
fruitoholic,2,2,2,Medium,Conservative normalization
fruitorious,2,1,2,High,Conservative normalization
fruitose,2,1,2,High,Conservative normalization
frullato,2,1,2,High,Conservative normalization
fry n eat,2,1,2,High,Conservative normalization
fry nation,2,2,2,Medium,Conservative normalization
fryman,2,1,2,High,Conservative normalization
fsb,2,1,2,High,Conservative normalization
fu d,2,1,2,High,Conservative normalization
fuel blend,2,1,2,High,Conservative normalization
fuel juice bar,2,2,2,Medium,Conservative normalization
fuel station,2,1,2,High,Conservative normalization
fuel station cafe and restro,2,1,2,High,Conservative normalization
fuel up,2,2,2,Medium,Conservative normalization
fullfills,2,1,2,High,Conservative normalization
fun foodies,2,2,2,Medium,Conservative normalization
funk dragon,2,2,2,Medium,Conservative normalization
funkey monkey,2,2,2,Medium,Conservative normalization
fusilli reasons,2,1,2,High,Conservative normalization
fusion fantasea,2,1,2,High,Conservative normalization
fusion fast food,2,1,2,High,Conservative normalization
fusion restaurant,2,2,2,Medium,Conservative normalization
fusion wrap,2,1,2,High,Conservative normalization
g town cafe,2,2,2,Medium,Conservative normalization
g2 cafe,2,1,2,High,Conservative normalization
gagan di kitchen,2,2,2,Medium,Conservative normalization
galaxy pizza,2,2,2,Medium,Conservative normalization
galaxy restaurant,2,1,2,High,Conservative normalization
gambit s pizza,2,1,2,High,Conservative normalization
gandikota restaurant,2,1,2,High,Conservative normalization
ganesh bakery,2,1,2,High,Conservative normalization
ganesh dosa,2,1,2,High,Conservative normalization
ganesh fast food center,2,2,2,Medium,Conservative normalization
ganga restaurant,2,1,2,High,Conservative normalization
gangaram biryani,2,1,2,High,Conservative normalization
gangotri,2,2,2,Medium,Conservative normalization
gangotri shree,2,1,2,High,Conservative normalization
gangour restaurant,2,1,2,High,Conservative normalization
ganguram and sons,2,1,2,High,Conservative normalization
gangurams,2,1,2,High,Conservative normalization
ganpati food,2,2,2,Medium,Conservative normalization
ganpati foods,2,1,2,High,Conservative normalization
gaon,2,1,2,High,Conservative normalization
gappu gol,2,1,2,High,Conservative normalization
garage cafe,2,1,2,High,Conservative normalization
garden hut,2,2,2,Medium,Conservative normalization
gareeb nawaz hotel,2,2,2,Medium,Conservative normalization
garhwal bakery,2,1,2,High,Conservative normalization
garma garam,2,1,2,High,Conservative normalization
garva biryani,2,1,2,High,Conservative normalization
garvaa biryani,2,1,2,High,Conservative normalization
gaurav biryani house,2,1,2,High,Conservative normalization
gaurav grills,2,1,2,High,Conservative normalization
gaurav pastry palace,2,1,2,High,Conservative normalization
gauri tiffin service,2,1,2,High,Conservative normalization
gavran tadka,2,2,2,Medium,Conservative normalization
gayatri restaurant,2,1,2,High,Conservative normalization
gaye mata ki rasoi,2,2,2,Medium,Conservative normalization
gazi caterers,2,1,2,High,Conservative normalization
geeta ki rasoi,2,2,2,Medium,Conservative normalization
geetanjali sweets,2,2,2,Medium,Conservative normalization
geetha cafe,2,1,2,High,Conservative normalization
geetha canteen,2,1,2,High,Conservative normalization
gelatissimo,2,1,2,High,Conservative normalization
gelato factory,2,2,2,Medium,Conservative normalization
gem restaurant,2,1,2,High,Conservative normalization
german bakery,2,1,2,High,Conservative normalization
get caked,2,1,2,High,Conservative normalization
get diety,2,1,2,High,Conservative normalization
get me yummy,2,1,2,High,Conservative normalization
get noods,2,1,2,High,Conservative normalization
getafix,2,1,2,High,Conservative normalization
gfc,2,1,2,High,Conservative normalization
gfc biriyani,2,1,2,High,Conservative normalization
ggb green grain bowl,2,1,2,High,Conservative normalization
ghaint pajiii,2,2,2,Medium,Conservative normalization
ghar di rasoi,2,1,2,High,Conservative normalization
ghar ka kitchen,2,2,2,Medium,Conservative normalization
ghar ka nasta,2,2,2,Medium,Conservative normalization
ghar ka paratha,2,2,2,Medium,Conservative normalization
ghar ka swaad,2,2,2,Medium,Conservative normalization
gharcha swad,2,2,2,Medium,Conservative normalization
gharelu,2,1,2,High,Conservative normalization
gharwaalatiffin,2,1,2,High,Conservative normalization
ghoomar traditional thali,2,1,2,High,Conservative normalization
ghost kitchen,2,2,2,Medium,Conservative normalization
ghrelin cafe and patisserie,2,1,2,High,Conservative normalization
ghugre nasta point,2,1,2,High,Conservative normalization
gilly s kitchens,2,1,2,High,Conservative normalization
gilly s restobar,2,1,2,High,Conservative normalization
ginger,2,1,2,High,Conservative normalization
ginger and garlic,2,2,2,Medium,Conservative normalization
gk biryani,2,2,2,Medium,Conservative normalization
glassmates,2,1,2,High,Conservative normalization
glens bakehouse,2,2,2,Medium,Conservative normalization
gmb gopika sweets and restaurant,2,2,2,Medium,Conservative normalization
go 4 eat,2,2,2,Medium,Conservative normalization
go biryan,2,1,2,High,Conservative normalization
go biryani,2,1,2,High,Conservative normalization
go cool,2,2,2,Medium,Conservative normalization
go fresh the pizza house,2,1,2,High,Conservative normalization
go fro,2,1,2,High,Conservative normalization
go ganjing,2,1,2,High,Conservative normalization
go pizza,2,2,2,Medium,Conservative normalization
go punjab,2,1,2,High,Conservative normalization
go rolls,2,1,2,High,Conservative normalization
go thali,2,2,2,Medium,Conservative normalization
go veg tikke biryani,2,2,2,Medium,Conservative normalization
goan spice,2,2,2,Medium,Conservative normalization
gobblers,2,2,2,Medium,Conservative normalization
godavari junction,2,1,2,High,Conservative normalization
godavari snacks,2,1,2,High,Conservative normalization
gokul chat,2,2,2,Medium,Conservative normalization
gokul oottupura,2,1,2,High,Conservative normalization
gokul pure veg,2,1,2,High,Conservative normalization
gokul shree,2,1,2,High,Conservative normalization
gol panipuri,2,1,2,High,Conservative normalization
gol pizza,2,1,2,High,Conservative normalization
golden bake and cakes,2,1,2,High,Conservative normalization
golden chillyz,2,2,2,Medium,Conservative normalization
golden china,2,2,2,Medium,Conservative normalization
golden family restaurant,2,1,2,High,Conservative normalization
golden fiesta,2,1,2,High,Conservative normalization
golden grill restaurant,2,1,2,High,Conservative normalization
golden pizza,2,1,2,High,Conservative normalization
golden restaurant,2,2,2,Medium,Conservative normalization
golden rock,2,1,2,High,Conservative normalization
golden wok,2,2,2,Medium,Conservative normalization
goli soda,2,1,2,High,Conservative normalization
goli vadapav no 1,2,2,2,Medium,Conservative normalization
golmorich,2,1,2,High,Conservative normalization
golpo bake n shake,2,1,2,High,Conservative normalization
golpo burg on,2,2,2,Medium,Conservative normalization
golu sahab,2,1,2,High,Conservative normalization
good bakery,2,1,2,High,Conservative normalization
good bites,2,2,2,Medium,Conservative normalization
good food corner,2,1,2,High,Conservative normalization
good food kitchen,2,2,2,Medium,Conservative normalization
good food restaurant,2,1,2,High,Conservative normalization
good kitchen,2,1,2,High,Conservative normalization
good luck biryani house,2,2,2,Medium,Conservative normalization
good luck chinese,2,2,2,Medium,Conservative normalization
good morning,2,1,2,High,Conservative normalization
good morning cafe,2,2,2,Medium,Conservative normalization
good morning kolkata,2,1,2,High,Conservative normalization
good news dhaba,2,1,2,High,Conservative normalization
gooddo the vegan eatery,2,2,2,Medium,Conservative normalization
goodluck biryani and chinese,2,2,2,Medium,Conservative normalization
gooeylty brownies,2,1,2,High,Conservative normalization
goofys cafe,2,1,2,High,Conservative normalization
gopal fast food,2,2,2,Medium,Conservative normalization
gopal ji confectioners,2,1,2,High,Conservative normalization
gopal s 56,2,1,2,High,Conservative normalization
gopaljee cafe,2,1,2,High,Conservative normalization
gordhan thal,2,1,2,High,Conservative normalization
gorumudda,2,1,2,High,Conservative normalization
gossip tea,2,1,2,High,Conservative normalization
goswami foods,2,1,2,High,Conservative normalization
gourmet men,2,1,2,High,Conservative normalization
gourmet on the go,2,1,2,High,Conservative normalization
govardhan vegetarian,2,1,2,High,Conservative normalization
govi s organic foods,2,1,2,High,Conservative normalization
govinda s,2,2,2,Medium,Conservative normalization
govinda snacks,2,2,2,Medium,Conservative normalization
gowdru mane biriyani,2,2,2,Medium,Conservative normalization
graabo,2,1,2,High,Conservative normalization
graabo shakes and sandwiches,2,1,2,High,Conservative normalization
grab a bite,2,1,2,High,Conservative normalization
grab a bowl,2,2,2,Medium,Conservative normalization
grab and go,2,1,2,High,Conservative normalization
grab n eat,2,1,2,High,Conservative normalization
grabz,2,2,2,Medium,Conservative normalization
grace fast food,2,1,2,High,Conservative normalization
gramin kitchen,2,2,2,Medium,Conservative normalization
grand bawarchi family restaurant,2,1,2,High,Conservative normalization
grand bistro,2,1,2,High,Conservative normalization
grand celebration,2,1,2,High,Conservative normalization
grand desi paratha,2,1,2,High,Conservative normalization
grand inn restaurant,2,1,2,High,Conservative normalization
grand kitchen,2,2,2,Medium,Conservative normalization
grand plaza,2,1,2,High,Conservative normalization
grand taj bawarchi,2,1,2,High,Conservative normalization
grandmama s cafe,2,1,2,High,Conservative normalization
granny s kitchen,2,2,2,Medium,Conservative normalization
grannys kitchen,2,2,2,Medium,Conservative normalization
gravity kitchen,2,1,2,High,Conservative normalization
great burger bar,2,1,2,High,Conservative normalization
great indian drinks goli soda,2,1,2,High,Conservative normalization
great indian kitchen,2,2,2,Medium,Conservative normalization
great indian meals,2,1,2,High,Conservative normalization
great indian rasoi,2,1,2,High,Conservative normalization
greatgod ice cream,2,1,2,High,Conservative normalization
green bar juices and more,2,2,2,Medium,Conservative normalization
green bawarchi biryani,2,2,2,Medium,Conservative normalization
green chilly restaurant,2,1,2,High,Conservative normalization
green g juice bar,2,2,2,Medium,Conservative normalization
green heritage,2,1,2,High,Conservative normalization
green house,2,1,2,High,Conservative normalization
green kitchen,2,2,2,Medium,Conservative normalization
green mirchi,2,2,2,Medium,Conservative normalization
green onion chinese,2,1,2,High,Conservative normalization
green park restaurant,2,2,2,Medium,Conservative normalization
green theory,2,1,2,High,Conservative normalization
green tree restaurant,2,2,2,Medium,Conservative normalization
greenees,2,1,2,High,Conservative normalization
greens and breads,2,1,2,High,Conservative normalization
greenz raw pressery,2,2,2,Medium,Conservative normalization
grill 9,2,1,2,High,Conservative normalization
grill and chill,2,2,2,Medium,Conservative normalization
grill b,2,2,2,Medium,Conservative normalization
grill heaven,2,1,2,High,Conservative normalization
grill in,2,2,2,Medium,Conservative normalization
grill island,2,2,2,Medium,Conservative normalization
grill land,2,2,2,Medium,Conservative normalization
grill nation,2,1,2,High,Conservative normalization
grill point,2,1,2,High,Conservative normalization
grill shack,2,1,2,High,Conservative normalization
grill topia,2,2,2,Medium,Conservative normalization
grill villa,2,1,2,High,Conservative normalization
grill zone,2,1,2,High,Conservative normalization
grilled and fried,2,2,2,Medium,Conservative normalization
grilled sandwich,2,2,2,Medium,Conservative normalization
grillify,2,2,2,Medium,Conservative normalization
grills and buns,2,2,2,Medium,Conservative normalization
grillys,2,2,2,Medium,Conservative normalization
grover dhaba,2,1,2,High,Conservative normalization
grover sweets,2,1,2,High,Conservative normalization
grt cloud kitchens,2,1,2,High,Conservative normalization
grub monkeys,2,1,2,High,Conservative normalization
gs restaurant,2,2,2,Medium,Conservative normalization
guava all day bistro,2,1,1,High,Conservative normalization
gudie s kitchen,2,1,2,High,Conservative normalization
guilt trip,2,1,2,High,Conservative normalization
guilty pleasure,2,2,2,Medium,Conservative normalization
gulab restaurant,2,2,2,Medium,Conservative normalization
gulalwadi,2,1,2,High,Conservative normalization
guleriaz,2,1,2,High,Conservative normalization
gully bites,2,2,2,Medium,Conservative normalization
gulp,2,1,2,High,Conservative normalization
gulshan e karim,2,2,2,Medium,Conservative normalization
gulshan hotel,2,1,2,High,Conservative normalization
gulshan ka dhaba,2,1,2,High,Conservative normalization
gulshan restaurant,2,2,2,Medium,Conservative normalization
gulzar restaurant,2,1,2,High,Conservative normalization
guma gumalu,2,1,2,High,Conservative normalization
gummadi foods,2,1,2,High,Conservative normalization
guntur biryani point,2,1,2,High,Conservative normalization
guntur chili,2,1,2,High,Conservative normalization
gupta cafe,2,1,2,High,Conservative normalization
gupta dhaba,2,2,2,Medium,Conservative normalization
gupta foods,2,2,2,Medium,Conservative normalization
gupta kitchen,2,2,2,Medium,Conservative normalization
gupta restaurant,2,1,2,High,Conservative normalization
gupta s veg,2,2,2,Medium,Conservative normalization
gupta sandwich,2,1,2,High,Conservative normalization
gupta sandwiches and snacks,2,1,2,High,Conservative normalization
guru da dhaba,2,2,2,Medium,Conservative normalization
guru ji rasoi,2,2,2,Medium,Conservative normalization
guru kripa restaurant,2,2,2,Medium,Conservative normalization
guru nanak bakery,2,1,2,High,Conservative normalization
guru nanak rasoi,2,1,2,High,Conservative normalization
guru snacks,2,1,2,High,Conservative normalization
gurudatta bhel,2,2,2,Medium,Conservative normalization
guruh cakes,2,1,2,High,Conservative normalization
gurukrupa fast food,2,2,2,Medium,Conservative normalization
gusto,2,2,2,Medium,Conservative normalization
gwalbhog,2,1,2,High,Conservative normalization
ha moj ha,2,1,2,High,Conservative normalization
haalo kathiyawad,2,2,2,Medium,Conservative normalization
haandi fusion,2,1,2,High,Conservative normalization
haappy bites,2,2,2,Medium,Conservative normalization
haji affan biryani,2,1,2,High,Conservative normalization
haji kolkata biryani,2,1,2,High,Conservative normalization
hajoori s kulfi,2,1,2,High,Conservative normalization
hakka tales,2,1,2,High,Conservative normalization
hakka xpress chinese,2,1,2,High,Conservative normalization
halal biriyani,2,1,2,High,Conservative normalization
halal biryani,2,1,2,High,Conservative normalization
halal foods,2,1,2,High,Conservative normalization
halal pizza,2,2,2,Medium,Conservative normalization
haldi restaurant,2,1,2,High,Conservative normalization
haldiram bhujiawala,2,1,2,High,Conservative normalization
haleem house,2,1,2,High,Conservative normalization
haleem mahal,2,2,2,Medium,Conservative normalization
hambre hombre,2,2,2,Medium,Conservative normalization
handi biryani junction,2,2,2,Medium,Conservative normalization
handi chhadeyan di since 2012,2,1,2,High,Conservative normalization
handi house,2,2,2,Medium,Conservative normalization
handi kitchen,2,2,2,Medium,Conservative normalization
handi restaurant,2,1,2,High,Conservative normalization
hangla,2,1,2,High,Conservative normalization
hanglaatherium,2,1,2,High,Conservative normalization
hangout juice house,2,2,2,Medium,Conservative normalization
hangry dragon,2,1,2,High,Conservative normalization
hanu king s burger,2,1,2,High,Conservative normalization
hao chi express,2,1,2,High,Conservative normalization
hao ming,2,1,2,High,Conservative normalization
happiness,2,2,2,Medium,Conservative normalization
happiness station,2,2,2,Medium,Conservative normalization
happy bites,2,1,2,High,Conservative normalization
happy bowl,2,1,2,High,Conservative normalization
happy cakes,2,2,2,Medium,Conservative normalization
happy corner,2,1,2,High,Conservative normalization
happy cow,2,2,2,Medium,Conservative normalization
happy eat,2,2,2,Medium,Conservative normalization
happy family restaurant,2,2,2,Medium,Conservative normalization
happy fast food,2,1,2,High,Conservative normalization
happy healthy foods,2,1,2,High,Conservative normalization
happy hour,2,1,2,High,Conservative normalization
happy house kitchen,2,2,2,Medium,Conservative normalization
happy kitchen,2,1,2,High,Conservative normalization
happy momos,2,2,2,Medium,Conservative normalization
happy sardar,2,1,2,High,Conservative normalization
happy shakes,2,1,2,High,Conservative normalization
hari dosa,2,2,2,Medium,Conservative normalization
hari om chole bhature,2,1,2,High,Conservative normalization
hari om dabeli,2,1,2,High,Conservative normalization
hari om dhaba,2,1,2,High,Conservative normalization
hari om fast food,2,2,2,Medium,Conservative normalization
hari s kitchen,2,1,2,High,Conservative normalization
harika royal restaurant,2,1,2,High,Conservative normalization
harish dhaba,2,2,2,Medium,Conservative normalization
harishankar veg restro,2,1,2,High,Conservative normalization
hashim s,2,1,2,High,Conservative normalization
hastag momos,2,1,2,High,Conservative normalization
hatam,2,1,2,High,Conservative normalization
havana,2,2,2,Medium,Conservative normalization
have a food,2,2,2,Medium,Conservative normalization
haveli family restaurant,2,2,2,Medium,Conservative normalization
haven sampoorna,2,1,2,High,Conservative normalization
havmor ice cream parlour,2,2,2,Medium,Conservative normalization
havmor ice creams,2,1,2,High,Conservative normalization
havmor icecream,2,2,2,Medium,Conservative normalization
hawkers,2,1,2,High,Conservative normalization
hayat biryani factory,2,2,2,Medium,Conservative normalization
health buzzz,2,2,2,Medium,Conservative normalization
healthy binge,2,2,2,Medium,Conservative normalization
healthy bite,2,1,2,High,Conservative normalization
healthy blends,2,1,2,High,Conservative normalization
healthy club,2,2,2,Medium,Conservative normalization
healthy conclusion,2,1,2,High,Conservative normalization
healthy cuisines,2,1,2,High,Conservative normalization
healthy diet kitchen,2,2,2,Medium,Conservative normalization
healthy house,2,1,2,High,Conservative normalization
healthy juices n more,2,1,2,High,Conservative normalization
healthy living,2,2,2,Medium,Conservative normalization
healthy meals,2,2,2,Medium,Conservative normalization
healthy nutrition diet,2,1,2,High,Conservative normalization
healthy plus tasty,2,1,2,High,Conservative normalization
healthy point,2,2,2,Medium,Conservative normalization
healthy salads,2,2,2,Medium,Conservative normalization
healthy soul,2,1,2,High,Conservative normalization
healthy way,2,1,2,High,Conservative normalization
healthycious,2,1,2,High,Conservative normalization
healthyway by aryan,2,2,2,Medium,Conservative normalization
heart cup coffee,2,1,2,High,Conservative normalization
heatsquare,2,1,2,High,Conservative normalization
heavens kitchen,2,1,2,High,Conservative normalization
heavens park,2,1,2,High,Conservative normalization
heavens pizza,2,1,2,High,Conservative normalization
heena biryani,2,1,2,High,Conservative normalization
hell s kitchen,2,2,2,Medium,Conservative normalization
hello burger,2,1,2,High,Conservative normalization
hello fisheries,2,2,2,Medium,Conservative normalization
hello food,2,1,2,High,Conservative normalization
hello foods,2,2,2,Medium,Conservative normalization
hello kitchen,2,1,2,High,Conservative normalization
hello pizza,2,1,2,High,Conservative normalization
hello waterballs,2,1,2,High,Conservative normalization
helly and chilly,2,2,2,Medium,Conservative normalization
hema s kitchen,2,2,2,Medium,Conservative normalization
hemanth chats,2,2,2,Medium,Conservative normalization
herbs and spices,2,2,2,Medium,Conservative normalization
heriht,2,2,2,Medium,Conservative normalization
herrouz biryani,2,1,2,High,Conservative normalization
hide out pizza,2,2,2,Medium,Conservative normalization
hideout,2,2,2,Medium,Conservative normalization
high octane,2,1,2,High,Conservative normalization
high on food,2,1,2,High,Conservative normalization
highland,2,1,2,High,Conservative normalization
highlander s shawarma,2,1,2,High,Conservative normalization
himalayan flavour,2,1,2,High,Conservative normalization
himalayan kitchen,2,1,2,High,Conservative normalization
hindu bakers,2,2,2,Medium,Conservative normalization
hindustan restaurant,2,2,2,Medium,Conservative normalization
hinglish bites,2,2,2,Medium,Conservative normalization
hippie bus,2,1,2,High,Conservative normalization
hippie heart,2,1,2,High,Conservative normalization
hira sweets and confectionary pvt ltd,2,2,2,Medium,Conservative normalization
hira sweets express,2,1,2,High,Conservative normalization
hit and run,2,1,2,High,Conservative normalization
hitex bawarchi,2,1,2,High,Conservative normalization
hitex santosh family dhaba,2,1,2,High,Conservative normalization
hiyar majhe kolkata,2,1,2,High,Conservative normalization
hneshel buri,2,1,2,High,Conservative normalization
hobbit,2,1,2,High,Conservative normalization
hoglatto,2,1,2,High,Conservative normalization
hokart balaji 99 variety dosa,2,2,2,Medium,Conservative normalization
hokart bangalore 99 variety dosa,2,1,2,High,Conservative normalization
hokart darjeeling momos,2,2,2,Medium,Conservative normalization
hokart shree balaji mumbai 99 variety dosa,2,1,2,High,Conservative normalization
hokart shree balaji mumbai pav bhaji and tawa pulav,2,1,2,High,Conservative normalization
holiday inn express,2,1,2,High,Conservative normalization
holige mane,2,2,2,Medium,Conservative normalization
holy chow,2,1,2,High,Conservative normalization
holy doh pizza,2,1,2,High,Conservative normalization
holy smoke,2,1,2,High,Conservative normalization
home dine,2,1,2,High,Conservative normalization
home food co,2,2,2,Medium,Conservative normalization
home food junction,2,2,2,Medium,Conservative normalization
home made meals,2,1,2,High,Conservative normalization
home meal,2,2,2,Medium,Conservative normalization
home slice pizza,2,2,2,Medium,Conservative normalization
home taste,2,1,2,High,Conservative normalization
homely by dr diet,2,1,2,High,Conservative normalization
homely hut,2,1,2,High,Conservative normalization
homely tadka,2,1,2,High,Conservative normalization
homeslice,2,2,2,Medium,Conservative normalization
homeslice pizza,2,1,2,High,Conservative normalization
hometown cafe,2,1,2,High,Conservative normalization
honey bee,2,2,2,Medium,Conservative normalization
honey cane,2,1,2,High,Conservative normalization
honey special cake,2,2,2,Medium,Conservative normalization
hong kong chinese,2,1,2,High,Conservative normalization
hong kong chinese restaurant,2,1,2,High,Conservative normalization
hong kong style,2,2,2,Medium,Conservative normalization
hootadha mane,2,1,2,High,Conservative normalization
hope cafe,2,2,2,Medium,Conservative normalization
hopshaus,2,1,2,High,Conservative normalization
hori lal paan,2,1,2,High,Conservative normalization
horn please dhaba,2,2,2,Medium,Conservative normalization
hoskote donne biryani,2,2,2,Medium,Conservative normalization
hoskote mutton point,2,1,2,High,Conservative normalization
hot and chill,2,1,2,High,Conservative normalization
hot and cold,2,2,2,Medium,Conservative normalization
hot and fresh canadian pizza,2,2,2,Medium,Conservative normalization
hot and juicy,2,1,2,High,Conservative normalization
hot and spicy momos,2,2,2,Medium,Conservative normalization
hot and spicy restaurant,2,2,2,Medium,Conservative normalization
hot and sweet cafe,2,2,2,Medium,Conservative normalization
hot and tasty,2,2,2,Medium,Conservative normalization
hot and tasty chinese food,2,1,2,High,Conservative normalization
hot billions,2,1,2,High,Conservative normalization
hot bro and co,2,2,2,Medium,Conservative normalization
hot burger,2,2,2,Medium,Conservative normalization
hot cafe,2,1,2,High,Conservative normalization
hot chaat and sweets,2,2,2,Medium,Conservative normalization
hot chillies,2,2,2,Medium,Conservative normalization
hot meals,2,1,2,High,Conservative normalization
hot momo s and burger,2,1,2,High,Conservative normalization
hot n chill restaurant,2,1,1,High,Conservative normalization
hot n crusty,2,2,2,Medium,Conservative normalization
hot n fresh,2,1,2,High,Conservative normalization
hot paprika,2,1,2,High,Conservative normalization
hot pizza yum,2,2,2,Medium,Conservative normalization
hot pot kitchen,2,1,2,High,Conservative normalization
hot pot restaurant,2,2,2,Medium,Conservative normalization
hot sandwich express,2,1,2,High,Conservative normalization
hot sauce,2,1,2,High,Conservative normalization
hot spice,2,2,2,Medium,Conservative normalization
hot stuff,2,1,2,High,Conservative normalization
hot touch burger,2,1,2,High,Conservative normalization
hotel aalishan,2,2,2,Medium,Conservative normalization
hotel aaradhya,2,2,2,Medium,Conservative normalization
hotel aarambh,2,2,2,Medium,Conservative normalization
hotel aarambha,2,2,2,Medium,Conservative normalization
hotel aashirwad,2,2,2,Medium,Conservative normalization
hotel abinand grand,2,1,2,High,Conservative normalization
hotel aditya,2,1,2,High,Conservative normalization
hotel akash,2,1,2,High,Conservative normalization
hotel akshay,2,1,2,High,Conservative normalization
hotel al ali,2,1,2,High,Conservative normalization
hotel al bilal,2,2,2,Medium,Conservative normalization
hotel al hayat,2,2,2,Medium,Conservative normalization
hotel al noor,2,2,2,Medium,Conservative normalization
hotel alankar,2,2,2,Medium,Conservative normalization
hotel amber,2,2,2,Medium,Conservative normalization
hotel angel,2,1,2,High,Conservative normalization
hotel annalakshmi chettinad restaurant,2,1,2,High,Conservative normalization
hotel apulki,2,1,2,High,Conservative normalization
hotel aradhana,2,1,2,High,Conservative normalization
hotel arrunnachala,2,2,2,Medium,Conservative normalization
hotel aryaas park,2,1,2,High,Conservative normalization
hotel asha,2,1,2,High,Conservative normalization
hotel ashok,2,2,2,Medium,Conservative normalization
hotel ashray,2,1,2,High,Conservative normalization
hotel athavan,2,2,2,Medium,Conservative normalization
hotel athithya,2,1,2,High,Conservative normalization
hotel avani biryani,2,2,2,Medium,Conservative normalization
hotel avantika,2,1,2,High,Conservative normalization
hotel avishkar,2,2,2,Medium,Conservative normalization
hotel balaji bhavan,2,2,2,Medium,Conservative normalization
hotel balaji grand,2,1,2,High,Conservative normalization
hotel banu birunthavan green park veg,2,2,2,Medium,Conservative normalization
hotel bartania,2,1,2,High,Conservative normalization
hotel bhairava,2,2,2,Medium,Conservative normalization
hotel brahmaputra,2,2,2,Medium,Conservative normalization
hotel campus,2,1,2,High,Conservative normalization
hotel ceasar palace,2,1,2,High,Conservative normalization
hotel central park,2,1,2,High,Conservative normalization
hotel chandrama,2,2,2,Medium,Conservative normalization
hotel city palace,2,2,2,Medium,Conservative normalization
hotel city pride,2,2,2,Medium,Conservative normalization
hotel classic,2,2,2,Medium,Conservative normalization
hotel crown,2,2,2,Medium,Conservative normalization
hotel dakshin,2,2,2,Medium,Conservative normalization
hotel dawat,2,2,2,Medium,Conservative normalization
hotel delicious,2,1,2,High,Conservative normalization
hotel dhanya,2,2,2,Medium,Conservative normalization
hotel diamond,2,2,2,Medium,Conservative normalization
hotel dragon,2,2,2,Medium,Conservative normalization
hotel durga,2,1,2,High,Conservative normalization
hotel emirates,2,1,2,High,Conservative normalization
hotel famous,2,2,2,Medium,Conservative normalization
hotel ganapathy bhavan,2,2,2,Medium,Conservative normalization
hotel geo,2,2,2,Medium,Conservative normalization
hotel gold,2,1,2,High,Conservative normalization
hotel gopal,2,1,2,High,Conservative normalization
hotel grand karaikudi,2,1,2,High,Conservative normalization
hotel green land,2,1,2,High,Conservative normalization
hotel green leaf,2,1,2,High,Conservative normalization
hotel halli mane,2,1,2,High,Conservative normalization
hotel harsha,2,1,2,High,Conservative normalization
hotel hindustan,2,2,2,Medium,Conservative normalization
hotel impala,2,1,2,High,Conservative normalization
hotel jai malhar,2,1,2,High,Conservative normalization
hotel jalsa,2,2,2,Medium,Conservative normalization
hotel janai,2,1,2,High,Conservative normalization
hotel jay bhavani,2,1,2,High,Conservative normalization
hotel jay malhar,2,2,2,Medium,Conservative normalization
hotel jyoti,2,2,2,Medium,Conservative normalization
hotel kalinga,2,1,2,High,Conservative normalization
hotel kanchan,2,1,2,High,Conservative normalization
hotel kasturi,2,2,2,Medium,Conservative normalization
hotel kaveri,2,1,2,High,Conservative normalization
hotel kings,2,2,2,Medium,Conservative normalization
hotel kolhapuri,2,2,2,Medium,Conservative normalization
hotel kolhapuri katta,2,1,2,High,Conservative normalization
hotel lakshmi,2,2,2,Medium,Conservative normalization
hotel laxmi,2,2,2,Medium,Conservative normalization
hotel laziz,2,1,2,High,Conservative normalization
hotel le grand,2,1,2,High,Conservative normalization
hotel lucky,2,2,2,Medium,Conservative normalization
hotel maitri,2,2,2,Medium,Conservative normalization
hotel manas,2,1,2,High,Conservative normalization
hotel manna,2,1,2,High,Conservative normalization
hotel manpasand,2,2,2,Medium,Conservative normalization
hotel manu,2,2,2,Medium,Conservative normalization
hotel maratha,2,2,2,Medium,Conservative normalization
hotel mayura,2,1,2,High,Conservative normalization
hotel mejwani,2,1,2,High,Conservative normalization
hotel metro,2,2,2,Medium,Conservative normalization
hotel milan,2,2,2,Medium,Conservative normalization
hotel millennium,2,1,2,High,Conservative normalization
hotel mirchi,2,1,2,High,Conservative normalization
hotel moti mahal,2,1,2,High,Conservative normalization
hotel namaskar,2,2,2,Medium,Conservative normalization
hotel nandini,2,1,2,High,Conservative normalization
hotel new arcot biriyani center,2,1,2,High,Conservative normalization
hotel new karavali,2,2,2,Medium,Conservative normalization
hotel new patil,2,2,2,Medium,Conservative normalization
hotel new sagar,2,1,2,High,Conservative normalization
hotel nirvana,2,2,2,Medium,Conservative normalization
hotel noor,2,1,2,High,Conservative normalization
hotel pandia s,2,1,2,High,Conservative normalization
hotel paradise dum biryani,2,2,2,Medium,Conservative normalization
hotel parampara,2,1,2,High,Conservative normalization
hotel park,2,1,2,High,Conservative normalization
hotel patil,2,1,2,High,Conservative normalization
hotel patlacha wada,2,2,2,Medium,Conservative normalization
hotel pearl,2,2,2,Medium,Conservative normalization
hotel polo towers,2,1,2,High,Conservative normalization
hotel prabhu,2,2,2,Medium,Conservative normalization
hotel pragati,2,2,2,Medium,Conservative normalization
hotel punjab,2,2,2,Medium,Conservative normalization
hotel raaj bhaavan,2,1,2,High,Conservative normalization
hotel radha,2,1,2,High,Conservative normalization
hotel radha grand family restaurant,2,1,1,High,Conservative normalization
hotel rahmat,2,1,2,High,Conservative normalization
hotel rainbow,2,2,2,Medium,Conservative normalization
hotel raj palace restaurant,2,2,2,Medium,Conservative normalization
hotel raja,2,1,2,High,Conservative normalization
hotel rajmudra,2,1,2,High,Conservative normalization
hotel ramkrishna,2,2,2,Medium,Conservative normalization
hotel ranwara,2,1,2,High,Conservative normalization
hotel ravi,2,1,2,High,Conservative normalization
hotel royal inn,2,1,2,High,Conservative normalization
hotel royal park,2,2,2,Medium,Conservative normalization
hotel ruchi,2,1,2,High,Conservative normalization
hotel saffron,2,1,2,High,Conservative normalization
hotel sahyadri,2,2,2,Medium,Conservative normalization
hotel sai,2,2,2,Medium,Conservative normalization
hotel sandarshini,2,1,2,High,Conservative normalization
hotel sangamam,2,1,2,High,Conservative normalization
hotel sarovar,2,1,2,High,Conservative normalization
hotel sarthak,2,1,2,High,Conservative normalization
hotel savera,2,1,2,High,Conservative normalization
hotel sheetal,2,2,2,Medium,Conservative normalization
hotel sher a punjab,2,2,2,Medium,Conservative normalization
hotel sher e punjab,2,2,2,Medium,Conservative normalization
hotel shere punjab,2,1,2,High,Conservative normalization
hotel shiva sagar,2,1,2,High,Conservative normalization
hotel shivam,2,1,2,High,Conservative normalization
hotel shivneri,2,1,2,High,Conservative normalization
hotel shivprasad,2,2,2,Medium,Conservative normalization
hotel shivshahi,2,1,2,High,Conservative normalization
hotel shree,2,2,2,Medium,Conservative normalization
hotel shree ganesh,2,2,2,Medium,Conservative normalization
hotel shreyas,2,2,2,Medium,Conservative normalization
hotel shyam,2,1,2,High,Conservative normalization
hotel siddhipriya,2,1,2,High,Conservative normalization
hotel silver leaf,2,1,2,High,Conservative normalization
hotel southern star,2,1,2,High,Conservative normalization
hotel sree ram,2,1,2,High,Conservative normalization
hotel sri bhavan,2,2,2,Medium,Conservative normalization
hotel sri chowdeshwari,2,1,2,High,Conservative normalization
hotel sri devi,2,1,2,High,Conservative normalization
hotel sri durga bhavan,2,2,2,Medium,Conservative normalization
hotel sri ganesh bhavan,2,1,2,High,Conservative normalization
hotel sri lakshmi bhavan,2,1,2,High,Conservative normalization
hotel sri madurai meenakshi,2,1,2,High,Conservative normalization
hotel sunrise,2,1,2,High,Conservative normalization
hotel super star,2,1,2,High,Conservative normalization
hotel surabhi,2,1,2,High,Conservative normalization
hotel surabhi grand,2,1,1,High,Conservative normalization
hotel swagat,2,2,2,Medium,Conservative normalization
hotel sweekar,2,2,2,Medium,Conservative normalization
hotel taj mahal,2,1,2,High,Conservative normalization
hotel temple city veg,2,1,2,High,Conservative normalization
hotel templecity dreamz inn,2,1,2,High,Conservative normalization
hotel triveni,2,2,2,Medium,Conservative normalization
hotel tuljai,2,1,2,High,Conservative normalization
hotel vaigai,2,1,2,High,Conservative normalization
hotel vasantha bhavan,2,2,2,Medium,Conservative normalization
hotel veera,2,2,2,Medium,Conservative normalization
hotel vighnaharta,2,1,2,High,Conservative normalization
hotel vinayak,2,1,2,High,Conservative normalization
hotel vishwa,2,2,2,Medium,Conservative normalization
hotel welcome,2,2,2,Medium,Conservative normalization
hotel white,2,1,2,High,Conservative normalization
hotel woodland,2,1,2,High,Conservative normalization
hotel yuvraj,2,1,2,High,Conservative normalization
hotel zam zam,2,2,2,Medium,Conservative normalization
hotmenu,2,1,2,High,Conservative normalization
hottest pizza,2,1,2,High,Conservative normalization
house of biriyani,2,2,2,Medium,Conservative normalization
house of chaaps,2,2,2,Medium,Conservative normalization
house of combo,2,2,2,Medium,Conservative normalization
house of dosas,2,2,2,Medium,Conservative normalization
house of ice cream,2,2,2,Medium,Conservative normalization
house of kebabs,2,2,2,Medium,Conservative normalization
house of milkshakes,2,1,2,High,Conservative normalization
house of parathas,2,2,2,Medium,Conservative normalization
house of pizza,2,1,2,High,Conservative normalization
house of pizzas,2,2,2,Medium,Conservative normalization
house of punjab,2,2,2,Medium,Conservative normalization
house of sandwich,2,2,2,Medium,Conservative normalization
house of tandoor,2,2,2,Medium,Conservative normalization
house of tandoori,2,1,2,High,Conservative normalization
house of wraps,2,2,2,Medium,Conservative normalization
hub of taste,2,2,2,Medium,Conservative normalization
hugs with mugs,2,2,2,Medium,Conservative normalization
hukum,2,2,2,Medium,Conservative normalization
huliyappa s donne biryani,2,1,2,High,Conservative normalization
hum sabki rasoi,2,1,2,High,Conservative normalization
hummus,2,2,2,Medium,Conservative normalization
humpty dumpty momos,2,1,2,High,Conservative normalization
hunan,2,1,2,High,Conservative normalization
hung s chinese fast food,2,2,2,Medium,Conservative normalization
hunger,2,2,2,Medium,Conservative normalization
hunger cafe and maggi point,2,2,2,Medium,Conservative normalization
hunger choice,2,1,2,High,Conservative normalization
hunger cure,2,1,2,High,Conservative normalization
hunger fried chicken,2,2,2,Medium,Conservative normalization
hunger heist,2,2,2,Medium,Conservative normalization
hunger island,2,1,2,High,Conservative normalization
hunger ki bajao,2,1,2,High,Conservative normalization
hunger mafia,2,1,2,High,Conservative normalization
hunger mania,2,2,2,Medium,Conservative normalization
hunger plaza,2,2,2,Medium,Conservative normalization
hunger s choice,2,1,2,High,Conservative normalization
hunger s club,2,2,2,Medium,Conservative normalization
hunger s delight,2,2,2,Medium,Conservative normalization
hunger s pizza,2,2,2,Medium,Conservative normalization
hunger street,2,2,2,Medium,Conservative normalization
hunger treat,2,1,2,High,Conservative normalization
hunger twister,2,2,2,Medium,Conservative normalization
hungernomia,2,1,2,High,Conservative normalization
hungerout pizza,2,2,2,Medium,Conservative normalization
hungerpangs,2,1,2,High,Conservative normalization
hungers den,2,2,2,Medium,Conservative normalization
hungers hub,2,2,2,Medium,Conservative normalization
hunggers,2,1,2,High,Conservative normalization
hungrezy,2,1,2,High,Conservative normalization
hungrill,2,2,2,Medium,Conservative normalization
hungry bear,2,2,2,Medium,Conservative normalization
hungry cafe,2,2,2,Medium,Conservative normalization
hungry chinese,2,1,2,High,Conservative normalization
hungry food,2,1,2,High,Conservative normalization
hungry foodies,2,2,2,Medium,Conservative normalization
hungry hackers,2,2,2,Medium,Conservative normalization
hungry heads,2,2,2,Medium,Conservative normalization
hungry help,2,2,2,Medium,Conservative normalization
hungry house,2,2,2,Medium,Conservative normalization
hungry king,2,1,2,High,Conservative normalization
hungry mood,2,2,2,Medium,Conservative normalization
hungry pizza,2,2,2,Medium,Conservative normalization
hungry puppet,2,1,2,High,Conservative normalization
hungry puppets,2,1,2,High,Conservative normalization
hungry time sandwich,2,1,2,High,Conservative normalization
hungsters,2,1,2,High,Conservative normalization
hurry mirrch,2,1,2,High,Conservative normalization
hwealth cafe,2,1,2,High,Conservative normalization
hyderabad deccan,2,1,2,High,Conservative normalization
hyderabad dum biryani,2,1,2,High,Conservative normalization
hyderabad express,2,1,2,High,Conservative normalization
hyderabad flavours,2,2,2,Medium,Conservative normalization
hyderabad magic,2,2,2,Medium,Conservative normalization
hyderabadi and muradabadi chicken biryani,2,1,2,High,Conservative normalization
hyderabadi biryani junction,2,2,2,Medium,Conservative normalization
hyderabadi charminar biryani,2,1,2,High,Conservative normalization
hyderabadi chicken biryani,2,2,2,Medium,Conservative normalization
hyderabadi chicken centre,2,1,2,High,Conservative normalization
hyderabadi family pack biryani,2,1,2,High,Conservative normalization
hyderabadi haveli biryani,2,1,2,High,Conservative normalization
hyderabadi house,2,2,2,Medium,Conservative normalization
hyderabadi hut,2,1,2,High,Conservative normalization
hyderabadi kitchens,2,2,2,Medium,Conservative normalization
hyderabadi matka biryani,2,2,2,Medium,Conservative normalization
hyderabadi palace,2,1,2,High,Conservative normalization
hyderabadi spice,2,1,2,High,Conservative normalization
hyderabadi spicy kitchen,2,2,2,Medium,Conservative normalization
i cake,2,2,2,Medium,Conservative normalization
i food,2,2,2,Medium,Conservative normalization
ice balls and slice square,2,2,2,Medium,Conservative normalization
ice cream lab,2,2,2,Medium,Conservative normalization
ice cream plaza,2,1,2,High,Conservative normalization
ice creamery sundaes,2,1,2,High,Conservative normalization
ice house,2,1,2,High,Conservative normalization
ice n spice hotel rajhans,2,2,2,Medium,Conservative normalization
ichamotee,2,2,2,Medium,Conservative normalization
icontrast ice cream depot,2,2,2,Medium,Conservative normalization
icy blast,2,2,2,Medium,Conservative normalization
icy fusion,2,1,2,High,Conservative normalization
icy n spicy,2,2,2,Medium,Conservative normalization
id,2,1,2,High,Conservative normalization
idlee s,2,1,2,High,Conservative normalization
idli dosa,2,2,2,Medium,Conservative normalization
idli street,2,2,2,Medium,Conservative normalization
idlies,2,1,2,High,Conservative normalization
idly kadai,2,2,2,Medium,Conservative normalization
if pizza,2,2,2,Medium,Conservative normalization
impasta,2,1,2,High,Conservative normalization
imperial multi cuisine restaurant,2,2,2,Medium,Conservative normalization
in house kitchen,2,2,2,Medium,Conservative normalization
inchi,2,2,2,Medium,Conservative normalization
incredible amritsar,2,1,2,High,Conservative normalization
indi trail premium indian restaurant,2,1,2,High,Conservative normalization
india coffee house,2,1,2,High,Conservative normalization
india kitchen 24 7,2,1,2,High,Conservative normalization
indian aroma,2,2,2,Medium,Conservative normalization
indian bakery,2,1,1,High,Conservative normalization
indian bites,2,1,2,High,Conservative normalization
indian chicken express,2,1,2,High,Conservative normalization
indian chowk,2,2,2,Medium,Conservative normalization
indian flavours,2,2,2,Medium,Conservative normalization
indian food kraft,2,2,2,Medium,Conservative normalization
indian fried chicken,2,1,2,High,Conservative normalization
indian kathi company,2,1,2,High,Conservative normalization
indian masala kitchen,2,2,2,Medium,Conservative normalization
indian masala magic,2,1,2,High,Conservative normalization
indian masala tadka,2,2,2,Medium,Conservative normalization
indian meals,2,1,2,High,Conservative normalization
indian paratha king,2,1,2,High,Conservative normalization
indian pizza,2,2,2,Medium,Conservative normalization
indian spicy,2,2,2,Medium,Conservative normalization
indian wok,2,1,2,High,Conservative normalization
indian zayka,2,1,2,High,Conservative normalization
indie feast by purple foods,2,1,2,High,Conservative normalization
indie yum,2,2,2,Medium,Conservative normalization
indiwok,2,1,2,High,Conservative normalization
indo asian kitchens,2,1,2,High,Conservative normalization
indo chinese family restaurant,2,2,2,Medium,Conservative normalization
indori sarafa bazaar,2,1,2,High,Conservative normalization
indori tadka,2,1,2,High,Conservative normalization
indori zayka,2,2,2,Medium,Conservative normalization
indowok,2,2,2,Medium,Conservative normalization
indus pizza,2,1,2,High,Conservative normalization
infinitea,2,1,2,High,Conservative normalization
infinity restaurant,2,1,2,High,Conservative normalization
infosys cafe,2,1,2,High,Conservative normalization
instaa fast food center,2,1,1,High,Conservative normalization
instabowl,2,1,2,High,Conservative normalization
ipizza,2,2,2,Medium,Conservative normalization
iqbal hotel,2,1,2,High,Conservative normalization
irani chaikhana,2,1,2,High,Conservative normalization
irfan bhai,2,1,2,High,Conservative normalization
irish biryani,2,1,2,High,Conservative normalization
ironhill cafe,2,1,2,High,Conservative normalization
ismail bhai,2,1,2,High,Conservative normalization
istah shawarma and biryani,2,1,2,High,Conservative normalization
istan shawarma,2,1,2,High,Conservative normalization
itabian restro,2,2,2,Medium,Conservative normalization
italian bite pizza,2,2,2,Medium,Conservative normalization
italian bites,2,2,2,Medium,Conservative normalization
italian cafe,2,2,2,Medium,Conservative normalization
italian cuisine,2,2,2,Medium,Conservative normalization
italian express,2,1,2,High,Conservative normalization
italian pizza and restaurant,2,2,2,Medium,Conservative normalization
italian pizza house,2,1,2,High,Conservative normalization
italian pizza king,2,2,2,Medium,Conservative normalization
italiano,2,1,2,High,Conservative normalization
italiano pizza,2,1,2,High,Conservative normalization
italy via punjab,2,1,2,High,Conservative normalization
itamae pan asian sushi and more,2,1,2,High,Conservative normalization
itc vazra,2,2,2,Medium,Conservative normalization
its a burger,2,1,2,High,Conservative normalization
iya s korean kitchen,2,1,2,High,Conservative normalization
izletes pizza,2,2,2,Medium,Conservative normalization
j 14,2,1,2,High,Conservative normalization
j j fast food,2,2,2,Medium,Conservative normalization
j k residency,2,1,2,High,Conservative normalization
jaatre,2,1,2,High,Conservative normalization
jadu kadai,2,1,2,High,Conservative normalization
jagannath food corner,2,1,2,High,Conservative normalization
jagat hotel,2,1,2,High,Conservative normalization
jagdamb chinese center,2,1,2,High,Conservative normalization
jai bhavani,2,2,2,Medium,Conservative normalization
jai bhavani dhaba,2,2,2,Medium,Conservative normalization
jai bhavani hotel,2,1,2,High,Conservative normalization
jai bhavani tiffins,2,2,2,Medium,Conservative normalization
jai food zone,2,1,2,High,Conservative normalization
jai ganesh snacks center,2,1,2,High,Conservative normalization
jai hind bakery,2,1,2,High,Conservative normalization
jai hind dhaba,2,1,2,High,Conservative normalization
jai mata di fast food,2,1,2,High,Conservative normalization
jail cafe,2,1,2,High,Conservative normalization
jail chai bar cafe,2,1,2,High,Conservative normalization
jain bakers,2,1,2,High,Conservative normalization
jain bhojnalaya,2,1,2,High,Conservative normalization
jain chat corner,2,2,2,Medium,Conservative normalization
jain food corner,2,2,2,Medium,Conservative normalization
jain food court,2,1,2,High,Conservative normalization
jain foods,2,1,2,High,Conservative normalization
jain misthan bhandar,2,2,2,Medium,Conservative normalization
jaipur jungle,2,1,2,High,Conservative normalization
jakaas pizza zone,2,2,2,Medium,Conservative normalization
jalapenos,2,1,2,High,Conservative normalization
jalaram dining hall,2,1,2,High,Conservative normalization
jalaram khaman,2,1,2,High,Conservative normalization
jalaram restaurant,2,1,2,High,Conservative normalization
jalebi junction,2,1,2,High,Conservative normalization
jalsa restaurant,2,1,2,High,Conservative normalization
jamai shoshthi,2,1,2,High,Conservative normalization
jamie oliver s pizzeria,2,2,2,Medium,Conservative normalization
jamie s pizzeria by jamie oliver,2,2,2,Medium,Conservative normalization
jammu rajma chawal,2,2,2,Medium,Conservative normalization
jamun,2,1,2,High,Conservative normalization
janjira sea food resto,2,1,2,High,Conservative normalization
jannat cafe,2,1,2,High,Conservative normalization
janta bakers,2,2,2,Medium,Conservative normalization
janta fast food,2,2,2,Medium,Conservative normalization
janta sweets,2,1,2,High,Conservative normalization
jashn restaurant,2,1,2,High,Conservative normalization
jaspal di bhatti,2,1,2,High,Conservative normalization
jay ambe chinese,2,1,2,High,Conservative normalization
jay ambe fast food and restaurant,2,1,2,High,Conservative normalization
jay bhole vadapav,2,1,2,High,Conservative normalization
jay jalaram fast food,2,1,2,High,Conservative normalization
jay mahakali sev usal,2,1,2,High,Conservative normalization
jay mahakali sev usal kirti stambhwala,2,1,2,High,Conservative normalization
jay malhar bhojanalay,2,2,2,Medium,Conservative normalization
jay malhar egg bhurji,2,2,2,Medium,Conservative normalization
jaya food court,2,2,2,Medium,Conservative normalization
jbs,2,1,2,High,Conservative normalization
jc berries,2,1,2,High,Conservative normalization
jd meals,2,2,2,Medium,Conservative normalization
jd restaurant,2,1,2,High,Conservative normalization
jee s natural,2,2,2,Medium,Conservative normalization
jeeman,2,1,2,High,Conservative normalization
jhakkas,2,2,2,Medium,Conservative normalization
jhakkas bombay pav bhaji,2,1,2,High,Conservative normalization
jhakkas pav bhaji mumbai wala,2,2,2,Medium,Conservative normalization
jhatpat chaat,2,2,2,Medium,Conservative normalization
ji janaab,2,2,2,Medium,Conservative normalization
jibhe jol,2,2,2,Medium,Conservative normalization
jimis burger,2,1,2,High,Conservative normalization
jiya s shakewala,2,2,2,Medium,Conservative normalization
jj s cafe,2,2,2,Medium,Conservative normalization
jnj s,2,1,2,High,Conservative normalization
jo momo,2,1,2,High,Conservative normalization
joe s pizza,2,1,2,High,Conservative normalization
jogeshwari misal and bhel,2,2,2,Medium,Conservative normalization
joker cafe,2,1,2,High,Conservative normalization
joker gathiya,2,1,2,High,Conservative normalization
jolly s kitchen,2,1,2,High,Conservative normalization
joshi wadevale,2,2,2,Medium,Conservative normalization
jst popcorn,2,1,2,High,Conservative normalization
jubilee bakery,2,2,2,Medium,Conservative normalization
juice and shakes,2,2,2,Medium,Conservative normalization
juice berries,2,1,2,High,Conservative normalization
juice center,2,1,2,High,Conservative normalization
juice express,2,2,2,Medium,Conservative normalization
juice hub,2,1,2,High,Conservative normalization
juice mama,2,2,2,Medium,Conservative normalization
juice nation,2,2,2,Medium,Conservative normalization
juice station,2,1,2,High,Conservative normalization
juice stories,2,1,2,High,Conservative normalization
juice time,2,1,2,High,Conservative normalization
juice up,2,2,2,Medium,Conservative normalization
juices and cafe,2,2,2,Medium,Conservative normalization
juicy stuff,2,1,2,High,Conservative normalization
juju and snabo s gelato,2,1,2,High,Conservative normalization
jujube asian cookhouse,2,2,2,Medium,Conservative normalization
jumbo box,2,1,2,High,Conservative normalization
jumbo sandwich,2,1,2,High,Conservative normalization
junction,2,1,1,High,Conservative normalization
juneja sweets,2,1,2,High,Conservative normalization
jungle safari,2,1,2,High,Conservative normalization
just 99,2,2,2,Medium,Conservative normalization
just a bite,2,2,2,Medium,Conservative normalization
just bites,2,2,2,Medium,Conservative normalization
just buns,2,2,2,Medium,Conservative normalization
just burger,2,1,2,High,Conservative normalization
just chicken,2,1,2,High,Conservative normalization
just chill,2,1,2,High,Conservative normalization
just chill cafe,2,2,2,Medium,Conservative normalization
just curry,2,1,2,High,Conservative normalization
just food,2,1,2,High,Conservative normalization
just grill,2,1,2,High,Conservative normalization
just kulfi,2,2,2,Medium,Conservative normalization
just momos,2,1,2,High,Conservative normalization
just naati,2,1,2,High,Conservative normalization
just not shakes,2,2,2,Medium,Conservative normalization
just parathas,2,2,2,Medium,Conservative normalization
justbake cakes and desserts,2,2,2,Medium,Conservative normalization
k 9 the schezwan restaurant,2,2,2,Medium,Conservative normalization
k c das,2,1,2,High,Conservative normalization
k g n caterers,2,2,2,Medium,Conservative normalization
k r bakes,2,2,2,Medium,Conservative normalization
k r bakes and restaurant,2,2,2,Medium,Conservative normalization
kaaapi central,2,1,2,High,Conservative normalization
kaathi palace,2,1,2,High,Conservative normalization
kabab aur shabab,2,1,2,High,Conservative normalization
kabab express,2,1,2,High,Conservative normalization
kabab mahal,2,2,2,Medium,Conservative normalization
kabab mandra,2,1,2,High,Conservative normalization
kabab palace,2,2,2,Medium,Conservative normalization
kabab zone,2,1,2,High,Conservative normalization
kababi,2,2,2,Medium,Conservative normalization
kadai,2,2,2,Medium,Conservative normalization
kadak chai,2,2,2,Medium,Conservative normalization
kadak singh,2,1,2,High,Conservative normalization
kadher bhai biryani,2,1,2,High,Conservative normalization
kadir nurman bonafide shawarma,2,1,2,High,Conservative normalization
kafe fusion,2,1,2,High,Conservative normalization
kafenio,2,2,2,Medium,Conservative normalization
kaidi kitchen,2,1,2,High,Conservative normalization
kailash parbath,2,1,1,High,Conservative normalization
kailash pav bhaji,2,1,2,High,Conservative normalization
kailash restaurant,2,1,2,High,Conservative normalization
kaka bakery,2,1,2,High,Conservative normalization
kaka chicken corner,2,2,2,Medium,Conservative normalization
kaka halwai sweet center,2,1,2,High,Conservative normalization
kaka s fresh and frozen foods,2,1,2,High,Conservative normalization
kakatiya restaurant,2,2,2,Medium,Conservative normalization
kake de paranthe,2,1,2,High,Conservative normalization
kake di chaap,2,1,2,High,Conservative normalization
kake di pavbhaji,2,1,2,High,Conservative normalization
kake di rasoi,2,2,2,Medium,Conservative normalization
kakkar s kitchen,2,1,2,High,Conservative normalization
kaku pizza,2,2,2,Medium,Conservative normalization
kala burger wala,2,1,2,High,Conservative normalization
kalewa,2,1,2,High,Conservative normalization
kali mirch,2,1,2,High,Conservative normalization
kalimiri,2,1,2,High,Conservative normalization
kallyfso cafe,2,2,2,Medium,Conservative normalization
kalpana bhel,2,1,2,High,Conservative normalization
kalpana restaurant,2,2,2,Medium,Conservative normalization
kalsang friends corner,2,1,2,High,Conservative normalization
kalyan restaurant,2,1,2,High,Conservative normalization
kalyani restaurant,2,2,2,Medium,Conservative normalization
kamat rolls,2,1,2,High,Conservative normalization
kamath biryani,2,2,2,Medium,Conservative normalization
kamath hotel,2,2,2,Medium,Conservative normalization
kanakathara,2,1,2,High,Conservative normalization
kandozz biryani,2,1,2,High,Conservative normalization
kanha,2,1,2,High,Conservative normalization
kanha sandwich,2,2,2,Medium,Conservative normalization
kanhaji,2,1,2,High,Conservative normalization
kanji kadai,2,1,2,High,Conservative normalization
kanjipura,2,2,2,Medium,Conservative normalization
kannur restaurant,2,2,2,Medium,Conservative normalization
kansar gujarati thali,2,1,2,High,Conservative normalization
kanthari restaurant,2,1,2,High,Conservative normalization
kanya restaurant,2,1,1,High,Conservative normalization
kapil na ghughra,2,1,2,High,Conservative normalization
kapital kitchen,2,1,2,High,Conservative normalization
kapoor s kitchen,2,1,2,High,Conservative normalization
karachi biryani,2,2,2,Medium,Conservative normalization
karachi sweet mart,2,1,2,High,Conservative normalization
karachiwala bakery,2,1,2,High,Conservative normalization
karaikkudi chettinadu,2,1,2,High,Conservative normalization
karaikudi annalakshmi,2,1,2,High,Conservative normalization
karaikudi chettinadu restaurant,2,1,2,High,Conservative normalization
karan dhaba,2,1,2,High,Conservative normalization
karbhareen misal,2,2,2,Medium,Conservative normalization
kareem s kitchen,2,2,2,Medium,Conservative normalization
karim s original from delhi 6,2,2,2,Medium,Conservative normalization
karims,2,2,2,Medium,Conservative normalization
karims original from jama masjid delhi 6,2,1,2,High,Conservative normalization
karishma restaurant,2,2,2,Medium,Conservative normalization
karnataka hindu miltry hotel,2,2,2,Medium,Conservative normalization
karnatic,2,1,2,High,Conservative normalization
karthik,2,1,2,High,Conservative normalization
kartik foods,2,1,2,High,Conservative normalization
karupatti coffee,2,2,2,Medium,Conservative normalization
kashmiri biryani,2,1,2,High,Conservative normalization
kasturi mastani house,2,2,2,Medium,Conservative normalization
kasturi sweets,2,2,2,Medium,Conservative normalization
kataria s,2,1,2,High,Conservative normalization
kathi cartel,2,1,2,High,Conservative normalization
kathi roll corner 44,2,1,2,High,Conservative normalization
kathi roll kebab,2,2,2,Medium,Conservative normalization
kathi roll king,2,1,2,High,Conservative normalization
kathi roll shop,2,1,2,High,Conservative normalization
kathi rolls n more,2,1,2,High,Conservative normalization
kattappa,2,2,2,Medium,Conservative normalization
kattha chuna,2,1,2,High,Conservative normalization
kaveri adityapur,2,1,1,High,Conservative normalization
kaviar,2,2,2,Medium,Conservative normalization
kaya rasa,2,1,2,High,Conservative normalization
kc das sweets,2,2,2,Medium,Conservative normalization
kcdas,2,1,2,High,Conservative normalization
kebab aur shabab,2,1,2,High,Conservative normalization
kebab biryani,2,2,2,Medium,Conservative normalization
kebab cafe,2,2,2,Medium,Conservative normalization
kebab capital,2,1,2,High,Conservative normalization
kebab chacha,2,1,2,High,Conservative normalization
kebab cottage,2,1,2,High,Conservative normalization
kebab gunj,2,1,2,High,Conservative normalization
kebab junction,2,1,2,High,Conservative normalization
kebab kings,2,2,2,Medium,Conservative normalization
kebab magic s,2,1,2,High,Conservative normalization
kebab s king,2,1,2,High,Conservative normalization
kebab station,2,1,2,High,Conservative normalization
kebabchi,2,1,1,High,Conservative normalization
kebabi,2,1,2,High,Conservative normalization
kebabie karvaan,2,1,2,High,Conservative normalization
kebabish,2,1,2,High,Conservative normalization
kebabji,2,1,2,High,Conservative normalization
kebabs and biryanis,2,1,2,High,Conservative normalization
kebabs and more,2,2,2,Medium,Conservative normalization
keeraikadai,2,1,2,High,Conservative normalization
kekiz,2,1,2,High,Conservative normalization
kekiz cake shop,2,1,2,High,Conservative normalization
kerala fast food,2,2,2,Medium,Conservative normalization
kerala spice,2,1,2,High,Conservative normalization
kesar da dhaba,2,2,2,Medium,Conservative normalization
kesar family restaurant,2,1,2,High,Conservative normalization
kesar foods,2,1,2,High,Conservative normalization
kesari restaurant,2,2,2,Medium,Conservative normalization
kesariya s sweets and chaat,2,1,2,High,Conservative normalization
keshav kunj pure veg,2,1,2,High,Conservative normalization
keto diet meals k4e,2,1,2,High,Conservative normalization
kf restaurant,2,1,2,High,Conservative normalization
kgn biryani center,2,1,2,High,Conservative normalization
kgn restaurant,2,2,2,Medium,Conservative normalization
khaatir,2,1,2,High,Conservative normalization
khade masale,2,1,2,High,Conservative normalization
khai khai,2,2,2,Medium,Conservative normalization
khai khai foodies unite,2,2,2,Medium,Conservative normalization
khalsa dhaba,2,1,2,High,Conservative normalization
khalsa hotel,2,2,2,Medium,Conservative normalization
khalsa kitchen,2,2,2,Medium,Conservative normalization
khalsa rasoi,2,2,2,Medium,Conservative normalization
khamma ghani sa,2,2,2,Medium,Conservative normalization
khan chacha hyderabadi,2,1,2,High,Conservative normalization
khan chacha hydrabadi since 2007,2,1,2,High,Conservative normalization
khan chicken,2,2,2,Medium,Conservative normalization
khan s biryani,2,2,2,Medium,Conservative normalization
khan sahab,2,1,2,High,Conservative normalization
khana dumdaar,2,1,2,High,Conservative normalization
khana junction,2,2,2,Medium,Conservative normalization
khana punjab da,2,2,2,Medium,Conservative normalization
khandani rasoi,2,2,2,Medium,Conservative normalization
khandeshi spice,2,1,2,High,Conservative normalization
khandeshi tadka,2,2,2,Medium,Conservative normalization
khane khas,2,1,2,High,Conservative normalization
khangri biryani,2,1,2,High,Conservative normalization
khanna sweets,2,1,2,High,Conservative normalization
khansaama food,2,2,2,Medium,Conservative normalization
khanti bangali,2,2,2,Medium,Conservative normalization
khao gali,2,2,2,Medium,Conservative normalization
khao piyo,2,1,2,High,Conservative normalization
khao piyo jiyo,2,1,2,High,Conservative normalization
khaugiri,2,2,2,Medium,Conservative normalization
khawab,2,1,2,High,Conservative normalization
kheer kadamb,2,1,2,High,Conservative normalization
khichdi affair,2,1,2,High,Conservative normalization
khichdi king,2,2,2,Medium,Conservative normalization
khichdi palace,2,1,2,High,Conservative normalization
khidmat,2,1,2,High,Conservative normalization
khuraak,2,1,2,High,Conservative normalization
khuraak stay healthy,2,2,2,Medium,Conservative normalization
khushboo,2,1,2,High,Conservative normalization
khushboo fast food,2,1,2,High,Conservative normalization
khybar kashmir,2,1,2,High,Conservative normalization
ki and ka kitchen,2,1,1,High,Conservative normalization
ki khabo,2,1,2,High,Conservative normalization
ki ki kitchen,2,1,2,High,Conservative normalization
kia restaurant,2,2,2,Medium,Conservative normalization
kill the hunger,2,2,2,Medium,Conservative normalization
kilo biryani,2,1,2,High,Conservative normalization
kimling,2,1,2,High,Conservative normalization
kimling xps,2,2,2,Medium,Conservative normalization
king bakery,2,2,2,Medium,Conservative normalization
king biryani,2,2,2,Medium,Conservative normalization
king burger,2,1,2,High,Conservative normalization
king cafe,2,1,2,High,Conservative normalization
king chinese,2,1,2,High,Conservative normalization
king fast food,2,2,2,Medium,Conservative normalization
king kitchen,2,2,2,Medium,Conservative normalization
king of bangarpet pani puri and chats,2,2,2,Medium,Conservative normalization
king of burgers,2,2,2,Medium,Conservative normalization
king of chicken,2,2,2,Medium,Conservative normalization
king of fast food,2,1,2,High,Conservative normalization
king of spices,2,2,2,Medium,Conservative normalization
king of spicy,2,2,2,Medium,Conservative normalization
king of taste,2,1,2,High,Conservative normalization
king paratha,2,2,2,Medium,Conservative normalization
king pizza,2,2,2,Medium,Conservative normalization
king s cafe,2,2,2,Medium,Conservative normalization
king sahab,2,1,2,High,Conservative normalization
king sandwich,2,1,2,High,Conservative normalization
kings burger,2,2,2,Medium,Conservative normalization
kings cafe,2,1,2,High,Conservative normalization
kings chinese,2,2,2,Medium,Conservative normalization
kings momos,2,1,2,High,Conservative normalization
kings of burger,2,2,2,Medium,Conservative normalization
kings restaurant,2,2,2,Medium,Conservative normalization
kings roll,2,1,2,High,Conservative normalization
kings shawarma,2,2,2,Medium,Conservative normalization
kingsland cafe,2,2,2,Medium,Conservative normalization
kingsmen coffee,2,1,2,High,Conservative normalization
kinoko,2,1,2,High,Conservative normalization
kiosk fried chicken,2,1,2,High,Conservative normalization
kiranshree sweets and snacks,2,1,2,High,Conservative normalization
kishan foods,2,1,2,High,Conservative normalization
kiskey whiskey,2,2,2,Medium,Conservative normalization
kismat biriyani,2,1,2,High,Conservative normalization
kitchen,2,2,2,Medium,Conservative normalization
kitchen 11,2,2,2,Medium,Conservative normalization
kitchen district,2,2,2,Medium,Conservative normalization
kitchen handi,2,1,2,High,Conservative normalization
kitchen house,2,2,2,Medium,Conservative normalization
kitchen king restaurant,2,1,2,High,Conservative normalization
kitchen kraft,2,1,2,High,Conservative normalization
kitchen of awadh,2,2,2,Medium,Conservative normalization
kitchen of joy,2,2,2,Medium,Conservative normalization
kitchen punjab,2,2,2,Medium,Conservative normalization
kkfc,2,1,2,High,Conservative normalization
kmc hotel,2,1,1,High,Conservative normalization
kms hakkim kalyana biriyani restaurant,2,2,2,Medium,Conservative normalization
kns xprs,2,1,2,High,Conservative normalization
koffee king,2,1,2,High,Conservative normalization
kokan katta,2,1,2,High,Conservative normalization
kokani swad,2,1,2,High,Conservative normalization
kokkarakko biriyani and fast food,2,2,2,Medium,Conservative normalization
kokkarako briyani and fast food,2,2,2,Medium,Conservative normalization
kolhapuri katta,2,2,2,Medium,Conservative normalization
kolhapuri pahunchar,2,2,2,Medium,Conservative normalization
kolhapuri tadka,2,1,2,High,Conservative normalization
kolkata 27,2,2,2,Medium,Conservative normalization
kolkata alishan biryani,2,1,2,High,Conservative normalization
kolkata biryani jugsalai,2,1,1,High,Conservative normalization
kolkata biryani kabab factory,2,1,2,High,Conservative normalization
kolkata chat house,2,2,2,Medium,Conservative normalization
kolkata durbar,2,1,2,High,Conservative normalization
kolkata eats,2,2,2,Medium,Conservative normalization
kolkata famous kati rolls,2,1,2,High,Conservative normalization
kolkata foods,2,2,2,Medium,Conservative normalization
kolkata haji biryani house,2,2,2,Medium,Conservative normalization
kolkata hazi biryani,2,1,2,High,Conservative normalization
kolkata kathi roll,2,2,2,Medium,Conservative normalization
kolkata roll point,2,1,2,High,Conservative normalization
kolkata rolls and wraps,2,2,2,Medium,Conservative normalization
kolkata sweets,2,2,2,Medium,Conservative normalization
kolkata thali,2,1,2,High,Conservative normalization
kolkatta haji biryani,2,1,2,High,Conservative normalization
konaseema sweets and snacks,2,1,2,High,Conservative normalization
konetto,2,2,2,Medium,Conservative normalization
kongpoush kashmiri cuisine,2,1,2,High,Conservative normalization
konnichiwa sushi and new age japanese,2,1,2,High,Conservative normalization
koozies ice cream,2,1,2,High,Conservative normalization
korma king,2,1,2,High,Conservative normalization
kota kachori,2,2,2,Medium,Conservative normalization
kota kachori and namkeens,2,2,2,Medium,Conservative normalization
kovallam,2,1,2,High,Conservative normalization
kowloon chinese,2,1,2,High,Conservative normalization
krazy for krispy chicken,2,1,2,High,Conservative normalization
krishna bhavan,2,2,2,Medium,Conservative normalization
krishna bhog,2,1,2,High,Conservative normalization
krishna canteen,2,2,2,Medium,Conservative normalization
krishna chinese,2,2,2,Medium,Conservative normalization
krishna dhaba,2,2,2,Medium,Conservative normalization
krishna fast food and restaurant,2,2,2,Medium,Conservative normalization
krishna fast food center,2,1,2,High,Conservative normalization
krishna fast food corner,2,2,2,Medium,Conservative normalization
krishna food zone,2,1,2,High,Conservative normalization
krishna foods,2,1,2,High,Conservative normalization
krishna sweets and fast food,2,2,2,Medium,Conservative normalization
krishnatunga restaurant,2,1,2,High,Conservative normalization
kritongha restaurant,2,1,2,High,Conservative normalization
kritunga,2,1,2,High,Conservative normalization
krunch,2,1,2,High,Conservative normalization
krunchos,2,1,2,High,Conservative normalization
krushna pure veg,2,1,2,High,Conservative normalization
ksheera sagar,2,1,2,High,Conservative normalization
kudos wok,2,2,2,Medium,Conservative normalization
kudoz cafe,2,1,2,High,Conservative normalization
kukdukoo,2,1,2,High,Conservative normalization
kukkad shukkad,2,2,2,Medium,Conservative normalization
kuku da dhaba,2,2,2,Medium,Conservative normalization
kulcha point,2,2,2,Medium,Conservative normalization
kulchas and more,2,2,2,Medium,Conservative normalization
kuldeep dhaba,2,2,2,Medium,Conservative normalization
kulfi hub,2,2,2,Medium,Conservative normalization
kulfi magic,2,2,2,Medium,Conservative normalization
kulfi treat,2,1,2,High,Conservative normalization
kulhad chai wala,2,2,2,Medium,Conservative normalization
kulkarni s kitchen,2,2,2,Medium,Conservative normalization
kulukki sarbath,2,1,2,High,Conservative normalization
kumar pastry shop,2,1,2,High,Conservative normalization
kumar vegetarian,2,1,2,High,Conservative normalization
kumbakonam degree coffee,2,2,2,Medium,Conservative normalization
kung fu chop,2,2,2,Medium,Conservative normalization
kung fu wok,2,2,2,Medium,Conservative normalization
kung pao,2,2,2,Medium,Conservative normalization
kuremal mahavir prasad kulfi wale kuremal kulfi,2,1,2,High,Conservative normalization
kuremal s kulfi,2,2,2,Medium,Conservative normalization
kurries,2,1,2,High,Conservative normalization
kurries and krolls,2,2,2,Medium,Conservative normalization
kuttanadu restaurant,2,1,2,High,Conservative normalization
kutumb,2,2,2,Medium,Conservative normalization
kwaliti,2,1,2,High,Conservative normalization
kwality restaurant,2,2,2,Medium,Conservative normalization
kwality wall s swirl s,2,1,2,High,Conservative normalization
kychang,2,1,2,High,Conservative normalization
l instant cafe,2,2,2,Medium,Conservative normalization
l paan,2,1,2,High,Conservative normalization
l unico place,2,1,2,High,Conservative normalization
la casa,2,2,2,Medium,Conservative normalization
la cherie cheesecake,2,2,2,Medium,Conservative normalization
la chocolate,2,1,2,High,Conservative normalization
la heaven,2,2,2,Medium,Conservative normalization
la italia,2,2,2,Medium,Conservative normalization
la pizza,2,2,2,Medium,Conservative normalization
la pizza treno,2,1,2,High,Conservative normalization
la shawarma,2,2,2,Medium,Conservative normalization
la taj biryani and kebabs,2,2,2,Medium,Conservative normalization
la tandoori,2,1,2,High,Conservative normalization
la trio pizza,2,2,2,Medium,Conservative normalization
la waffle,2,1,2,High,Conservative normalization
laali da dhaba,2,1,2,High,Conservative normalization
laddu gopal sweets,2,1,2,High,Conservative normalization
lahori dhaba,2,1,2,High,Conservative normalization
lahori tadka,2,2,2,Medium,Conservative normalization
lakshmi food,2,2,2,Medium,Conservative normalization
lakshmi restaurant,2,2,2,Medium,Conservative normalization
lakshmi super sandwich,2,2,2,Medium,Conservative normalization
lal qila restaurant,2,1,2,High,Conservative normalization
lala pakode wala,2,1,2,High,Conservative normalization
lalabhai sevusalwala,2,1,2,High,Conservative normalization
lalaji,2,1,2,High,Conservative normalization
lalaji dilliwale,2,1,2,High,Conservative normalization
lalaji ki kulfi,2,1,2,High,Conservative normalization
land of cakes,2,1,2,High,Conservative normalization
lassi adda,2,1,2,High,Conservative normalization
lassi and more,2,2,2,Medium,Conservative normalization
lassi bank,2,1,2,High,Conservative normalization
lassi bay,2,1,2,High,Conservative normalization
lassi bistro,2,2,2,Medium,Conservative normalization
lassi cafe,2,2,2,Medium,Conservative normalization
lassi coruscoa,2,1,2,High,Conservative normalization
lassi day,2,1,2,High,Conservative normalization
lassi express,2,2,2,Medium,Conservative normalization
lassi keifer,2,1,2,High,Conservative normalization
lassi klub,2,1,2,High,Conservative normalization
lassi n mojito,2,2,2,Medium,Conservative normalization
lassi n spicy,2,2,2,Medium,Conservative normalization
lassi paradise,2,1,2,High,Conservative normalization
lassi plus,2,2,2,Medium,Conservative normalization
lassi point,2,1,2,High,Conservative normalization
lassi stop,2,2,2,Medium,Conservative normalization
lassi wassi,2,1,2,High,Conservative normalization
lasso food truck,2,1,2,High,Conservative normalization
late knight hunger,2,1,2,High,Conservative normalization
late night chinese,2,1,2,High,Conservative normalization
late night eats,2,1,2,High,Conservative normalization
late night pizza,2,1,2,High,Conservative normalization
laughing buddha,2,2,2,Medium,Conservative normalization
laung laachi,2,1,2,High,Conservative normalization
lavanya food corner,2,1,2,High,Conservative normalization
laxmi ganthiya rath,2,1,2,High,Conservative normalization
laxmi hotel,2,2,2,Medium,Conservative normalization
lazeez biriyani,2,2,2,Medium,Conservative normalization
lazeez fast food,2,1,2,High,Conservative normalization
lazeez hyderabadi biryani,2,1,2,High,Conservative normalization
lazeez moments,2,1,2,High,Conservative normalization
lazeez shawarma,2,2,2,Medium,Conservative normalization
laziz chinese food,2,2,2,Medium,Conservative normalization
laziz family restaurant,2,2,2,Medium,Conservative normalization
laziz food zone,2,1,2,High,Conservative normalization
lazza premium gold ice creams,2,1,2,High,Conservative normalization
lazzat,2,1,2,High,Conservative normalization
lazzat restaurant,2,1,2,High,Conservative normalization
le arabia combos,2,1,2,High,Conservative normalization
le bistro,2,1,2,High,Conservative normalization
le chef restaurant,2,1,2,High,Conservative normalization
le gourmet sandwich,2,1,2,High,Conservative normalization
le shawarma,2,2,2,Medium,Conservative normalization
le torta,2,1,2,High,Conservative normalization
le un pancake,2,1,2,High,Conservative normalization
le un pancakes,2,1,2,High,Conservative normalization
leaf restaurant,2,1,2,High,Conservative normalization
lean bites,2,1,2,High,Conservative normalization
leg piece biryani co,2,1,2,High,Conservative normalization
legend of punjab,2,2,2,Medium,Conservative normalization
lehza veg divine,2,1,2,High,Conservative normalization
lemon chilli,2,2,2,Medium,Conservative normalization
lemon leaf,2,2,2,Medium,Conservative normalization
lemon twist,2,1,2,High,Conservative normalization
leon kebab,2,1,2,High,Conservative normalization
leos kitchen,2,2,2,Medium,Conservative normalization
let s do delli,2,2,2,Medium,Conservative normalization
let s noodles,2,1,2,High,Conservative normalization
let s order chinese,2,1,2,High,Conservative normalization
let s roll,2,2,2,Medium,Conservative normalization
licksters,2,1,2,High,Conservative normalization
life for pizza,2,1,2,High,Conservative normalization
lit gastro pub,2,2,2,Medium,Conservative normalization
litti chokha restro,2,1,2,High,Conservative normalization
litti in,2,1,2,High,Conservative normalization
little arabia,2,1,2,High,Conservative normalization
little asia,2,1,2,High,Conservative normalization
little chow,2,1,2,High,Conservative normalization
little heart,2,2,2,Medium,Conservative normalization
little lebanon,2,2,2,Medium,Conservative normalization
little metro,2,1,1,High,Conservative normalization
little panda,2,1,2,High,Conservative normalization
little punjab,2,2,2,Medium,Conservative normalization
little soi,2,1,2,High,Conservative normalization
live bakers,2,1,2,High,Conservative normalization
live cakes,2,1,2,High,Conservative normalization
live tandoor,2,1,2,High,Conservative normalization
livinroof coffee house,2,1,2,High,Conservative normalization
lj iyengar bakery,2,2,2,Medium,Conservative normalization
local kitchen,2,2,2,Medium,Conservative normalization
local option midnight,2,1,2,High,Conservative normalization
lockdown kitchen,2,1,2,High,Conservative normalization
lodhi knights,2,1,2,High,Conservative normalization
loiee s veg restaurant,2,1,2,High,Conservative normalization
lokenath snacks,2,1,2,High,Conservative normalization
loknath sweets,2,2,2,Medium,Conservative normalization
london grill n shake,2,1,2,High,Conservative normalization
lord of chinese,2,2,2,Medium,Conservative normalization
lord of combos,2,2,2,Medium,Conservative normalization
lords eco inn,2,1,2,High,Conservative normalization
lords of shawarma,2,2,2,Medium,Conservative normalization
lot like crepes,2,1,2,High,Conservative normalization
lotus bakery,2,1,2,High,Conservative normalization
lotus grand family restaurant,2,1,1,High,Conservative normalization
lotus hotel,2,1,2,High,Conservative normalization
love bite cafe,2,2,2,Medium,Conservative normalization
love restaurant,2,1,2,High,Conservative normalization
love to eat,2,2,2,Medium,Conservative normalization
lovely chicken corner,2,1,2,High,Conservative normalization
lovely chinese fast food,2,1,2,High,Conservative normalization
lovely fast food,2,1,2,High,Conservative normalization
lovely food,2,2,2,Medium,Conservative normalization
lovely pizza,2,2,2,Medium,Conservative normalization
lovely restaurant,2,1,2,High,Conservative normalization
lub lub lebanese,2,1,2,High,Conservative normalization
lucknow biryani,2,2,2,Medium,Conservative normalization
lucknow cakes,2,2,2,Medium,Conservative normalization
lucknow e kitchen,2,2,2,Medium,Conservative normalization
lucknow restaurant,2,2,2,Medium,Conservative normalization
lucknowi al baik,2,2,2,Medium,Conservative normalization
lucknowi rasoi,2,2,2,Medium,Conservative normalization
lucky bakers,2,2,2,Medium,Conservative normalization
lucky biryani,2,1,2,High,Conservative normalization
lucky biryani house,2,1,2,High,Conservative normalization
lucky caterers,2,2,2,Medium,Conservative normalization
lucky family restaurant,2,1,2,High,Conservative normalization
lunch bowl,2,2,2,Medium,Conservative normalization
luscious cakes,2,1,2,High,Conservative normalization
lush,2,1,2,High,Conservative normalization
luv bites bakery,2,1,1,High,Conservative normalization
m cafe,2,1,2,High,Conservative normalization
m kitchen,2,2,2,Medium,Conservative normalization
m r hotel,2,2,2,Medium,Conservative normalization
m s chinese,2,2,2,Medium,Conservative normalization
m s kwality foods,2,1,2,High,Conservative normalization
maa annapurna hotel,2,2,2,Medium,Conservative normalization
maa annapurna kitchen,2,2,2,Medium,Conservative normalization
maa annapurna ranna ghar,2,2,2,Medium,Conservative normalization
maa bhawani restaurant,2,2,2,Medium,Conservative normalization
maa ka dhaba,2,2,2,Medium,Conservative normalization
maa kali hotel,2,2,2,Medium,Conservative normalization
maa kali sweets,2,2,2,Medium,Conservative normalization
maa ke rasoi,2,2,2,Medium,Conservative normalization
maa kitchen,2,2,2,Medium,Conservative normalization
maa oori vanta fec,2,2,2,Medium,Conservative normalization
maa ooru biryani,2,1,2,High,Conservative normalization
maa palle vantakalu,2,2,2,Medium,Conservative normalization
maa reddy s hyderabadi biryani house,2,1,2,High,Conservative normalization
maa restaurant,2,2,2,Medium,Conservative normalization
maalgaadi retaurant since 2009,2,1,2,High,Conservative normalization
maayas sweets,2,2,2,Medium,Conservative normalization
mac n cheese,2,2,2,Medium,Conservative normalization
macarons cafe,2,1,2,High,Conservative normalization
machali,2,1,2,High,Conservative normalization
mad and co boba tea,2,1,2,High,Conservative normalization
mad burgers,2,1,2,High,Conservative normalization
mad cafe,2,2,2,Medium,Conservative normalization
mad chicken,2,2,2,Medium,Conservative normalization
mad for bar b que,2,1,2,High,Conservative normalization
mad for chicken,2,2,2,Medium,Conservative normalization
mad mex,2,1,2,High,Conservative normalization
mad on momos,2,2,2,Medium,Conservative normalization
mad over biryani,2,1,2,High,Conservative normalization
mad over grills,2,1,2,High,Conservative normalization
mad over maggi,2,2,2,Medium,Conservative normalization
mad pav bhaji,2,1,2,High,Conservative normalization
maddy s kitchen,2,2,2,Medium,Conservative normalization
made for you,2,2,2,Medium,Conservative normalization
made in andhra,2,1,2,High,Conservative normalization
made in china,2,2,2,Medium,Conservative normalization
made in punjab,2,1,2,High,Conservative normalization
made to order,2,1,2,High,Conservative normalization
madhav bakery,2,2,2,Medium,Conservative normalization
madhav fast food,2,1,2,High,Conservative normalization
madhav restaurant,2,1,2,High,Conservative normalization
madhuram dairy and sweets,2,1,2,High,Conservative normalization
madhuram sweets,2,1,2,High,Conservative normalization
madhurima restaurant,2,1,2,High,Conservative normalization
madina caterers,2,2,2,Medium,Conservative normalization
madouk cafe,2,2,2,Medium,Conservative normalization
madras biriyani,2,2,2,Medium,Conservative normalization
madras biryani,2,1,2,High,Conservative normalization
madras burger,2,2,2,Medium,Conservative normalization
madras dosa corner,2,2,2,Medium,Conservative normalization
madras dosa trusted and hygiene,2,2,2,Medium,Conservative normalization
madras hotel,2,2,2,Medium,Conservative normalization
madras idli shop,2,2,2,Medium,Conservative normalization
madras junction,2,1,2,High,Conservative normalization
madras kitchen,2,2,2,Medium,Conservative normalization
madras rasoi,2,2,2,Medium,Conservative normalization
madras restaurant,2,1,2,High,Conservative normalization
madras shawarma,2,2,2,Medium,Conservative normalization
madrasi dhaba,2,1,2,High,Conservative normalization
madrasi dosa corner,2,1,2,High,Conservative normalization
madrasi hotel,2,2,2,Medium,Conservative normalization
madraswala,2,2,2,Medium,Conservative normalization
madurai bun parotta,2,1,2,High,Conservative normalization
madurai dosa,2,2,2,Medium,Conservative normalization
madurai famous jigarthanda mfj,2,2,2,Medium,Conservative normalization
madurai kannappar chettinadu restaurant,2,1,2,High,Conservative normalization
madurai kari dosai,2,2,2,Medium,Conservative normalization
madurai muniyandi vilas,2,1,2,High,Conservative normalization
madurai pandian hotel,2,2,2,Medium,Conservative normalization
madurai parotta house,2,1,2,High,Conservative normalization
madurai sri thevar hotel,2,1,2,High,Conservative normalization
madurai vilakkuthoon hanifa jigarthanda,2,1,2,High,Conservative normalization
maggi adda,2,1,2,High,Conservative normalization
maggi house,2,1,2,High,Conservative normalization
maggi mania,2,2,2,Medium,Conservative normalization
maggi tale,2,1,2,High,Conservative normalization
maggi wonders,2,1,2,High,Conservative normalization
maggie in a bowl,2,2,2,Medium,Conservative normalization
maggie point,2,1,2,High,Conservative normalization
maggies kitchen,2,1,2,High,Conservative normalization
maggination,2,1,2,High,Conservative normalization
magic bites,2,2,2,Medium,Conservative normalization
magic bowl,2,1,2,High,Conservative normalization
magic chicken,2,1,2,High,Conservative normalization
magic food,2,2,2,Medium,Conservative normalization
magic kitchen,2,1,2,High,Conservative normalization
magic mikes burger therapy,2,2,2,Medium,Conservative normalization
magic noodles,2,1,2,High,Conservative normalization
magical biryani,2,1,2,High,Conservative normalization
magical khandeshi spice,2,1,2,High,Conservative normalization
magical misal,2,1,2,High,Conservative normalization
magical paratha s,2,1,2,High,Conservative normalization
magnolia bakery,2,1,2,High,Conservative normalization
magnum opus,2,1,2,High,Conservative normalization
mahadev food corner,2,2,2,Medium,Conservative normalization
mahalaxmi bakers,2,1,2,High,Conservative normalization
mahalaxmi kitchen,2,2,2,Medium,Conservative normalization
mahalaxmi pure veg,2,2,2,Medium,Conservative normalization
mahalaxmi sweets,2,1,2,High,Conservative normalization
mahalaxmi tiffins,2,1,2,High,Conservative normalization
maharaja bhog,2,2,2,Medium,Conservative normalization
maharaja family restaurant,2,2,2,Medium,Conservative normalization
maharaja fast food,2,2,2,Medium,Conservative normalization
maharaja sweets,2,2,2,Medium,Conservative normalization
maharaja wada,2,2,2,Medium,Conservative normalization
mahaveer restaurant,2,2,2,Medium,Conservative normalization
mahavir ice cream,2,2,2,Medium,Conservative normalization
mahi fast food,2,2,2,Medium,Conservative normalization
mahi momos,2,1,1,High,Conservative normalization
mahya frankie,2,1,2,High,Conservative normalization
mai wadewale,2,2,2,Medium,Conservative normalization
maiden shanghai,2,2,2,Medium,Conservative normalization
main street cafe,2,1,2,High,Conservative normalization
maini s green leaf,2,1,2,High,Conservative normalization
mainland punjab,2,1,2,High,Conservative normalization
mairaj kitchen kraft,2,1,2,High,Conservative normalization
maitri katta,2,1,2,High,Conservative normalization
maiz mexican kitchen,2,1,2,High,Conservative normalization
majestic bawarchi,2,2,2,Medium,Conservative normalization
makan restaurant,2,2,2,Medium,Conservative normalization
makers of milkshake,2,2,2,Medium,Conservative normalization
makhan bhog,2,1,2,High,Conservative normalization
makrand sweets and more,2,1,2,High,Conservative normalization
malabar biryani,2,2,2,Medium,Conservative normalization
malabar cafe,2,2,2,Medium,Conservative normalization
malabar express,2,1,2,High,Conservative normalization
malhar family restaurant and bar,2,2,2,Medium,Conservative normalization
malhar fresh,2,1,2,High,Conservative normalization
malhar hotel,2,1,2,High,Conservative normalization
malhar restaurant,2,2,2,Medium,Conservative normalization
malini s health kitchen,2,2,2,Medium,Conservative normalization
mallepally ka shawarma,2,2,2,Medium,Conservative normalization
mallus dhaba,2,2,2,Medium,Conservative normalization
malt,2,1,2,High,Conservative normalization
malvan tadka,2,1,2,High,Conservative normalization
mama biryani,2,2,2,Medium,Conservative normalization
mama loca,2,1,2,High,Conservative normalization
mama mia pizza,2,1,2,High,Conservative normalization
mama s maggi,2,1,2,High,Conservative normalization
mambo s recipe,2,1,2,High,Conservative normalization
mamledar misal,2,1,2,High,Conservative normalization
mamu s kitchen,2,2,2,Medium,Conservative normalization
mana voori charulu,2,1,2,High,Conservative normalization
manav vaishno dhaba,2,1,2,High,Conservative normalization
manchatti magic kitchen for healthy and homemade foods,2,1,2,High,Conservative normalization
mandarin express,2,2,2,Medium,Conservative normalization
mandarin kitchen,2,2,2,Medium,Conservative normalization
mandi 36,2,1,2,High,Conservative normalization
mandi croods,2,1,2,High,Conservative normalization
mandilicious,2,1,2,High,Conservative normalization
mane biriyani,2,2,2,Medium,Conservative normalization
mane ruchi,2,1,2,High,Conservative normalization
mangalore cafe,2,2,2,Medium,Conservative normalization
mangalore kitchen,2,2,2,Medium,Conservative normalization
mango,2,2,2,Medium,Conservative normalization
manhattan pizza,2,1,2,High,Conservative normalization
manis cafe,2,1,2,High,Conservative normalization
manish food point,2,2,2,Medium,Conservative normalization
manjushree upahara,2,2,2,Medium,Conservative normalization
mankar dosa center,2,2,2,Medium,Conservative normalization
mankar dosa centre,2,1,2,High,Conservative normalization
manna hotel,2,2,2,Medium,Conservative normalization
mannat,2,1,2,High,Conservative normalization
mannat bakers,2,1,1,High,Conservative normalization
mannheim coffee,2,1,2,High,Conservative normalization
mannlava restaurant and coffee day shop,2,1,2,High,Conservative normalization
manohar maharaj and sons,2,1,1,High,Conservative normalization
manoj fast food,2,1,2,High,Conservative normalization
mansalwa,2,2,2,Medium,Conservative normalization
mansukh s sweets and snacks,2,1,2,High,Conservative normalization
mansukhlal d mithaiwala,2,1,2,High,Conservative normalization
manu s kitchen,2,2,2,Medium,Conservative normalization
mapango pizza,2,1,2,High,Conservative normalization
mapino s pizza,2,1,2,High,Conservative normalization
maple and olive,2,2,2,Medium,Conservative normalization
maratha samrat,2,1,2,High,Conservative normalization
marbella s,2,1,2,High,Conservative normalization
marco polo,2,2,2,Medium,Conservative normalization
marhaba restaurant,2,2,2,Medium,Conservative normalization
marina nagaraj kulfi,2,2,2,Medium,Conservative normalization
marine drive cafe,2,1,2,High,Conservative normalization
marisco seafood carnival,2,1,2,High,Conservative normalization
mark s cafe,2,2,2,Medium,Conservative normalization
marky momos,2,1,2,High,Conservative normalization
marmaris,2,2,2,Medium,Conservative normalization
maroosh shawarma tikka biryani and more,2,2,2,Medium,Conservative normalization
maruthi restaurant,2,2,2,Medium,Conservative normalization
maruti restaurant,2,1,2,High,Conservative normalization
marvel cafe,2,2,2,Medium,Conservative normalization
marwar sweets,2,2,2,Medium,Conservative normalization
mary s kitchen,2,2,2,Medium,Conservative normalization
masala,2,1,2,High,Conservative normalization
masala box,2,1,2,High,Conservative normalization
masala cafe,2,1,2,High,Conservative normalization
masala canteen,2,1,2,High,Conservative normalization
masala chaska,2,1,2,High,Conservative normalization
masala corner,2,1,2,High,Conservative normalization
masala e handi since 1995,2,1,2,High,Conservative normalization
masala junction,2,2,2,Medium,Conservative normalization
masala king,2,1,2,High,Conservative normalization
masala library,2,1,2,High,Conservative normalization
masala magic,2,1,2,High,Conservative normalization
masala restaurant,2,1,2,High,Conservative normalization
masala station,2,1,2,High,Conservative normalization
masala stories,2,1,2,High,Conservative normalization
masala story,2,2,2,Medium,Conservative normalization
masala twist,2,2,2,Medium,Conservative normalization
masala wok,2,2,2,Medium,Conservative normalization
masala zone,2,2,2,Medium,Conservative normalization
masemari the fishing,2,1,2,High,Conservative normalization
mash restocafe,2,1,2,High,Conservative normalization
mashi biryani world,2,1,2,High,Conservative normalization
maska chaska,2,2,2,Medium,Conservative normalization
mast marathi,2,1,2,High,Conservative normalization
mast punjabi,2,2,2,Medium,Conservative normalization
master biryani,2,2,2,Medium,Conservative normalization
master chef kitchen,2,1,2,High,Conservative normalization
master chef s,2,1,2,High,Conservative normalization
master chefs,2,1,2,High,Conservative normalization
master shifu,2,1,2,High,Conservative normalization
masterchef,2,1,2,High,Conservative normalization
masters biryani n grill,2,1,2,High,Conservative normalization
masters pizza,2,1,2,High,Conservative normalization
mataam al yamani,2,1,2,High,Conservative normalization
match box,2,2,2,Medium,Conservative normalization
matchbox desi meals,2,1,2,High,Conservative normalization
matchstick masala,2,1,2,High,Conservative normalization
mathsya darshini,2,1,2,High,Conservative normalization
mathsyadarshini s new gfc,2,2,2,Medium,Conservative normalization
mathur s kitchen,2,1,2,High,Conservative normalization
matka biryani culture,2,1,2,High,Conservative normalization
matka chai cafe,2,2,2,Medium,Conservative normalization
matki by masala gali,2,2,2,Medium,Conservative normalization
matoshree bhel,2,1,2,High,Conservative normalization
matoshri bhel,2,2,2,Medium,Conservative normalization
matuki restaurant,2,1,2,High,Conservative normalization
mauli bhel and chat,2,1,2,High,Conservative normalization
mauli kolhapuri misal,2,1,2,High,Conservative normalization
max kitchen,2,1,2,High,Conservative normalization
max shawarma,2,1,2,High,Conservative normalization
maya fast food,2,2,2,Medium,Conservative normalization
mayabazar,2,2,2,Medium,Conservative normalization
mayka food palace,2,1,2,High,Conservative normalization
mayur bakers,2,2,2,Medium,Conservative normalization
mayur bhajiya,2,1,2,High,Conservative normalization
mayur pan shop,2,1,2,High,Conservative normalization
mazaya express,2,2,2,Medium,Conservative normalization
mba chaiwala,2,2,2,Medium,Conservative normalization
mbbs khichdi,2,2,2,Medium,Conservative normalization
mbm vadapav,2,1,2,High,Conservative normalization
mcbc midnight cravings beyond control,2,2,2,Medium,Conservative normalization
mcroll express,2,1,2,High,Conservative normalization
mdh masala legendry culinary kitchen since 1960,2,1,2,High,Conservative normalization
mdp coffee house,2,1,2,High,Conservative normalization
meal 99,2,2,2,Medium,Conservative normalization
meal for you the healthy food adda,2,1,2,High,Conservative normalization
meal on deal,2,1,2,High,Conservative normalization
meal on wheel,2,2,2,Medium,Conservative normalization
meal prep india,2,1,2,High,Conservative normalization
meal studio,2,1,2,High,Conservative normalization
meals mania,2,2,2,Medium,Conservative normalization
meat com,2,2,2,Medium,Conservative normalization
meat master,2,1,2,High,Conservative normalization
meat n tasty,2,2,2,Medium,Conservative normalization
meatwale com,2,2,2,Medium,Conservative normalization
medha malvan,2,1,2,High,Conservative normalization
medhekar misal,2,2,2,Medium,Conservative normalization
mediterranean delights,2,1,2,High,Conservative normalization
meen satti,2,2,2,Medium,Conservative normalization
meena dhaba,2,2,2,Medium,Conservative normalization
meera restaurant,2,2,2,Medium,Conservative normalization
meera s kitchen,2,1,2,High,Conservative normalization
meethe miya,2,2,2,Medium,Conservative normalization
mega bite,2,2,2,Medium,Conservative normalization
megna restaurant,2,1,2,High,Conservative normalization
mehak e punjab,2,2,2,Medium,Conservative normalization
mehek biryani,2,1,2,High,Conservative normalization
mehfil e biryani,2,2,2,Medium,Conservative normalization
mehfil india,2,2,2,Medium,Conservative normalization
mehfil indian,2,2,2,Medium,Conservative normalization
mehk e awadh,2,2,2,Medium,Conservative normalization
mehmaan restaurant,2,2,2,Medium,Conservative normalization
mejwani,2,1,2,High,Conservative normalization
melting hearts,2,2,2,Medium,Conservative normalization
melting memories,2,2,2,Medium,Conservative normalization
melting moments,2,2,2,Medium,Conservative normalization
mendy s burger,2,1,2,High,Conservative normalization
mendys panipuri,2,1,2,High,Conservative normalization
mendys pizza,2,1,2,High,Conservative normalization
merak the cake shop,2,1,2,High,Conservative normalization
meraki kitchen,2,2,2,Medium,Conservative normalization
meri maggi,2,1,2,High,Conservative normalization
meridian ice cream,2,1,2,High,Conservative normalization
meridian restaurant,2,1,2,High,Conservative normalization
metro,2,1,2,High,Conservative normalization
metro fast food,2,1,2,High,Conservative normalization
metro food court,2,2,2,Medium,Conservative normalization
mexibay mexican kitchen,2,1,2,High,Conservative normalization
mexican grill subs,2,1,2,High,Conservative normalization
mexican pizza,2,2,2,Medium,Conservative normalization
mezbaan biryani,2,1,2,High,Conservative normalization
mezbaan by hawks hospitality,2,1,2,High,Conservative normalization
mezban restaurant,2,1,2,High,Conservative normalization
mi food centre,2,2,2,Medium,Conservative normalization
michael s icecream burger,2,1,2,High,Conservative normalization
mid night chinese,2,1,2,High,Conservative normalization
mid point cafe,2,2,2,Medium,Conservative normalization
mid street express,2,1,2,High,Conservative normalization
midnight adda,2,1,2,High,Conservative normalization
midnight chef,2,2,2,Medium,Conservative normalization
midnight chicken center,2,1,2,High,Conservative normalization
midnight express,2,2,2,Medium,Conservative normalization
midnight foodies,2,2,2,Medium,Conservative normalization
midnight hunger,2,2,2,Medium,Conservative normalization
midnight kitchen,2,2,2,Medium,Conservative normalization
mighty bites,2,2,2,Medium,Conservative normalization
milanee s kitchen,2,1,1,High,Conservative normalization
milk o shakes,2,2,2,Medium,Conservative normalization
milk shake factory,2,2,2,Medium,Conservative normalization
milk shake house,2,2,2,Medium,Conservative normalization
milkshake buffin,2,1,2,High,Conservative normalization
milkshake cafe,2,2,2,Medium,Conservative normalization
milkshake corner,2,2,2,Medium,Conservative normalization
milkshake factory,2,2,2,Medium,Conservative normalization
milkshake house,2,2,2,Medium,Conservative normalization
millennials,2,1,2,High,Conservative normalization
millet marvels,2,1,2,High,Conservative normalization
millie s,2,2,2,Medium,Conservative normalization
minerva ice cream,2,1,1,High,Conservative normalization
mings wok,2,2,2,Medium,Conservative normalization
mini cafe,2,2,2,Medium,Conservative normalization
mini chinese corner,2,2,2,Medium,Conservative normalization
mini kitchen,2,2,2,Medium,Conservative normalization
ministry of eggs,2,1,2,High,Conservative normalization
ministry of momos,2,1,2,High,Conservative normalization
mint,2,1,2,High,Conservative normalization
minus 30,2,2,2,Medium,Conservative normalization
mirchi chaats,2,2,2,Medium,Conservative normalization
mirchi express,2,2,2,Medium,Conservative normalization
mirchi kebabs,2,2,2,Medium,Conservative normalization
mirchi tadka,2,1,2,High,Conservative normalization
mischief,2,1,2,High,Conservative normalization
mise en place cafe,2,2,2,Medium,Conservative normalization
mishmash,2,1,2,High,Conservative normalization
mishri sweets,2,2,2,Medium,Conservative normalization
mishti affair,2,1,2,High,Conservative normalization
mishti mahal,2,2,2,Medium,Conservative normalization
mister gulati bakers,2,1,2,High,Conservative normalization
mistimukh,2,2,2,Medium,Conservative normalization
mitha and pitha,2,2,2,Medium,Conservative normalization
mithai and more,2,2,2,Medium,Conservative normalization
mithai express,2,2,2,Medium,Conservative normalization
mithaiwala,2,1,2,High,Conservative normalization
mithaiwale,2,1,2,High,Conservative normalization
mitra da dhaba,2,2,2,Medium,Conservative normalization
mitra mandali,2,2,2,Medium,Conservative normalization
mitraa di chaap,2,1,2,High,Conservative normalization
mk snacky bites,2,2,2,Medium,Conservative normalization
mlf franco,2,2,2,Medium,Conservative normalization
mmq biryani and kebab center,2,1,2,High,Conservative normalization
mobile fish parlour,2,1,2,High,Conservative normalization
mocha cafe and bar,2,2,2,Medium,Conservative normalization
mocktail house,2,2,2,Medium,Conservative normalization
modern bakers,2,1,2,High,Conservative normalization
modern cafe,2,1,2,High,Conservative normalization
modern lunch home,2,2,2,Medium,Conservative normalization
modi sandwich and pizza,2,2,2,Medium,Conservative normalization
moghuls paradiez,2,1,2,High,Conservative normalization
mogli s coffee,2,1,2,High,Conservative normalization
mohammed sulaiman biriyani,2,1,2,High,Conservative normalization
mohan foods,2,1,2,High,Conservative normalization
mohan s dhaba,2,2,2,Medium,Conservative normalization
mohan sweets,2,1,2,High,Conservative normalization
mohd sultan ande wala,2,1,2,High,Conservative normalization
mohit dhaba,2,1,2,High,Conservative normalization
mokafe,2,2,2,Medium,Conservative normalization
moksh pure veg,2,1,2,High,Conservative normalization
mom made,2,1,2,High,Conservative normalization
mom s cuisine,2,2,2,Medium,Conservative normalization
mom s food factory,2,2,2,Medium,Conservative normalization
mom s recipe,2,2,2,Medium,Conservative normalization
moments cafe,2,1,2,High,Conservative normalization
momo and adda,2,2,2,Medium,Conservative normalization
momo and pizza point,2,1,2,High,Conservative normalization
momo chao,2,1,2,High,Conservative normalization
momo city express,2,1,2,High,Conservative normalization
momo ji,2,2,2,Medium,Conservative normalization
momo joint,2,1,2,High,Conservative normalization
momo jomo,2,1,2,High,Conservative normalization
momo lounge,2,1,2,High,Conservative normalization
momo lovers,2,2,2,Medium,Conservative normalization
momo mami,2,1,2,High,Conservative normalization
momo man,2,1,2,High,Conservative normalization
momo master,2,2,2,Medium,Conservative normalization
momo plaza,2,2,2,Medium,Conservative normalization
momo restaurants,2,1,2,High,Conservative normalization
momo rice noodles,2,1,2,High,Conservative normalization
momo s corner,2,1,2,High,Conservative normalization
momo s house,2,2,2,Medium,Conservative normalization
momo shack,2,2,2,Medium,Conservative normalization
momo shop,2,2,2,Medium,Conservative normalization
momo story,2,1,2,High,Conservative normalization
momo town,2,1,2,High,Conservative normalization
momoholic,2,2,2,Medium,Conservative normalization
momolings,2,1,2,High,Conservative normalization
momology,2,1,2,High,Conservative normalization
momoman urban chowk,2,1,2,High,Conservative normalization
momopoly,2,2,2,Medium,Conservative normalization
momopoly by little skillet,2,1,2,High,Conservative normalization
momos delight,2,2,2,Medium,Conservative normalization
momos grill,2,2,2,Medium,Conservative normalization
momos kingdom,2,1,2,High,Conservative normalization
momos love,2,1,2,High,Conservative normalization
momos n chinese,2,1,2,High,Conservative normalization
momos queen,2,2,2,Medium,Conservative normalization
momos yum yum,2,2,2,Medium,Conservative normalization
momoya,2,1,2,High,Conservative normalization
momozed,2,2,2,Medium,Conservative normalization
moms food,2,2,2,Medium,Conservative normalization
mona s kitchen,2,1,2,High,Conservative normalization
monginis the cake shop,2,1,2,High,Conservative normalization
monika ice cream,2,1,2,High,Conservative normalization
monk,2,1,2,High,Conservative normalization
monkey fries,2,1,2,High,Conservative normalization
monster pizza,2,2,2,Medium,Conservative normalization
montreal plaza,2,1,2,High,Conservative normalization
mood for food,2,2,2,Medium,Conservative normalization
moolchand dhaba since 1979,2,2,2,Medium,Conservative normalization
moon light,2,2,2,Medium,Conservative normalization
moonlight,2,2,2,Medium,Conservative normalization
moonlight kitchen,2,2,2,Medium,Conservative normalization
moonlight restaurant,2,2,2,Medium,Conservative normalization
moonlight takeaway,2,1,2,High,Conservative normalization
morning delight,2,2,2,Medium,Conservative normalization
morya cheese tuck,2,2,2,Medium,Conservative normalization
morya misal,2,1,2,High,Conservative normalization
mos mad over spices,2,2,2,Medium,Conservative normalization
moshi moshi,2,1,2,High,Conservative normalization
motel madhuban,2,1,1,High,Conservative normalization
mother india,2,1,2,High,Conservative normalization
mother s love,2,1,2,High,Conservative normalization
mother s special,2,2,2,Medium,Conservative normalization
mother s tawa,2,2,2,Medium,Conservative normalization
moti mahal delux legendary culinary,2,1,2,High,Conservative normalization
moti mahal express,2,1,2,High,Conservative normalization
moti mahal social,2,1,2,High,Conservative normalization
mouchak restaurant,2,2,2,Medium,Conservative normalization
mozzarella,2,1,2,High,Conservative normalization
mr bean cafe and restro,2,2,2,Medium,Conservative normalization
mr bean s pizza,2,2,2,Medium,Conservative normalization
mr been cafe,2,2,2,Medium,Conservative normalization
mr bombay burger cafe,2,1,2,High,Conservative normalization
mr cafe,2,2,2,Medium,Conservative normalization
mr chaiwala,2,2,2,Medium,Conservative normalization
mr choww,2,2,2,Medium,Conservative normalization
mr cool,2,2,2,Medium,Conservative normalization
mr crust bakers,2,2,2,Medium,Conservative normalization
mr foody,2,2,2,Medium,Conservative normalization
mr india,2,1,2,High,Conservative normalization
mr james,2,2,2,Medium,Conservative normalization
mr juice,2,1,2,High,Conservative normalization
mr king,2,1,2,High,Conservative normalization
mr kulcha,2,2,2,Medium,Conservative normalization
mr lee,2,2,2,Medium,Conservative normalization
mr pizza and cafe,2,2,2,Medium,Conservative normalization
mr pizza wala,2,2,2,Medium,Conservative normalization
mr pizzawala,2,2,2,Medium,Conservative normalization
mr puff,2,1,2,High,Conservative normalization
mr quilo,2,1,2,High,Conservative normalization
mr sendy,2,2,2,Medium,Conservative normalization
mr shake,2,2,2,Medium,Conservative normalization
mr shakes,2,2,2,Medium,Conservative normalization
mr snax,2,2,2,Medium,Conservative normalization
mr thali,2,2,2,Medium,Conservative normalization
mr waiter,2,2,2,Medium,Conservative normalization
mr wok,2,2,2,Medium,Conservative normalization
mrcb restaurant,2,1,2,High,Conservative normalization
ms cafe,2,2,2,Medium,Conservative normalization
mubaraka dum biriyani,2,2,2,Medium,Conservative normalization
muddapappu avakaya and more,2,2,2,Medium,Conservative normalization
mugal darbar,2,1,2,High,Conservative normalization
mughal,2,1,2,High,Conservative normalization
mughal affair,2,1,2,High,Conservative normalization
mughal bawarchi,2,1,2,High,Conservative normalization
mughal biriyani,2,1,2,High,Conservative normalization
mughal e azam,2,2,2,Medium,Conservative normalization
mughal e yani,2,1,2,High,Conservative normalization
mughal zaika,2,2,2,Medium,Conservative normalization
mughlai grillz,2,2,2,Medium,Conservative normalization
mughlai hut,2,2,2,Medium,Conservative normalization
mughlai huttz,2,1,2,High,Conservative normalization
mujtaba grills,2,1,2,High,Conservative normalization
mulbagal dosa corner,2,2,2,Medium,Conservative normalization
multani biryani,2,1,2,High,Conservative normalization
multani paratha,2,1,2,High,Conservative normalization
mumbai 99 variety dosa and pav bhaji,2,2,2,Medium,Conservative normalization
mumbai bites,2,1,2,High,Conservative normalization
mumbai chat,2,2,2,Medium,Conservative normalization
mumbai chingo chinese,2,2,2,Medium,Conservative normalization
mumbai masalaa,2,1,2,High,Conservative normalization
mumbai pav bhaji,2,1,2,High,Conservative normalization
mumbai vada pav no 1,2,2,2,Medium,Conservative normalization
mumbai vadapav,2,2,2,Medium,Conservative normalization
mumbai wala burger,2,2,2,Medium,Conservative normalization
mumbai zaika,2,2,2,Medium,Conservative normalization
mumma s food,2,2,2,Medium,Conservative normalization
mummy s kulfi,2,2,2,Medium,Conservative normalization
mummy special kitchen,2,1,1,High,Conservative normalization
mummys kitchen,2,2,2,Medium,Conservative normalization
munch,2,1,2,High,Conservative normalization
muradabadi shahi biryani and chicken corner,2,2,2,Medium,Conservative normalization
muradabadi shahi chicken corner,2,2,2,Medium,Conservative normalization
murli military hotel,2,1,2,High,Conservative normalization
murliwala bakers,2,1,2,High,Conservative normalization
murthal no 1 parantha,2,1,2,High,Conservative normalization
murthal paratha or chur naan since 2007,2,1,2,High,Conservative normalization
murthal parathawala,2,2,2,Medium,Conservative normalization
muscleholics,2,2,2,Medium,Conservative normalization
must eat,2,1,2,High,Conservative normalization
must eat shawarma and salad s,2,1,2,High,Conservative normalization
mutton junction,2,2,2,Medium,Conservative normalization
my bakers,2,2,2,Medium,Conservative normalization
my bakery,2,1,2,High,Conservative normalization
my big fat belly,2,1,2,High,Conservative normalization
my bowl,2,2,2,Medium,Conservative normalization
my cake shop,2,2,2,Medium,Conservative normalization
my choice bakery,2,2,2,Medium,Conservative normalization
my dream cafe,2,1,2,High,Conservative normalization
my fishing boat,2,2,2,Medium,Conservative normalization
my momo,2,1,2,High,Conservative normalization
my spice kitchen,2,2,2,Medium,Conservative normalization
my tea chapel pinsa pizza waffles,2,1,2,High,Conservative normalization
my tiffin,2,2,2,Medium,Conservative normalization
myilai,2,1,2,High,Conservative normalization
myo pizza,2,1,2,High,Conservative normalization
myo pop chicks,2,2,2,Medium,Conservative normalization
myo shake,2,2,2,Medium,Conservative normalization
myra s kitchen,2,1,2,High,Conservative normalization
mysore dhonne biriyani,2,1,2,High,Conservative normalization
mysore express,2,1,2,High,Conservative normalization
mysore mylari,2,1,2,High,Conservative normalization
mystiq foods by the cascade,2,1,2,High,Conservative normalization
n dine,2,2,2,Medium,Conservative normalization
n village,2,1,2,High,Conservative normalization
naanzeria the pizza naan co,2,1,2,High,Conservative normalization
nabadwip sweets,2,1,2,High,Conservative normalization
nadan thattukada,2,2,2,Medium,Conservative normalization
nafees cakes and grill,2,1,2,High,Conservative normalization
nafees restaurant,2,2,2,Medium,Conservative normalization
naga kitchen,2,1,2,High,Conservative normalization
nagori tea station,2,2,2,Medium,Conservative normalization
nagpal dhaba,2,1,2,High,Conservative normalization
nagpals chole bhature,2,2,2,Medium,Conservative normalization
nagpurian bakers,2,1,2,High,Conservative normalization
nahdi kuzhi mandi,2,2,2,Medium,Conservative normalization
nahdi kuzhimandi,2,1,2,High,Conservative normalization
naidu andhra mess,2,1,2,High,Conservative normalization
naidu gari vindu,2,1,2,High,Conservative normalization
nakshatra pure veg,2,1,2,High,Conservative normalization
namaste asia pan asian fusion,2,1,2,High,Conservative normalization
namaste desi,2,1,2,High,Conservative normalization
namaste italy,2,2,2,Medium,Conservative normalization
namaste kolkatta kati rolls,2,1,2,High,Conservative normalization
namaste punjab,2,1,2,High,Conservative normalization
namaste rasoi,2,1,2,High,Conservative normalization
namma madurai,2,1,2,High,Conservative normalization
namma pastries,2,2,2,Medium,Conservative normalization
namma spot,2,2,2,Medium,Conservative normalization
namma veetu biryani,2,1,2,High,Conservative normalization
namma vettu biryani,2,2,2,Medium,Conservative normalization
nammura donne biriyani,2,1,2,High,Conservative normalization
namrata s kitchen,2,2,2,Medium,Conservative normalization
nandanam restaurant,2,1,2,High,Conservative normalization
nandri south indian restaurant,2,1,2,High,Conservative normalization
nandus kitchen,2,2,2,Medium,Conservative normalization
nani s kitchen,2,1,2,High,Conservative normalization
nanikhazana,2,1,2,High,Conservative normalization
nanking chinese restaurant,2,1,2,High,Conservative normalization
narula bakery,2,1,2,High,Conservative normalization
nasar idiyappa paya unavagam,2,1,2,High,Conservative normalization
nashta wala,2,2,2,Medium,Conservative normalization
nasta ghar,2,1,2,High,Conservative normalization
nasta house,2,2,2,Medium,Conservative normalization
nasta special,2,2,2,Medium,Conservative normalization
natch,2,1,2,High,Conservative normalization
nathu sweets,2,1,2,High,Conservative normalization
nati ruchi,2,1,2,High,Conservative normalization
national fast food,2,2,2,Medium,Conservative normalization
natraj bhel,2,2,2,Medium,Conservative normalization
natraj ice cream,2,1,2,High,Conservative normalization
naturaas,2,1,2,High,Conservative normalization
natural juice,2,1,2,High,Conservative normalization
natural juice house,2,1,2,High,Conservative normalization
nature cafe,2,1,2,High,Conservative normalization
nature s cafe,2,2,2,Medium,Conservative normalization
navaab saab 24 7 kitchen,2,1,2,High,Conservative normalization
navayuga family restaurant,2,1,2,High,Conservative normalization
navrang,2,1,2,High,Conservative normalization
nawab ke kebab,2,1,2,High,Conservative normalization
nawab s,2,1,2,High,Conservative normalization
nawab s kitchen,2,2,2,Medium,Conservative normalization
nawab shawarma,2,2,2,Medium,Conservative normalization
nawabi chicken,2,1,2,High,Conservative normalization
nawabi kebabs by fml,2,1,2,High,Conservative normalization
nawabi kitchen,2,1,2,High,Conservative normalization
naya daur,2,2,2,Medium,Conservative normalization
nazeer delicacies,2,1,2,High,Conservative normalization
neat shakes,2,1,2,High,Conservative normalization
neelam restaurant,2,1,2,High,Conservative normalization
neelam s kitchen,2,1,2,High,Conservative normalization
neelam sandwich and pizza,2,1,2,High,Conservative normalization
neelkamal restaurant,2,1,2,High,Conservative normalization
neelkanth sweets,2,2,2,Medium,Conservative normalization
neer kombucha,2,1,2,High,Conservative normalization
nellai karupatti coffee,2,1,2,High,Conservative normalization
nepali momo junction,2,1,2,High,Conservative normalization
nest,2,2,2,Medium,Conservative normalization
new agarwal bhavan,2,1,2,High,Conservative normalization
new alka restaurant,2,1,2,High,Conservative normalization
new ambur hot dum biryani,2,1,2,High,Conservative normalization
new aminiya biryani,2,2,2,Medium,Conservative normalization
new andhra meals hotel,2,1,2,High,Conservative normalization
new apna family restaurant,2,1,2,High,Conservative normalization
new ashoka restaurant,2,1,2,High,Conservative normalization
new awadh fast food point,2,2,2,Medium,Conservative normalization
new basanta cabin,2,2,2,Medium,Conservative normalization
new bela arsalan biryani house,2,1,2,High,Conservative normalization
new bera samosa house,2,1,2,High,Conservative normalization
new bharat sweets,2,1,2,High,Conservative normalization
new biryani house,2,1,2,High,Conservative normalization
new bombay sweets,2,2,2,Medium,Conservative normalization
new chappan bhog bistupur,2,1,1,High,Conservative normalization
new chawla chicken,2,1,2,High,Conservative normalization
new chennai cafe,2,1,2,High,Conservative normalization
new chinese corner,2,2,2,Medium,Conservative normalization
new chinese hut,2,2,2,Medium,Conservative normalization
new darbar family restaurant,2,2,2,Medium,Conservative normalization
new day,2,1,2,High,Conservative normalization
new delhi chaap,2,2,2,Medium,Conservative normalization
new donne biriyani mane,2,2,2,Medium,Conservative normalization
new eagle restaurant,2,1,2,High,Conservative normalization
new egg zone,2,1,2,High,Conservative normalization
new gangour sweets,2,1,1,High,Conservative normalization
new gangour sweets adityapur,2,1,1,High,Conservative normalization
new gangour sweets bistupur,2,1,1,High,Conservative normalization
new gfc hotel,2,2,2,Medium,Conservative normalization
new haji sahab,2,2,2,Medium,Conservative normalization
new hari om juice bar,2,2,2,Medium,Conservative normalization
new hot lips,2,1,2,High,Conservative normalization
new hyderabadi biryani,2,2,2,Medium,Conservative normalization
new hyderabadi dum biryani,2,1,2,High,Conservative normalization
new iyengar bakery and sweets,2,2,2,Medium,Conservative normalization
new janta restaurant,2,1,2,High,Conservative normalization
new kabab zone,2,2,2,Medium,Conservative normalization
new kalika,2,1,2,High,Conservative normalization
new kathiyawadi dhaba,2,2,2,Medium,Conservative normalization
new kritunga restaurant,2,1,2,High,Conservative normalization
new lazeez,2,2,2,Medium,Conservative normalization
new mirch masala,2,2,2,Medium,Conservative normalization
new noodle king,2,1,2,High,Conservative normalization
new peacock restaurant,2,1,2,High,Conservative normalization
new pizza hut,2,2,2,Medium,Conservative normalization
new pizza planet,2,1,2,High,Conservative normalization
new poona bakery and cafe,2,2,2,Medium,Conservative normalization
new poona bakery cafe,2,2,2,Medium,Conservative normalization
new punjabi hotel,2,1,2,High,Conservative normalization
new punjabi rasoi,2,1,2,High,Conservative normalization
new punjabi tadka,2,1,2,High,Conservative normalization
new punjabi vaishno dhaba,2,2,2,Medium,Conservative normalization
new punjabi veg restaurant,2,1,2,High,Conservative normalization
new rangoli restaurant,2,2,2,Medium,Conservative normalization
new red chilly,2,1,2,High,Conservative normalization
new royal biriyani,2,1,2,High,Conservative normalization
new santosh family dhaba,2,1,2,High,Conservative normalization
new sapna sandwich and pizza,2,2,2,Medium,Conservative normalization
new sardar ji malai chaap,2,1,2,High,Conservative normalization
new shalimar restaurant,2,1,2,High,Conservative normalization
new shama dhaba,2,2,2,Medium,Conservative normalization
new shanthi sagar,2,1,2,High,Conservative normalization
new sheetal restaurant,2,1,2,High,Conservative normalization
new sher e punjab hotel,2,2,2,Medium,Conservative normalization
new shere punjab,2,2,2,Medium,Conservative normalization
new shimla biryani,2,1,2,High,Conservative normalization
new sizzling snacks and bakery,2,2,2,Medium,Conservative normalization
new sri balaji bhavan,2,1,2,High,Conservative normalization
new surya sweets and snacks,2,2,2,Medium,Conservative normalization
new udupi garden veg,2,1,2,High,Conservative normalization
new udupi upahar,2,1,2,High,Conservative normalization
new udupi upahara,2,2,2,Medium,Conservative normalization
new wings,2,2,2,Medium,Conservative normalization
new yadav restaurant,2,1,2,High,Conservative normalization
new york burrito company,2,1,2,High,Conservative normalization
new york pizza,2,1,2,High,Conservative normalization
new zaika,2,2,2,Medium,Conservative normalization
new zaika biryani,2,1,2,High,Conservative normalization
new zaika restaurant,2,2,2,Medium,Conservative normalization
newyork sandwich,2,2,2,Medium,Conservative normalization
nfc,2,1,2,High,Conservative normalization
nfc food funda,2,2,2,Medium,Conservative normalization
nh 7 high way restaurants,2,1,2,High,Conservative normalization
nh8,2,1,2,High,Conservative normalization
nicky s cafe and fine pastries,2,2,2,Medium,Conservative normalization
night cravings,2,1,2,High,Conservative normalization
night eat,2,2,2,Medium,Conservative normalization
night feast,2,1,2,High,Conservative normalization
night out,2,2,2,Medium,Conservative normalization
night out food center,2,2,2,Medium,Conservative normalization
night riders,2,2,2,Medium,Conservative normalization
night world popular cafe,2,1,2,High,Conservative normalization
nigth kitchen king,2,2,2,Medium,Conservative normalization
nihari house,2,2,2,Medium,Conservative normalization
nik bakers,2,1,2,High,Conservative normalization
nikhara biryani,2,1,2,High,Conservative normalization
nikhil restaurant,2,2,2,Medium,Conservative normalization
nikka punjab,2,1,2,High,Conservative normalization
nikkis,2,2,2,Medium,Conservative normalization
nin hao,2,1,2,High,Conservative normalization
nine dragon,2,2,2,Medium,Conservative normalization
nirvana restaurant,2,2,2,Medium,Conservative normalization
nithya amirtham sweets,2,1,2,High,Conservative normalization
nix area,2,2,2,Medium,Conservative normalization
niyaaz,2,1,2,High,Conservative normalization
nizam s biryani,2,1,2,High,Conservative normalization
nizam s kitchen,2,2,2,Medium,Conservative normalization
nizams biryani,2,2,2,Medium,Conservative normalization
nizams kitchen,2,1,2,High,Conservative normalization
nizams kitchens,2,1,2,High,Conservative normalization
no sugar please sweets and juices,2,1,2,High,Conservative normalization
nolita,2,1,2,High,Conservative normalization
non veg king,2,2,2,Medium,Conservative normalization
non veg tadka,2,2,2,Medium,Conservative normalization
nonna s patisserie,2,1,2,High,Conservative normalization
noodle box,2,2,2,Medium,Conservative normalization
noodle hut,2,2,2,Medium,Conservative normalization
noodle king asian bowls,2,1,2,High,Conservative normalization
noodle station,2,1,2,High,Conservative normalization
noodles and co,2,1,2,High,Conservative normalization
noodles and more,2,2,2,Medium,Conservative normalization
noodles corner,2,1,2,High,Conservative normalization
noodles lover,2,2,2,Medium,Conservative normalization
noon to moon,2,1,2,High,Conservative normalization
noor fast food,2,1,2,High,Conservative normalization
noor kitchen,2,2,2,Medium,Conservative normalization
noor snacks,2,2,2,Medium,Conservative normalization
noorani by nihari,2,1,2,High,Conservative normalization
north chappathi veg restaurant,2,2,2,Medium,Conservative normalization
north indian bhukkads nib,2,2,2,Medium,Conservative normalization
north indian bites,2,1,2,High,Conservative normalization
north indian trail,2,1,2,High,Conservative normalization
north street,2,2,2,Medium,Conservative normalization
nosh cafe,2,2,2,Medium,Conservative normalization
noshi yum asian delivery,2,1,2,High,Conservative normalization
not just paranthas,2,1,2,High,Conservative normalization
noto healty ice cream,2,1,2,High,Conservative normalization
nourishyam the green chef,2,2,2,Medium,Conservative normalization
novelty s cafe 106,2,2,2,Medium,Conservative normalization
nrs anand tiffins,2,1,2,High,Conservative normalization
nrs cafe nandini,2,1,2,High,Conservative normalization
ns kitchen,2,2,2,Medium,Conservative normalization
nsag,2,1,2,High,Conservative normalization
nu sagar,2,1,2,High,Conservative normalization
nukkad bites,2,1,2,High,Conservative normalization
nukkar dhaba,2,2,2,Medium,Conservative normalization
nutri narcos,2,1,2,High,Conservative normalization
nutrivoltz,2,1,2,High,Conservative normalization
nyc pie,2,1,2,High,Conservative normalization
nypf new york pizza factory,2,1,2,High,Conservative normalization
o cakes,2,2,2,Medium,Conservative normalization
o chicken india oil free healthy chicken,2,1,2,High,Conservative normalization
o chinese meals box,2,2,2,Medium,Conservative normalization
o my gyro,2,2,2,Medium,Conservative normalization
o street,2,1,2,High,Conservative normalization
o4h order for health,2,1,2,High,Conservative normalization
oakleaf,2,1,2,High,Conservative normalization
oaramehas cake shop,2,1,2,High,Conservative normalization
oasis,2,1,2,High,Conservative normalization
occasion,2,1,2,High,Conservative normalization
ocean of bbq,2,1,2,High,Conservative normalization
octa food,2,2,2,Medium,Conservative normalization
od pizza,2,1,2,High,Conservative normalization
odisha food corner,2,1,2,High,Conservative normalization
odisha hotel,2,1,2,High,Conservative normalization
odisha spice,2,1,2,High,Conservative normalization
odisha swadisth,2,1,2,High,Conservative normalization
officer s kitchen,2,1,2,High,Conservative normalization
oh bambai,2,2,2,Medium,Conservative normalization
oh biryani,2,1,2,High,Conservative normalization
oh la la,2,2,2,Medium,Conservative normalization
oh live pizza,2,2,2,Medium,Conservative normalization
oh mumbai,2,1,2,High,Conservative normalization
oh my biryani,2,1,2,High,Conservative normalization
oh my juice,2,1,2,High,Conservative normalization
oho shawarma,2,1,2,High,Conservative normalization
old al baik,2,1,2,High,Conservative normalization
old delhi kitchen llp,2,1,2,High,Conservative normalization
old mohan murge wala,2,2,2,Medium,Conservative normalization
old school cafe,2,1,2,High,Conservative normalization
old town pizza,2,2,2,Medium,Conservative normalization
olive and basil,2,1,2,High,Conservative normalization
olive garden,2,1,2,High,Conservative normalization
olive kitchen,2,1,2,High,Conservative normalization
olive multicuisine restaurant,2,1,1,High,Conservative normalization
olive n basil,2,2,2,Medium,Conservative normalization
olives pizza,2,1,2,High,Conservative normalization
om bakery,2,1,2,High,Conservative normalization
om bikaner sweets and snacks,2,2,2,Medium,Conservative normalization
om chaap corner,2,1,2,High,Conservative normalization
om chinese,2,1,2,High,Conservative normalization
om eating point,2,2,2,Medium,Conservative normalization
om food plaza,2,1,2,High,Conservative normalization
om food point,2,1,2,High,Conservative normalization
om hotel and restaurant,2,1,2,High,Conservative normalization
om sai bakery,2,1,2,High,Conservative normalization
om sai bhojnalaya,2,2,2,Medium,Conservative normalization
om sai family restaurant,2,1,2,High,Conservative normalization
om sai muneshwara andhra mess,2,1,2,High,Conservative normalization
om sai paratha,2,1,2,High,Conservative normalization
om sai rasoi,2,1,2,High,Conservative normalization
om sai restaurant,2,2,2,Medium,Conservative normalization
om shakti saoji bhojnalaya,2,1,2,High,Conservative normalization
om shiv bhandar,2,1,2,High,Conservative normalization
om shree paan darbar,2,1,2,High,Conservative normalization
omelette junction,2,2,2,Medium,Conservative normalization
on tea,2,1,2,High,Conservative normalization
on the rocks,2,2,2,Medium,Conservative normalization
once upon a flame,2,1,2,High,Conservative normalization
once upon a noodle by ambuja neotia,2,1,2,High,Conservative normalization
one bite cafe,2,2,2,Medium,Conservative normalization
one bite family restaurant,2,1,2,High,Conservative normalization
one for the road,2,1,2,High,Conservative normalization
one more scoop,2,2,2,Medium,Conservative normalization
one more sip,2,2,2,Medium,Conservative normalization
oneness cooks,2,1,2,High,Conservative normalization
online chai wala,2,1,2,High,Conservative normalization
online kitchen,2,2,2,Medium,Conservative normalization
only beef,2,2,2,Medium,Conservative normalization
only biryani,2,1,2,High,Conservative normalization
only momos,2,1,2,High,Conservative normalization
only non veg chinese,2,2,2,Medium,Conservative normalization
only parathas,2,2,2,Medium,Conservative normalization
only thalis com,2,1,2,High,Conservative normalization
oonu ready,2,1,2,High,Conservative normalization
ooty chocolates,2,1,2,High,Conservative normalization
ooze pizza,2,2,2,Medium,Conservative normalization
open kitchen,2,1,2,High,Conservative normalization
orange restaurant,2,1,2,High,Conservative normalization
orchard fresh natural ice creams and kulfi s,2,1,2,High,Conservative normalization
order chey mawa,2,1,2,High,Conservative normalization
order please,2,2,2,Medium,Conservative normalization
ori story chinese and oriental,2,1,2,High,Conservative normalization
oriental fusion,2,1,2,High,Conservative normalization
oriental kitchen,2,2,2,Medium,Conservative normalization
oriental kitchen by 10d express,2,1,2,High,Conservative normalization
oriental spice,2,2,2,Medium,Conservative normalization
oriental tales by rayalaseema ruchulu,2,1,2,High,Conservative normalization
original nellai periya lala corner sweets,2,1,2,High,Conservative normalization
otik cake shop,2,1,2,High,Conservative normalization
otto s,2,2,2,Medium,Conservative normalization
ottoman eats,2,2,2,Medium,Conservative normalization
our pizza,2,1,2,High,Conservative normalization
out of the box,2,2,2,Medium,Conservative normalization
out of the oven,2,2,2,Medium,Conservative normalization
oval bean cafe,2,2,2,Medium,Conservative normalization
oven fresh,2,1,2,High,Conservative normalization
oven fresh pizza,2,2,2,Medium,Conservative normalization
oven magic,2,1,2,High,Conservative normalization
ovenly cake and cafe,2,1,2,High,Conservative normalization
over the stone,2,2,2,Medium,Conservative normalization
overnight cafe,2,2,2,Medium,Conservative normalization
owl is well,2,1,2,High,Conservative normalization
ox and tomato,2,1,2,High,Conservative normalization
oye hoye 100 veg,2,1,2,High,Conservative normalization
oye kakke by spice factory,2,1,2,High,Conservative normalization
oye kulcha,2,1,2,High,Conservative normalization
oye pappe,2,2,2,Medium,Conservative normalization
oye paratha,2,2,2,Medium,Conservative normalization
oye pizza,2,2,2,Medium,Conservative normalization
oye punjabi s,2,1,2,High,Conservative normalization
oyee dilli pure veg,2,1,2,High,Conservative normalization
p bhagat tarachand,2,2,2,Medium,Conservative normalization
p hotel bhagat tarachand,2,1,2,High,Conservative normalization
paaji de parathe,2,1,2,High,Conservative normalization
paan casa,2,1,2,High,Conservative normalization
paan culture,2,1,2,High,Conservative normalization
paan leela,2,1,2,High,Conservative normalization
paanchforon,2,1,2,High,Conservative normalization
paanchphoron,2,2,2,Medium,Conservative normalization
paanshala,2,1,2,High,Conservative normalization
paapi paet,2,1,2,High,Conservative normalization
pablo s,2,1,2,High,Conservative normalization
padharo sa,2,1,2,High,Conservative normalization
pahadi restaurant,2,1,2,High,Conservative normalization
pakizah dhaba,2,1,2,High,Conservative normalization
pal hotel,2,1,2,High,Conservative normalization
palakkad parottas,2,1,2,High,Conservative normalization
paldi juice corner,2,1,2,High,Conservative normalization
palleturi dosa,2,2,2,Medium,Conservative normalization
palm jumeira,2,1,2,High,Conservative normalization
palm shake,2,2,2,Medium,Conservative normalization
palsons,2,1,2,High,Conservative normalization
pan asia,2,1,2,High,Conservative normalization
panch foron,2,1,2,High,Conservative normalization
panch phoron,2,1,2,High,Conservative normalization
panchabanjan,2,2,2,Medium,Conservative normalization
panchakattu dosa,2,1,2,High,Conservative normalization
panchayat,2,1,2,High,Conservative normalization
panchforon foods pvt ltd,2,1,2,High,Conservative normalization
panda momo,2,2,2,Medium,Conservative normalization
panda pot,2,2,2,Medium,Conservative normalization
pandey pan,2,1,2,High,Conservative normalization
pandian hotel,2,2,2,Medium,Conservative normalization
pandit ji chat bhandar,2,1,2,High,Conservative normalization
pandit ji ke parathe,2,2,2,Medium,Conservative normalization
pandit ji paranthe wale,2,2,2,Medium,Conservative normalization
pandit paan prathistan,2,2,2,Medium,Conservative normalization
paneer shaneer,2,2,2,Medium,Conservative normalization
pange s pizza,2,1,2,High,Conservative normalization
panjabi angeethi,2,1,2,High,Conservative normalization
pankaj bakery,2,2,2,Medium,Conservative normalization
panna sweets and restaurant,2,2,2,Medium,Conservative normalization
pao ji aamchi mumbai se,2,1,2,High,Conservative normalization
papa da dhaba,2,1,2,High,Conservative normalization
papa jango s pizza,2,2,2,Medium,Conservative normalization
papa louie s pizzeria,2,2,2,Medium,Conservative normalization
papa pancho,2,2,2,Medium,Conservative normalization
papa s grill,2,1,2,High,Conservative normalization
papa s kitchen,2,2,2,Medium,Conservative normalization
papa veg pizza,2,2,2,Medium,Conservative normalization
pappa s kitchen,2,2,2,Medium,Conservative normalization
pappi di hatti,2,1,2,High,Conservative normalization
pappu chaiwalla,2,1,2,High,Conservative normalization
papus pizza,2,1,2,High,Conservative normalization
paradise,2,1,2,High,Conservative normalization
paradise kitchen,2,2,2,Medium,Conservative normalization
paradise kitchen hyderabadi biryani,2,1,2,High,Conservative normalization
paradise pizza,2,1,2,High,Conservative normalization
parafit delivers,2,1,2,High,Conservative normalization
parag restaurant,2,2,2,Medium,Conservative normalization
parantha com,2,1,2,High,Conservative normalization
parantha house,2,2,2,Medium,Conservative normalization
parantha point,2,2,2,Medium,Conservative normalization
paranthewala,2,2,2,Medium,Conservative normalization
parashar foods,2,2,2,Medium,Conservative normalization
paratha box,2,2,2,Medium,Conservative normalization
paratha bros by ibis,2,1,2,High,Conservative normalization
paratha cafe,2,1,2,High,Conservative normalization
paratha center,2,2,2,Medium,Conservative normalization
paratha central,2,1,2,High,Conservative normalization
paratha circle,2,2,2,Medium,Conservative normalization
paratha factory,2,1,2,High,Conservative normalization
paratha food stop,2,1,2,High,Conservative normalization
paratha fusion,2,2,2,Medium,Conservative normalization
paratha gali,2,2,2,Medium,Conservative normalization
paratha hub,2,1,2,High,Conservative normalization
paratha inn,2,2,2,Medium,Conservative normalization
paratha junction 24x7,2,2,2,Medium,Conservative normalization
paratha nation,2,1,2,High,Conservative normalization
paratha studio,2,2,2,Medium,Conservative normalization
paratha wale,2,1,2,High,Conservative normalization
paratha wali,2,2,2,Medium,Conservative normalization
paratha zone,2,2,2,Medium,Conservative normalization
parathe wali gulli,2,1,2,High,Conservative normalization
pari bakery,2,1,2,High,Conservative normalization
parijats kitchen,2,2,2,Medium,Conservative normalization
parimala sweets,2,1,2,High,Conservative normalization
park cafe,2,1,2,High,Conservative normalization
park street,2,1,2,High,Conservative normalization
parkash dhaba,2,1,2,High,Conservative normalization
parmeshwar veg biryani,2,1,2,High,Conservative normalization
paro s kitchen,2,2,2,Medium,Conservative normalization
parth foods,2,2,2,Medium,Conservative normalization
parth kitchen,2,1,2,High,Conservative normalization
party fowl,2,1,2,High,Conservative normalization
party fried chicken,2,1,2,High,Conservative normalization
parvathi bavan sweets,2,1,2,High,Conservative normalization
pasha s biryani and kabab house,2,1,2,High,Conservative normalization
pasta bay,2,2,2,Medium,Conservative normalization
pasta box,2,2,2,Medium,Conservative normalization
pasta de indifused,2,2,2,Medium,Conservative normalization
pasta junction,2,1,2,High,Conservative normalization
pasta king,2,2,2,Medium,Conservative normalization
pasta planet,2,1,2,High,Conservative normalization
pasta world,2,1,2,High,Conservative normalization
pastry d lite,2,1,2,High,Conservative normalization
pastry palace,2,2,2,Medium,Conservative normalization
pat a cake,2,1,2,High,Conservative normalization
patel chinese and punjabi,2,2,2,Medium,Conservative normalization
patel vihar restaurant and parotha house,2,1,2,High,Conservative normalization
pathan laziz biryani house,2,1,2,High,Conservative normalization
pathirakozhi,2,1,2,High,Conservative normalization
patiala platter by urban khichdi,2,1,2,High,Conservative normalization
patiala shahi chicken corner,2,1,2,High,Conservative normalization
patlacha wada,2,2,2,Medium,Conservative normalization
paul s creamery,2,1,2,High,Conservative normalization
pav bhaji house,2,1,2,High,Conservative normalization
pav bhaji junction,2,1,2,High,Conservative normalization
pav bhaji mania,2,1,2,High,Conservative normalization
pav bhaji wala,2,1,2,High,Conservative normalization
pavan chats,2,1,2,High,Conservative normalization
pavilion restaurant,2,1,2,High,Conservative normalization
pavino vada pav and cafe,2,2,2,Medium,Conservative normalization
pavithra veg,2,2,2,Medium,Conservative normalization
pawan fast food,2,1,2,High,Conservative normalization
pawan sweets,2,1,2,High,Conservative normalization
payal restaurant,2,1,2,High,Conservative normalization
pds natraj chaat and snacks,2,2,2,Medium,Conservative normalization
peace cafe,2,1,2,High,Conservative normalization
peacock restaurant,2,1,2,High,Conservative normalization
pearl restaurant,2,1,2,High,Conservative normalization
pedreno s,2,1,2,High,Conservative normalization
pehalwan dhaba,2,2,2,Medium,Conservative normalization
penta cafeteria,2,2,2,Medium,Conservative normalization
pepper pot,2,2,2,Medium,Conservative normalization
peppy pizza,2,2,2,Medium,Conservative normalization
perfect bake,2,1,2,High,Conservative normalization
perfect pizza,2,1,2,High,Conservative normalization
persian darbar,2,1,2,High,Conservative normalization
persian delight,2,1,2,High,Conservative normalization
peshavari tadka,2,1,2,High,Conservative normalization
peshwa of patiyala,2,1,2,High,Conservative normalization
pesto s pasta,2,1,2,High,Conservative normalization
pestos pizza,2,1,2,High,Conservative normalization
pet pooja restaurant,2,1,2,High,Conservative normalization
petpuja,2,2,2,Medium,Conservative normalization
petromax light,2,1,2,High,Conservative normalization
petu panda,2,1,2,High,Conservative normalization
petukram,2,2,2,Medium,Conservative normalization
peturam,2,2,2,Medium,Conservative normalization
pfc patna fried chicken,2,2,2,Medium,Conservative normalization
pg junk spot,2,1,2,High,Conservative normalization
phat fork chinese,2,1,2,High,Conservative normalization
phebe fried chicken,2,1,2,High,Conservative normalization
piccadilly square,2,1,2,High,Conservative normalization
pick a tikka,2,1,2,High,Conservative normalization
pick n move,2,1,2,High,Conservative normalization
picnic,2,2,2,Medium,Conservative normalization
pie and co,2,2,2,Medium,Conservative normalization
pie pizza,2,1,2,High,Conservative normalization
pikwik bakers,2,1,2,High,Conservative normalization
pind da tadka,2,2,2,Medium,Conservative normalization
pind ki rasoi,2,2,2,Medium,Conservative normalization
pind patiala,2,1,2,High,Conservative normalization
ping s cafe orient,2,1,2,High,Conservative normalization
pink box,2,2,2,Medium,Conservative normalization
pink city express,2,1,2,High,Conservative normalization
pink salt cafe,2,2,2,Medium,Conservative normalization
pinnata special,2,1,2,High,Conservative normalization
piplani sweets,2,1,2,High,Conservative normalization
pishu s,2,1,2,High,Conservative normalization
pista house restaurant,2,1,2,High,Conservative normalization
pista house tea,2,1,2,High,Conservative normalization
pithe ghor,2,1,2,High,Conservative normalization
pizza 35,2,2,2,Medium,Conservative normalization
pizza 65,2,2,2,Medium,Conservative normalization
pizza 81,2,2,2,Medium,Conservative normalization
pizza 89,2,2,2,Medium,Conservative normalization
pizza adda,2,1,2,High,Conservative normalization
pizza and burger house,2,1,2,High,Conservative normalization
pizza and burger zone,2,2,2,Medium,Conservative normalization
pizza and go,2,1,2,High,Conservative normalization
pizza and more,2,2,2,Medium,Conservative normalization
pizza basket,2,2,2,Medium,Conservative normalization
pizza best,2,2,2,Medium,Conservative normalization
pizza bite burger,2,2,2,Medium,Conservative normalization
pizza boom,2,2,2,Medium,Conservative normalization
pizza burger company,2,1,2,High,Conservative normalization
pizza burger factory,2,1,2,High,Conservative normalization
pizza butter bite,2,2,2,Medium,Conservative normalization
pizza by square,2,1,2,High,Conservative normalization
pizza central,2,2,2,Medium,Conservative normalization
pizza city,2,2,2,Medium,Conservative normalization
pizza classic,2,2,2,Medium,Conservative normalization
pizza corners,2,2,2,Medium,Conservative normalization
pizza cravers,2,2,2,Medium,Conservative normalization
pizza crunch,2,1,2,High,Conservative normalization
pizza crush,2,2,2,Medium,Conservative normalization
pizza culture,2,1,2,High,Conservative normalization
pizza darbar,2,1,2,High,Conservative normalization
pizza delicious,2,1,2,High,Conservative normalization
pizza delivery,2,2,2,Medium,Conservative normalization
pizza di roma,2,2,2,Medium,Conservative normalization
pizza down town,2,2,2,Medium,Conservative normalization
pizza flix,2,1,2,High,Conservative normalization
pizza forever,2,2,2,Medium,Conservative normalization
pizza freakerz,2,1,2,High,Conservative normalization
pizza friends,2,2,2,Medium,Conservative normalization
pizza gallery,2,1,2,High,Conservative normalization
pizza garage,2,2,2,Medium,Conservative normalization
pizza garden,2,1,2,High,Conservative normalization
pizza ghar,2,2,2,Medium,Conservative normalization
pizza guyzz,2,2,2,Medium,Conservative normalization
pizza hood,2,1,2,High,Conservative normalization
pizza hotspot,2,2,2,Medium,Conservative normalization
pizza hub express,2,1,2,High,Conservative normalization
pizza hunger,2,2,2,Medium,Conservative normalization
pizza hungry,2,1,2,High,Conservative normalization
pizza hut delivery,2,1,2,High,Conservative normalization
pizza joint,2,2,2,Medium,Conservative normalization
pizza khalo,2,1,2,High,Conservative normalization
pizza king and burger,2,2,2,Medium,Conservative normalization
pizza king burger,2,1,2,High,Conservative normalization
pizza love,2,2,2,Medium,Conservative normalization
pizza mahal,2,2,2,Medium,Conservative normalization
pizza max,2,2,2,Medium,Conservative normalization
pizza milano deluxe,2,1,2,High,Conservative normalization
pizza millenium,2,1,2,High,Conservative normalization
pizza n joy,2,2,2,Medium,Conservative normalization
pizza n more,2,2,2,Medium,Conservative normalization
pizza oven,2,2,2,Medium,Conservative normalization
pizza pan,2,1,2,High,Conservative normalization
pizza pasta chef,2,2,2,Medium,Conservative normalization
pizza perfect,2,1,2,High,Conservative normalization
pizza pie cafe,2,2,2,Medium,Conservative normalization
pizza pirates,2,2,2,Medium,Conservative normalization
pizza pizzeria,2,1,2,High,Conservative normalization
pizza port,2,2,2,Medium,Conservative normalization
pizza queen,2,2,2,Medium,Conservative normalization
pizza s point,2,1,2,High,Conservative normalization
pizza shack,2,2,2,Medium,Conservative normalization
pizza shuttle,2,1,2,High,Conservative normalization
pizza smuggler,2,1,2,High,Conservative normalization
pizza toppers,2,1,2,High,Conservative normalization
pizza toppings,2,1,2,High,Conservative normalization
pizza tower,2,1,2,High,Conservative normalization
pizza treat,2,2,2,Medium,Conservative normalization
pizza trend,2,1,2,High,Conservative normalization
pizza tune,2,1,2,High,Conservative normalization
pizza wizza,2,1,2,High,Conservative normalization
pizzagram,2,1,2,High,Conservative normalization
pizzano,2,1,2,High,Conservative normalization
pizzaroni,2,1,2,High,Conservative normalization
pizzasta,2,1,2,High,Conservative normalization
pizzastan,2,1,2,High,Conservative normalization
pizzeria bistro,2,1,2,High,Conservative normalization
pizzology pizza,2,1,2,High,Conservative normalization
pj ours,2,2,2,Medium,Conservative normalization
pk biryani house,2,1,2,High,Conservative normalization
plates and bowls,2,2,2,Medium,Conservative normalization
pocket burger,2,1,2,High,Conservative normalization
pockets and bowls,2,1,2,High,Conservative normalization
pocketz,2,1,2,High,Conservative normalization
poha point,2,2,2,Medium,Conservative normalization
pohewala,2,1,2,High,Conservative normalization
pokhara momo s,2,2,2,Medium,Conservative normalization
pokket pizza,2,1,2,High,Conservative normalization
polar cafe,2,2,2,Medium,Conservative normalization
polka dots,2,1,2,High,Conservative normalization
pomona cafe,2,1,2,High,Conservative normalization
pongalur sri annapoornis sweets,2,2,2,Medium,Conservative normalization
pooja ki rasoi,2,2,2,Medium,Conservative normalization
poori house,2,2,2,Medium,Conservative normalization
pop o bob bubble tea cafe,2,1,2,High,Conservative normalization
pop star pizza,2,1,2,High,Conservative normalization
popcorn and cotton candy world,2,2,2,Medium,Conservative normalization
popcorn fusion,2,1,2,High,Conservative normalization
popfiction by decadenz,2,1,2,High,Conservative normalization
popular cafe,2,2,2,Medium,Conservative normalization
pork lovers,2,1,2,High,Conservative normalization
porky s,2,2,2,Medium,Conservative normalization
porto s cake shop,2,2,2,Medium,Conservative normalization
poshtik kitchens,2,2,2,Medium,Conservative normalization
pot dum biryani,2,1,2,High,Conservative normalization
pot pot yum yum indian delivery,2,1,2,High,Conservative normalization
potato twister,2,2,2,Medium,Conservative normalization
potbhar potoba,2,2,2,Medium,Conservative normalization
potlam station,2,1,2,High,Conservative normalization
potli,2,2,2,Medium,Conservative normalization
pracheen petha,2,1,2,High,Conservative normalization
pradeep sweets pvt ltd,2,1,2,High,Conservative normalization
prakash bhojnalaya,2,1,2,High,Conservative normalization
prakash ki mashoor kulfi,2,1,2,High,Conservative normalization
pranayuta,2,1,2,High,Conservative normalization
prantha hub,2,2,2,Medium,Conservative normalization
prantha lover,2,1,2,High,Conservative normalization
prasad chicken pakodi,2,1,2,High,Conservative normalization
prasad hotel,2,1,2,High,Conservative normalization
prasadam,2,1,2,High,Conservative normalization
prem cake shop,2,2,2,Medium,Conservative normalization
prem chat,2,1,2,High,Conservative normalization
prem di hatti,2,1,2,High,Conservative normalization
prem di rasoi,2,1,2,High,Conservative normalization
prem fast food,2,2,2,Medium,Conservative normalization
prem s,2,1,2,High,Conservative normalization
premacha chaha,2,2,2,Medium,Conservative normalization
prezzed juicery,2,1,2,High,Conservative normalization
pride foods,2,2,2,Medium,Conservative normalization
prime bakes,2,1,2,High,Conservative normalization
prime cakes,2,1,2,High,Conservative normalization
prince bakers,2,2,2,Medium,Conservative normalization
prince corner,2,1,2,High,Conservative normalization
prince ki rasoi,2,1,2,High,Conservative normalization
priti s kitchen,2,2,2,Medium,Conservative normalization
prity s kitchen,2,1,2,High,Conservative normalization
prive restaurant,2,1,2,High,Conservative normalization
priya foods,2,1,2,High,Conservative normalization
priya s kitchen,2,2,2,Medium,Conservative normalization
priyanka s kitchen,2,2,2,Medium,Conservative normalization
project momowala,2,1,2,High,Conservative normalization
protein chef,2,1,2,High,Conservative normalization
provenance deli and desserts,2,1,2,High,Conservative normalization
ps mistikatha,2,1,2,High,Conservative normalization
pubg food court,2,2,2,Medium,Conservative normalization
puff house,2,1,2,High,Conservative normalization
puffx live puff,2,1,2,High,Conservative normalization
puja bhojnalaya,2,1,1,High,Conservative normalization
pullup fillup,2,2,2,Medium,Conservative normalization
pulusu,2,1,2,High,Conservative normalization
punchin,2,1,2,High,Conservative normalization
pune high way dhaba,2,2,2,Medium,Conservative normalization
puneri amruttulya,2,1,2,High,Conservative normalization
puneri katta,2,1,2,High,Conservative normalization
punjab da chaska,2,1,2,High,Conservative normalization
punjab da swad,2,1,2,High,Conservative normalization
punjab di thali,2,1,2,High,Conservative normalization
punjab e zaika,2,1,2,High,Conservative normalization
punjab express,2,1,2,High,Conservative normalization
punjab grill urban punjabi dhaba,2,1,2,High,Conservative normalization
punjab ki rasoi,2,2,2,Medium,Conservative normalization
punjab nawab,2,1,2,High,Conservative normalization
punjab on cloud,2,1,2,High,Conservative normalization
punjab paratha point,2,1,2,High,Conservative normalization
punjab rasoi,2,1,2,High,Conservative normalization
punjabi adda,2,1,2,High,Conservative normalization
punjabi angaan restaurant,2,1,2,High,Conservative normalization
punjabi anna,2,1,2,High,Conservative normalization
punjabi bhatti,2,2,2,Medium,Conservative normalization
punjabi chatkara,2,1,2,High,Conservative normalization
punjabi chicken,2,1,2,High,Conservative normalization
punjabi chicken corner,2,1,2,High,Conservative normalization
punjabi corner,2,2,2,Medium,Conservative normalization
punjabi da dhaba,2,1,2,High,Conservative normalization
punjabi darbar,2,1,2,High,Conservative normalization
punjabi delight,2,1,2,High,Conservative normalization
punjabi dhaba since 2001,2,1,2,High,Conservative normalization
punjabi dil se,2,1,2,High,Conservative normalization
punjabi flavours,2,2,2,Medium,Conservative normalization
punjabi food corner,2,1,2,High,Conservative normalization
punjabi grill darbar,2,1,2,High,Conservative normalization
punjabi handi,2,1,2,High,Conservative normalization
punjabi khadki,2,1,2,High,Conservative normalization
punjabi khana,2,1,2,High,Conservative normalization
punjabi khana khajana,2,2,2,Medium,Conservative normalization
punjabi lassi,2,1,2,High,Conservative normalization
punjabi paratha junction,2,1,2,High,Conservative normalization
punjabi spices,2,2,2,Medium,Conservative normalization
punjabi street,2,2,2,Medium,Conservative normalization
punjabi swad,2,2,2,Medium,Conservative normalization
punjabi tadka express,2,2,2,Medium,Conservative normalization
punjabi tadkaa,2,1,2,High,Conservative normalization
punjabi tandoor,2,1,2,High,Conservative normalization
punjabi tandoor since 2016,2,1,2,High,Conservative normalization
punjabi tawa,2,2,2,Medium,Conservative normalization
punjabi virsa,2,1,2,High,Conservative normalization
punjabiya di hatti,2,2,2,Medium,Conservative normalization
purani dehli,2,1,2,High,Conservative normalization
purani delhi,2,1,2,High,Conservative normalization
pure punjabi,2,1,2,High,Conservative normalization
purohit restaurant,2,1,2,High,Conservative normalization
purple foods,2,1,2,High,Conservative normalization
pyramid,2,1,2,High,Conservative normalization
qd s restaurant,2,1,2,High,Conservative normalization
qla,2,2,2,Medium,Conservative normalization
quality cakes,2,1,2,High,Conservative normalization
quality fast food,2,2,2,Medium,Conservative normalization
quality food,2,2,2,Medium,Conservative normalization
quality foods,2,2,2,Medium,Conservative normalization
quality fried chicken,2,1,2,High,Conservative normalization
quarter biryani,2,1,2,High,Conservative normalization
queen s kitchen,2,2,2,Medium,Conservative normalization
queen s street,2,1,2,High,Conservative normalization
quench by saladrink,2,1,2,High,Conservative normalization
quick pick,2,2,2,Medium,Conservative normalization
quicker by wok on fire,2,1,2,High,Conservative normalization
quickie bites,2,1,2,High,Conservative normalization
r b food point,2,1,2,High,Conservative normalization
r b sweets and bakery,2,1,2,High,Conservative normalization
r bhagat tarrachand,2,1,2,High,Conservative normalization
r j bakers,2,1,2,High,Conservative normalization
r k caterers,2,2,2,Medium,Conservative normalization
r k s kitchen,2,2,2,Medium,Conservative normalization
r s kings forest restaurant,2,1,2,High,Conservative normalization
ra3,2,1,2,High,Conservative normalization
raajali sweets and bakes,2,2,2,Medium,Conservative normalization
raaz restaurant,2,1,2,High,Conservative normalization
rabdi king,2,1,2,High,Conservative normalization
rabdi wala,2,2,2,Medium,Conservative normalization
rabribhog,2,1,2,High,Conservative normalization
radha krishna,2,1,2,High,Conservative normalization
radha krushna,2,1,2,High,Conservative normalization
radhe krishna family restaurant,2,2,2,Medium,Conservative normalization
radhe shyam fast food,2,1,2,High,Conservative normalization
radhika rasoi,2,1,2,High,Conservative normalization
radhika restaurant,2,1,2,High,Conservative normalization
radhika s authentic south indian food,2,1,2,High,Conservative normalization
radhuni,2,1,2,High,Conservative normalization
radisson blu,2,1,2,High,Conservative normalization
raffaele s ristorante pizzeria,2,1,2,High,Conservative normalization
ragada wale,2,1,2,High,Conservative normalization
ragam cake shop,2,1,2,High,Conservative normalization
ragoos express,2,1,2,High,Conservative normalization
rahat biryani,2,2,2,Medium,Conservative normalization
rahul eggs,2,2,2,Medium,Conservative normalization
rahul s food court,2,1,2,High,Conservative normalization
rahul tiffins,2,1,2,High,Conservative normalization
rahumath hotel,2,2,2,Medium,Conservative normalization
raina s kitchen,2,1,2,High,Conservative normalization
rainbow food court,2,2,2,Medium,Conservative normalization
rainbow hotel,2,2,2,Medium,Conservative normalization
rainbow restaurant,2,1,2,High,Conservative normalization
raj bhog,2,1,2,High,Conservative normalization
raj bhoj,2,2,2,Medium,Conservative normalization
raj chinese fast food,2,1,2,High,Conservative normalization
raj chinese point,2,1,2,High,Conservative normalization
raj da dhaba,2,2,2,Medium,Conservative normalization
raj darbar,2,2,2,Medium,Conservative normalization
raj family restaurant,2,1,2,High,Conservative normalization
raj fast food,2,1,2,High,Conservative normalization
raj food corner,2,1,2,High,Conservative normalization
raj foods,2,2,2,Medium,Conservative normalization
raj kitchen,2,1,2,High,Conservative normalization
raj sweets and snackes sindhi,2,1,1,High,Conservative normalization
raja restaurant,2,1,2,High,Conservative normalization
rajasthali,2,1,2,High,Conservative normalization
rajasthan restaurant,2,1,2,High,Conservative normalization
rajasthani dhaba,2,2,2,Medium,Conservative normalization
rajasthani kitchen,2,2,2,Medium,Conservative normalization
rajbhog,2,1,2,High,Conservative normalization
rajbhog restaurant,2,2,2,Medium,Conservative normalization
rajbhog sweets,2,1,2,High,Conservative normalization
rajdhani hotel,2,1,2,High,Conservative normalization
rajdhani rasoi,2,1,2,High,Conservative normalization
rajdoot restaurant,2,1,2,High,Conservative normalization
rajdoot restaurant since 1989,2,2,2,Medium,Conservative normalization
rajee s pure veg,2,2,2,Medium,Conservative normalization
rajeshahi biryani,2,2,2,Medium,Conservative normalization
rajeshahi family restaurant,2,1,2,High,Conservative normalization
rajhans restaurant,2,2,2,Medium,Conservative normalization
rajmandir icecream,2,1,2,High,Conservative normalization
rajpoot dhaba,2,2,2,Medium,Conservative normalization
rajshree restaurant,2,1,2,High,Conservative normalization
rajsthani dhaba,2,1,2,High,Conservative normalization
raju gari vantillu,2,2,2,Medium,Conservative normalization
raju hotel,2,1,2,High,Conservative normalization
raju omlet centre roc express delivery,2,2,2,Medium,Conservative normalization
rajubhai dhosawala,2,1,2,High,Conservative normalization
rajugari biryani,2,1,2,High,Conservative normalization
rakesh fast food,2,1,2,High,Conservative normalization
ralli s,2,2,2,Medium,Conservative normalization
ram chinese food,2,1,2,High,Conservative normalization
ram fast food,2,2,2,Medium,Conservative normalization
ram rasoi,2,1,2,High,Conservative normalization
ram s kitchen,2,2,2,Medium,Conservative normalization
rama food court,2,1,2,High,Conservative normalization
rama hotel,2,2,2,Medium,Conservative normalization
rama juice and shakes parlour lassi n shakes,2,1,1,High,Conservative normalization
rama s kitchen,2,1,2,High,Conservative normalization
ramaas the hyderabadi,2,1,2,High,Conservative normalization
ramdev dhaba pure veg,2,1,2,High,Conservative normalization
ramdev khana khazana,2,1,2,High,Conservative normalization
ramesh kulfi,2,1,1,High,Conservative normalization
rameshwar fast food,2,1,2,High,Conservative normalization
ramzan biryani,2,2,2,Medium,Conservative normalization
rana dhaba,2,1,2,High,Conservative normalization
randhan restaurant,2,2,2,Medium,Conservative normalization
rang de basanti,2,1,2,High,Conservative normalization
rani restaurant,2,1,2,High,Conservative normalization
ranjan s,2,1,2,High,Conservative normalization
rao s kitchen,2,2,2,Medium,Conservative normalization
raptharr food court,2,2,2,Medium,Conservative normalization
ras sagar sweet house,2,1,2,High,Conservative normalization
rasa the flavour of india,2,2,2,Medium,Conservative normalization
rasavid,2,1,2,High,Conservative normalization
rasgulla 4 crazy,2,1,2,High,Conservative normalization
rasgulla house,2,1,2,High,Conservative normalization
rashmi kitchen,2,1,2,High,Conservative normalization
rashmi kitchen pure veg,2,1,2,High,Conservative normalization
rasoi deliver,2,1,2,High,Conservative normalization
rasoi king,2,2,2,Medium,Conservative normalization
rasoi lajawab,2,1,2,High,Conservative normalization
rasoi se,2,1,2,High,Conservative normalization
rasoi studio,2,1,2,High,Conservative normalization
rasoi thali,2,1,2,High,Conservative normalization
rasoighar,2,1,2,High,Conservative normalization
rasoiwala,2,1,2,High,Conservative normalization
rasona tripti,2,2,2,Medium,Conservative normalization
ratan sev bhandar,2,1,2,High,Conservative normalization
rathi kitchen,2,1,2,High,Conservative normalization
ravi s dessert house,2,2,2,Medium,Conservative normalization
rayala vari ruchulu,2,1,2,High,Conservative normalization
razakhiya hotel,2,1,2,High,Conservative normalization
rb cafe,2,1,2,High,Conservative normalization
rbg park inn by radisson,2,1,2,High,Conservative normalization
rd sharma pavbhaji and dosa,2,1,2,High,Conservative normalization
readyumm,2,1,2,High,Conservative normalization
real hyderabadi biryani,2,1,2,High,Conservative normalization
real paprika express outlet,2,1,2,High,Conservative normalization
real paprika new ranip,2,2,2,Medium,Conservative normalization
real peprika,2,1,2,High,Conservative normalization
recipe master crafted shawarmas and more,2,1,2,High,Conservative normalization
red and green restaurant,2,2,2,Medium,Conservative normalization
red bamboo shoot restaurant,2,1,2,High,Conservative normalization
red bubble cafe by purple foods,2,2,2,Medium,Conservative normalization
red chilli chinese,2,1,2,High,Conservative normalization
red chillie,2,1,2,High,Conservative normalization
red chillies restaurant,2,1,2,High,Conservative normalization
red door,2,1,2,High,Conservative normalization
red dragon chinese,2,1,2,High,Conservative normalization
red dragon chinese corner,2,2,2,Medium,Conservative normalization
red hub,2,2,2,Medium,Conservative normalization
red kitchen and lounge,2,1,2,High,Conservative normalization
red mirchi,2,2,2,Medium,Conservative normalization
red onion,2,2,2,Medium,Conservative normalization
red pepper,2,1,2,High,Conservative normalization
red rhino,2,1,2,High,Conservative normalization
reddy s biryani zone,2,1,2,High,Conservative normalization
reddy s family restaurant,2,1,2,High,Conservative normalization
reddy s kitchen,2,1,2,High,Conservative normalization
refresh,2,1,2,High,Conservative normalization
regal cakes and bakers,2,2,2,Medium,Conservative normalization
regency food court,2,1,2,High,Conservative normalization
reis corner,2,2,2,Medium,Conservative normalization
rekha s kitchen,2,1,2,High,Conservative normalization
relax xpress,2,1,2,High,Conservative normalization
relish,2,1,2,High,Conservative normalization
rendezvous restaurant,2,1,2,High,Conservative normalization
renu s kitchen,2,2,2,Medium,Conservative normalization
republic of chicken,2,1,2,High,Conservative normalization
restora,2,1,2,High,Conservative normalization
retro restaurant,2,2,2,Medium,Conservative normalization
revel ice creams,2,1,2,High,Conservative normalization
rhythm,2,1,2,High,Conservative normalization
ribbons and balloons the cake shop,2,2,2,Medium,Conservative normalization
rice,2,1,2,High,Conservative normalization
rice and noodles,2,2,2,Medium,Conservative normalization
rice n roti,2,1,2,High,Conservative normalization
rice n spice,2,2,2,Medium,Conservative normalization
rice pot,2,2,2,Medium,Conservative normalization
rice stories,2,2,2,Medium,Conservative normalization
rich table,2,1,2,High,Conservative normalization
richie rich,2,1,2,High,Conservative normalization
riddhi s kitchen,2,1,2,High,Conservative normalization
riddhi siddhi farm,2,1,2,High,Conservative normalization
risalo italian pizza,2,1,2,High,Conservative normalization
riviera restaurant,2,1,2,High,Conservative normalization
riwaayat,2,1,2,High,Conservative normalization
riya proteins,2,2,2,Medium,Conservative normalization
riyasat,2,1,2,High,Conservative normalization
riyaz biryanis,2,1,2,High,Conservative normalization
rj kitchen,2,1,2,High,Conservative normalization
rk chinese,2,2,2,Medium,Conservative normalization
rk foods,2,2,2,Medium,Conservative normalization
rk hotel,2,2,2,Medium,Conservative normalization
road house,2,2,2,Medium,Conservative normalization
robin brown ice cream,2,1,2,High,Conservative normalization
rock and rolls,2,2,2,Medium,Conservative normalization
rock n roll restaurant,2,2,2,Medium,Conservative normalization
rock n roll restro,2,2,2,Medium,Conservative normalization
rockers pizza,2,1,2,High,Conservative normalization
rocket momos,2,2,2,Medium,Conservative normalization
rockstone icecream factory,2,1,2,High,Conservative normalization
rockstone thickshakes,2,1,2,High,Conservative normalization
rocomamas,2,1,2,High,Conservative normalization
rogan,2,1,2,High,Conservative normalization
rohit restaurant,2,2,2,Medium,Conservative normalization
roll and kabab,2,2,2,Medium,Conservative normalization
roll cafe,2,1,2,High,Conservative normalization
roll em up,2,2,2,Medium,Conservative normalization
roll it out,2,1,2,High,Conservative normalization
roll joint,2,1,2,High,Conservative normalization
roll mafia,2,1,2,High,Conservative normalization
roll number,2,1,2,High,Conservative normalization
roll out,2,1,2,High,Conservative normalization
roll over biryani,2,2,2,Medium,Conservative normalization
roll singh,2,1,2,High,Conservative normalization
roll station,2,2,2,Medium,Conservative normalization
roll stick,2,2,2,Medium,Conservative normalization
roll time,2,1,2,High,Conservative normalization
rollicious,2,1,2,High,Conservative normalization
rollick,2,1,2,High,Conservative normalization
rollicks ice cream cakes and deserts,2,1,2,High,Conservative normalization
rolligion,2,1,2,High,Conservative normalization
rolling in the deep,2,1,2,High,Conservative normalization
rolling rolls,2,1,2,High,Conservative normalization
rolling wraps,2,1,2,High,Conservative normalization
rolls affair by mughal affair,2,1,2,High,Conservative normalization
rolls and kebabs,2,2,2,Medium,Conservative normalization
rolls bistro,2,1,2,High,Conservative normalization
rolls house,2,1,2,High,Conservative normalization
rolls junction and more,2,2,2,Medium,Conservative normalization
rolls kitchen,2,1,2,High,Conservative normalization
rolls magic,2,2,2,Medium,Conservative normalization
rolls n more,2,1,2,High,Conservative normalization
rolls n rolls,2,2,2,Medium,Conservative normalization
rolls on coals,2,2,2,Medium,Conservative normalization
rolls point,2,1,2,High,Conservative normalization
rolls station,2,1,2,High,Conservative normalization
rolls town,2,2,2,Medium,Conservative normalization
rolls wala,2,1,2,High,Conservative normalization
rollsnama,2,1,2,High,Conservative normalization
rollsome,2,1,2,High,Conservative normalization
rollsout,2,1,2,High,Conservative normalization
rooh burger cafe,2,1,2,High,Conservative normalization
room for dessert,2,1,2,High,Conservative normalization
roomali,2,2,2,Medium,Conservative normalization
rooster,2,1,2,High,Conservative normalization
rooster cafe,2,2,2,Medium,Conservative normalization
roosterville,2,2,2,Medium,Conservative normalization
roosterx,2,1,2,High,Conservative normalization
roots,2,1,2,High,Conservative normalization
roti and curry,2,1,2,High,Conservative normalization
roti curry aur kebab,2,1,2,High,Conservative normalization
roti ghar ka,2,2,2,Medium,Conservative normalization
rotiwala,2,1,2,High,Conservative normalization
roy hotel and restaurant,2,2,2,Medium,Conservative normalization
royal amritsar,2,1,2,High,Conservative normalization
royal bengal kitchen,2,2,2,Medium,Conservative normalization
royal biriyani house,2,1,2,High,Conservative normalization
royal briyani and fast foods,2,2,2,Medium,Conservative normalization
royal cake shop,2,1,2,High,Conservative normalization
royal cakes,2,1,2,High,Conservative normalization
royal chaap corner,2,2,2,Medium,Conservative normalization
royal chaat cafe india,2,1,2,High,Conservative normalization
royal chicken biryani,2,1,2,High,Conservative normalization
royal chicken corner,2,2,2,Medium,Conservative normalization
royal chinese restaurant,2,2,2,Medium,Conservative normalization
royal corner,2,2,2,Medium,Conservative normalization
royal crunchy chicken,2,2,2,Medium,Conservative normalization
royal darbar family restaurant,2,1,2,High,Conservative normalization
royal eshaa bites,2,1,2,High,Conservative normalization
royal fast food centre,2,2,2,Medium,Conservative normalization
royal foodies,2,2,2,Medium,Conservative normalization
royal grill chicken,2,1,2,High,Conservative normalization
royal haveli restaurant,2,1,2,High,Conservative normalization
royal home kitchen,2,1,2,High,Conservative normalization
royal hotel and restaurant,2,2,2,Medium,Conservative normalization
royal inn,2,2,2,Medium,Conservative normalization
royal kebab,2,2,2,Medium,Conservative normalization
royal maharashtrian biryanis,2,2,2,Medium,Conservative normalization
royal pakwan,2,1,2,High,Conservative normalization
royal palace,2,2,2,Medium,Conservative normalization
royal panda,2,1,2,High,Conservative normalization
royal paratha,2,2,2,Medium,Conservative normalization
royal punjab restaurant and bar,2,1,2,High,Conservative normalization
royal rajputana,2,1,2,High,Conservative normalization
royal shakes,2,1,2,High,Conservative normalization
royal spice,2,1,2,High,Conservative normalization
royal spice legendry since 1979,2,1,2,High,Conservative normalization
royce paan,2,1,2,High,Conservative normalization
rozana,2,1,2,High,Conservative normalization
rps pizzeria,2,1,2,High,Conservative normalization
rr restaurant,2,1,2,High,Conservative normalization
rr s joints,2,1,2,High,Conservative normalization
ruchi biryani,2,1,2,High,Conservative normalization
ruchi kabab,2,1,2,High,Conservative normalization
ruchi raaj,2,2,2,Medium,Conservative normalization
ruchi s kitchen,2,2,2,Medium,Conservative normalization
ruchira,2,2,2,Medium,Conservative normalization
rudra food court,2,1,2,High,Conservative normalization
rudra restaurant,2,1,2,High,Conservative normalization
rudra s kitchen,2,2,2,Medium,Conservative normalization
ruhi kitchen,2,1,2,High,Conservative normalization
ruhi s kitchen,2,2,2,Medium,Conservative normalization
rukumani ammal saiva unavagam,2,1,2,High,Conservative normalization
rumali by ambersar,2,1,2,High,Conservative normalization
rupali s kitchen,2,2,2,Medium,Conservative normalization
ryan s kitchen,2,1,2,High,Conservative normalization
s a dosa cafe,2,1,2,High,Conservative normalization
s k foods,2,2,2,Medium,Conservative normalization
s k hotel,2,2,2,Medium,Conservative normalization
s kumar wadewale and premacha chaha,2,2,2,Medium,Conservative normalization
s p crazy cafe and fast food,2,2,2,Medium,Conservative normalization
s v juice junction,2,1,2,High,Conservative normalization
sab kuch veg,2,2,2,Medium,Conservative normalization
sabki pasand,2,2,2,Medium,Conservative normalization
sabra famous kati roll,2,1,2,High,Conservative normalization
sabrosa,2,1,2,High,Conservative normalization
sabroso,2,1,2,High,Conservative normalization
sabzi wala,2,2,2,Medium,Conservative normalization
sachdeva chicken corner,2,1,2,High,Conservative normalization
sachdeva vaishno dhaba,2,2,2,Medium,Conservative normalization
sacred pizza,2,1,2,High,Conservative normalization
safa restaurant,2,2,2,Medium,Conservative normalization
saffron biryani,2,1,2,High,Conservative normalization
saffron by the sassy spoon indian kebabs rolls biryani and more,2,1,2,High,Conservative normalization
saffron flavors,2,1,2,High,Conservative normalization
saffron vegetarian cuisine,2,1,2,High,Conservative normalization
sagar,2,1,2,High,Conservative normalization
sagar chinese,2,1,2,High,Conservative normalization
sagar family restaurant,2,1,2,High,Conservative normalization
sagar gaire,2,1,2,High,Conservative normalization
sagar juice center,2,1,2,High,Conservative normalization
sage farm cafe,2,1,2,High,Conservative normalization
saha restaurant,2,1,2,High,Conservative normalization
sahadeva reddy s biryani durbar,2,1,2,High,Conservative normalization
sahadeva reddy s chinese kitchen,2,1,2,High,Conservative normalization
sahadeva reddy s southern spice,2,1,2,High,Conservative normalization
sahadeva reddy tiffins,2,1,2,High,Conservative normalization
sahibaan,2,1,2,High,Conservative normalization
sahil fast food,2,1,2,High,Conservative normalization
sahil restaurant,2,2,2,Medium,Conservative normalization
sahyog restaurant,2,1,2,High,Conservative normalization
sai bhojnalaya,2,1,2,High,Conservative normalization
sai chaap corner,2,2,2,Medium,Conservative normalization
sai chinese fast food,2,1,2,High,Conservative normalization
sai darbar,2,1,2,High,Conservative normalization
sai family restaurant,2,2,2,Medium,Conservative normalization
sai food court,2,2,2,Medium,Conservative normalization
sai gomantak,2,1,2,High,Conservative normalization
sai ki rasoi,2,1,2,High,Conservative normalization
sai lunch home,2,2,2,Medium,Conservative normalization
sai moksh family kitchen,2,1,2,High,Conservative normalization
sai pure veg,2,1,2,High,Conservative normalization
sai ram curries and parcels,2,1,2,High,Conservative normalization
sai rasoi,2,2,2,Medium,Conservative normalization
sainath fast food,2,1,2,High,Conservative normalization
saini dhaba,2,1,2,High,Conservative normalization
saini fast food,2,1,2,High,Conservative normalization
saini vaishno dhaba,2,1,2,High,Conservative normalization
sairaj rolls house,2,2,2,Medium,Conservative normalization
sairam tiffins,2,2,2,Medium,Conservative normalization
sairat biryani,2,2,2,Medium,Conservative normalization
sakath momos,2,2,2,Medium,Conservative normalization
sakshi restaurant,2,2,2,Medium,Conservative normalization
sakthi a hot soup,2,2,2,Medium,Conservative normalization
sakthi cafe,2,1,2,High,Conservative normalization
salad bar,2,1,2,High,Conservative normalization
salad bowl,2,1,2,High,Conservative normalization
salad box,2,1,2,High,Conservative normalization
salad company,2,1,2,High,Conservative normalization
salad men,2,1,2,High,Conservative normalization
salady seven,2,2,2,Medium,Conservative normalization
salem rr biryani unavagam,2,2,2,Medium,Conservative normalization
salt and spicy,2,2,2,Medium,Conservative normalization
salt and sugar,2,2,2,Medium,Conservative normalization
salt mango tree,2,1,2,High,Conservative normalization
samadhan poha and snacks,2,2,2,Medium,Conservative normalization
samarth foods,2,2,2,Medium,Conservative normalization
sambhu dosa,2,1,1,High,Conservative normalization
samco,2,1,2,High,Conservative normalization
sameer s restaurant,2,1,2,High,Conservative normalization
samocha stories around chai,2,2,2,Medium,Conservative normalization
samosa central,2,1,2,High,Conservative normalization
samosa junction,2,1,2,High,Conservative normalization
samosa point,2,2,2,Medium,Conservative normalization
samosa time,2,1,2,High,Conservative normalization
samosazz the fun triangle,2,2,2,Medium,Conservative normalization
sampradaya,2,1,2,High,Conservative normalization
samrat restaurant,2,2,2,Medium,Conservative normalization
samrat sweets,2,1,2,High,Conservative normalization
sams kitchen,2,2,2,Medium,Conservative normalization
san tung chinese,2,1,2,High,Conservative normalization
sanchez,2,1,2,High,Conservative normalization
sandeep restaurant and bar,2,1,2,High,Conservative normalization
sandwedges,2,1,2,High,Conservative normalization
sandwhich factory,2,1,2,High,Conservative normalization
sandwich,2,1,2,High,Conservative normalization
sandwich adda,2,1,2,High,Conservative normalization
sandwich bar,2,1,2,High,Conservative normalization
sandwich binge,2,2,2,Medium,Conservative normalization
sandwich box,2,1,2,High,Conservative normalization
sandwich coffee house,2,1,2,High,Conservative normalization
sandwich delight,2,1,2,High,Conservative normalization
sandwich flames,2,2,2,Medium,Conservative normalization
sandwich house,2,1,2,High,Conservative normalization
sandwich katta,2,2,2,Medium,Conservative normalization
sandwich n shakes,2,1,2,High,Conservative normalization
sandwich o mania,2,2,2,Medium,Conservative normalization
sandwichoz,2,2,2,Medium,Conservative normalization
sangeeta restaurant,2,2,2,Medium,Conservative normalization
sanias tiffin service,2,1,2,High,Conservative normalization
sanjana s kitchen,2,2,2,Medium,Conservative normalization
sanjay fast food,2,2,2,Medium,Conservative normalization
sanjha chula,2,1,2,High,Conservative normalization
sankalp the taste of south,2,2,2,Medium,Conservative normalization
sankar cafe,2,2,2,Medium,Conservative normalization
sanskruti pure veg,2,2,2,Medium,Conservative normalization
santa banta da dhaba,2,2,2,Medium,Conservative normalization
santa banta story,2,1,2,High,Conservative normalization
santa di hatti,2,2,2,Medium,Conservative normalization
santosh bhel,2,2,2,Medium,Conservative normalization
santosh dhaba super fast,2,1,2,High,Conservative normalization
santosh pav bhaji,2,1,2,High,Conservative normalization
santripti,2,2,2,Medium,Conservative normalization
santushti restaurant,2,1,2,High,Conservative normalization
santushti shakes,2,1,2,High,Conservative normalization
saoji rasoi,2,2,2,Medium,Conservative normalization
saoji tadka,2,1,2,High,Conservative normalization
saparito pizza,2,2,2,Medium,Conservative normalization
sapna momos,2,2,2,Medium,Conservative normalization
saptrang coffee shop,2,1,2,High,Conservative normalization
saransh rao rasoi,2,2,2,Medium,Conservative normalization
saras restaurant,2,1,2,High,Conservative normalization
saras snacks,2,2,2,Medium,Conservative normalization
saraswati food corner,2,2,2,Medium,Conservative normalization
saravana bhavan hotel,2,2,2,Medium,Conservative normalization
saravana hotel,2,2,2,Medium,Conservative normalization
saravanas kitchen,2,2,2,Medium,Conservative normalization
sardaar ji,2,1,2,High,Conservative normalization
sardar a pure meat shop,2,2,2,Medium,Conservative normalization
sardar da dhaba,2,2,2,Medium,Conservative normalization
sardar ji chicken corner,2,1,2,High,Conservative normalization
sardar ji chicken wale,2,2,2,Medium,Conservative normalization
sardar ji food junction,2,1,2,High,Conservative normalization
sardar ji ki rasoi,2,2,2,Medium,Conservative normalization
sardar ji maggi wale,2,1,2,High,Conservative normalization
sardar ji restaurant,2,1,2,High,Conservative normalization
sardarji di bhatti since 1981,2,1,2,High,Conservative normalization
sardarji di rasoi,2,1,2,High,Conservative normalization
sardarji s chat and more,2,1,2,High,Conservative normalization
sarkar biryani house,2,2,2,Medium,Conservative normalization
sarkar misal,2,2,2,Medium,Conservative normalization
sarvottam chaap,2,1,2,High,Conservative normalization
sasarwadi mutton khanawal,2,1,2,High,Conservative normalization
satguru tiffin service,2,1,2,High,Conservative normalization
sathars restaurant,2,2,2,Medium,Conservative normalization
sathya foods,2,2,2,Medium,Conservative normalization
satkar,2,1,2,High,Conservative normalization
satkar fast food,2,1,2,High,Conservative normalization
sattvam,2,2,2,Medium,Conservative normalization
saturn the food planet,2,2,2,Medium,Conservative normalization
satvik rasoi,2,1,2,High,Conservative normalization
satyaas pure marathi,2,1,2,High,Conservative normalization
satyam restaurant,2,1,2,High,Conservative normalization
savister,2,1,2,High,Conservative normalization
sawamani sweets,2,1,2,High,Conservative normalization
sawariya dhaba,2,1,2,High,Conservative normalization
say cheezza,2,1,2,High,Conservative normalization
saz american brasserie,2,2,2,Medium,Conservative normalization
schezwan delight,2,2,2,Medium,Conservative normalization
schezwan express,2,2,2,Medium,Conservative normalization
schezwan kitchen,2,2,2,Medium,Conservative normalization
scoop,2,1,2,High,Conservative normalization
scoop and spoon cafe,2,1,2,High,Conservative normalization
scoops and shakes,2,2,2,Medium,Conservative normalization
scoops ice creams,2,2,2,Medium,Conservative normalization
scoops n shakes,2,2,2,Medium,Conservative normalization
scoops of joy,2,1,1,High,Conservative normalization
scoopy doo,2,1,2,High,Conservative normalization
scoopy smile,2,1,2,High,Conservative normalization
scooter bbq,2,1,2,High,Conservative normalization
sea food kitchen,2,1,2,High,Conservative normalization
seasame kitchen,2,1,2,High,Conservative normalization
season 9,2,1,2,High,Conservative normalization
seasons restaurant,2,1,2,High,Conservative normalization
second home,2,1,2,High,Conservative normalization
secret momos,2,1,2,High,Conservative normalization
secret shanghai,2,1,2,High,Conservative normalization
secret spice,2,2,2,Medium,Conservative normalization
sehat world,2,1,1,High,Conservative normalization
selvi mess,2,2,2,Medium,Conservative normalization
seoulmate,2,2,2,Medium,Conservative normalization
sethi chicken corner,2,2,2,Medium,Conservative normalization
sethi dhaba,2,1,2,High,Conservative normalization
sethi s,2,1,2,High,Conservative normalization
sethi s restaurant,2,1,2,High,Conservative normalization
setia cake o clock,2,1,2,High,Conservative normalization
seven carnival momos,2,2,2,Medium,Conservative normalization
seven days,2,1,2,High,Conservative normalization
seven spice,2,2,2,Medium,Conservative normalization
sgs non veg gundu palav,2,1,2,High,Conservative normalization
shaan hotel,2,2,2,Medium,Conservative normalization
shagun,2,1,2,High,Conservative normalization
shagun by mohana sweets estd 1958,2,2,2,Medium,Conservative normalization
shah ghouse cafe and restaurant,2,1,2,High,Conservative normalization
shahenshah,2,1,2,High,Conservative normalization
shahi biryani darbar,2,1,2,High,Conservative normalization
shahi biryani house,2,2,2,Medium,Conservative normalization
shahi darbar family restaurant,2,2,2,Medium,Conservative normalization
shahi dawat,2,1,2,High,Conservative normalization
shahi dhaba,2,1,2,High,Conservative normalization
shahi grill,2,2,2,Medium,Conservative normalization
shahi haveli,2,2,2,Medium,Conservative normalization
shahi hotel,2,2,2,Medium,Conservative normalization
shahi khazana,2,2,2,Medium,Conservative normalization
shahi kitchens,2,2,2,Medium,Conservative normalization
shahi mughal darbar,2,1,2,High,Conservative normalization
shahi muradabadi chicken biryani corner,2,2,2,Medium,Conservative normalization
shahi muradabadi chicken corner,2,1,2,High,Conservative normalization
shahi pakwan,2,1,2,High,Conservative normalization
shahi zaika,2,2,2,Medium,Conservative normalization
shaifan tiffin centre,2,1,1,High,Conservative normalization
shaikh sahab,2,1,2,High,Conservative normalization
shakahari,2,2,2,Medium,Conservative normalization
shake bar,2,1,2,High,Conservative normalization
shake busters,2,1,2,High,Conservative normalization
shake it off,2,1,2,High,Conservative normalization
shake junction,2,1,2,High,Conservative normalization
shake n score,2,2,2,Medium,Conservative normalization
shake ocean,2,2,2,Medium,Conservative normalization
shake villa,2,1,2,High,Conservative normalization
shakerzone,2,1,2,High,Conservative normalization
shakes and bakes,2,2,2,Medium,Conservative normalization
shakes and burgers,2,1,2,High,Conservative normalization
shakes and more,2,1,2,High,Conservative normalization
shakes and scoops,2,2,2,Medium,Conservative normalization
shakes bar,2,2,2,Medium,Conservative normalization
shakes factory,2,2,2,Medium,Conservative normalization
shakes hub,2,2,2,Medium,Conservative normalization
shakes n bites,2,2,2,Medium,Conservative normalization
shakes n snacks,2,2,2,Medium,Conservative normalization
shakes planet,2,1,2,High,Conservative normalization
shakes story,2,1,2,High,Conservative normalization
shakes town,2,1,2,High,Conservative normalization
shakes village,2,1,2,High,Conservative normalization
shakes world,2,1,2,High,Conservative normalization
shakesphere,2,1,2,High,Conservative normalization
shakeywakey,2,1,2,High,Conservative normalization
shalimar,2,1,2,High,Conservative normalization
shalimar caterers,2,1,2,High,Conservative normalization
shalini s salads,2,1,2,High,Conservative normalization
shama chicken biryani corner,2,1,2,High,Conservative normalization
shama muradabadi chicken corner,2,2,2,Medium,Conservative normalization
shamby s pizza cafe,2,2,2,Medium,Conservative normalization
shamiyana,2,1,2,High,Conservative normalization
shandaar,2,2,2,Medium,Conservative normalization
shandaar shawarma,2,1,2,High,Conservative normalization
shanghai chinese fast food,2,2,2,Medium,Conservative normalization
shanghai delight,2,1,2,High,Conservative normalization
shanghai kitchen,2,1,2,High,Conservative normalization
shanghai noodles,2,1,2,High,Conservative normalization
shanti restaurant,2,2,2,Medium,Conservative normalization
shaolin,2,1,2,High,Conservative normalization
shappu curry,2,2,2,Medium,Conservative normalization
sharda bhel,2,1,2,High,Conservative normalization
share chai,2,1,2,High,Conservative normalization
shariffs biryaneez,2,2,2,Medium,Conservative normalization
sharing spoon,2,2,2,Medium,Conservative normalization
sharma bhojanalaya,2,1,2,High,Conservative normalization
sharma bhojnalay,2,1,2,High,Conservative normalization
sharma foods,2,2,2,Medium,Conservative normalization
sharma hotel,2,1,2,High,Conservative normalization
sharma punjabi restaurant,2,1,2,High,Conservative normalization
sharma sweets,2,1,2,High,Conservative normalization
sharma sweets and restaurant,2,2,2,Medium,Conservative normalization
sharma sweets and snacks,2,2,2,Medium,Conservative normalization
sharma vaishno dhaba,2,1,2,High,Conservative normalization
shatanand bar and restaurant,2,1,2,High,Conservative normalization
shawarma,2,2,2,Medium,Conservative normalization
shawarma addiction,2,2,2,Medium,Conservative normalization
shawarma and more,2,1,2,High,Conservative normalization
shawarma brothers,2,1,2,High,Conservative normalization
shawarma club,2,1,2,High,Conservative normalization
shawarma cravings,2,1,2,High,Conservative normalization
shawarma culture,2,2,2,Medium,Conservative normalization
shawarma doner,2,1,2,High,Conservative normalization
shawarma fusion,2,2,2,Medium,Conservative normalization
shawarma grill,2,1,2,High,Conservative normalization
shawarma palace,2,2,2,Medium,Conservative normalization
shawarma queen,2,2,2,Medium,Conservative normalization
shawarma republic,2,1,2,High,Conservative normalization
shawarma squad,2,2,2,Medium,Conservative normalization
shawarma stop,2,1,2,High,Conservative normalization
shawarma stories,2,2,2,Medium,Conservative normalization
shawarma street,2,1,2,High,Conservative normalization
shawarma studio,2,2,2,Medium,Conservative normalization
shawarma world,2,1,2,High,Conservative normalization
shawarma wrap roll your secrets,2,2,2,Medium,Conservative normalization
shawarmer the grill house,2,2,2,Medium,Conservative normalization
sheetal restaurant and bar,2,1,2,High,Conservative normalization
sher a punjab,2,2,2,Medium,Conservative normalization
sher e bengal,2,2,2,Medium,Conservative normalization
sher e hindustani restaurant,2,1,2,High,Conservative normalization
sher e kolaghat,2,2,2,Medium,Conservative normalization
sher e punjab restaurant,2,2,2,Medium,Conservative normalization
shere e punjab,2,2,2,Medium,Conservative normalization
shere punjab hotel,2,1,2,High,Conservative normalization
shere punjab punjabi dhaba,2,2,2,Medium,Conservative normalization
shero home my bowl,2,1,2,High,Conservative normalization
shetty lunch home,2,1,2,High,Conservative normalization
shimla biryani,2,2,2,Medium,Conservative normalization
shine bakery,2,2,2,Medium,Conservative normalization
shiv bakers,2,1,2,High,Conservative normalization
shiv chinese center,2,1,2,High,Conservative normalization
shiv restaurant,2,2,2,Medium,Conservative normalization
shiv sagar veg restaurant,2,1,2,High,Conservative normalization
shiv shakti bakery,2,2,2,Medium,Conservative normalization
shiv shakti fast food,2,1,2,High,Conservative normalization
shiv shankar bhojnalaya,2,1,2,High,Conservative normalization
shiva cafe,2,2,2,Medium,Conservative normalization
shiva dhaba,2,2,2,Medium,Conservative normalization
shiva fast food,2,2,2,Medium,Conservative normalization
shiva foods,2,2,2,Medium,Conservative normalization
shiva vaishno dhaba,2,1,2,High,Conservative normalization
shivam,2,2,2,Medium,Conservative normalization
shivam bhojnalay,2,1,2,High,Conservative normalization
shivam dhaba,2,1,2,High,Conservative normalization
shivam pizza corner,2,2,2,Medium,Conservative normalization
shivani s kitchen,2,2,2,Medium,Conservative normalization
shivansh foods,2,1,2,High,Conservative normalization
shivas coffee bar and snacks,2,2,2,Medium,Conservative normalization
shivay restaurant,2,1,2,High,Conservative normalization
shivshakti pure veg,2,2,2,Medium,Conservative normalization
shoyu,2,1,2,High,Conservative normalization
shraddha restaurant,2,1,2,High,Conservative normalization
shree aboorvaas pure veg restaurant,2,2,2,Medium,Conservative normalization
shree balaji foods,2,2,2,Medium,Conservative normalization
shree bhagwati fast food,2,1,2,High,Conservative normalization
shree bhairavnath misthan bhandar rabdi guru,2,2,2,Medium,Conservative normalization
shree bikaner sweets,2,1,2,High,Conservative normalization
shree canteen,2,1,2,High,Conservative normalization
shree chinese,2,1,2,High,Conservative normalization
shree durga restaurant,2,2,2,Medium,Conservative normalization
shree ganesh,2,2,2,Medium,Conservative normalization
shree ganesh family restaurant,2,1,2,High,Conservative normalization
shree ganesh farsan,2,1,2,High,Conservative normalization
shree ganesh fast food,2,1,2,High,Conservative normalization
shree ganesh omlet,2,2,2,Medium,Conservative normalization
shree ganesh sagar,2,1,2,High,Conservative normalization
shree guru family restaurant,2,2,2,Medium,Conservative normalization
shree hari restaurant,2,1,2,High,Conservative normalization
shree kitchen,2,1,2,High,Conservative normalization
shree konar vilas,2,1,2,High,Conservative normalization
shree krishna,2,2,2,Medium,Conservative normalization
shree krishna fast food,2,1,2,High,Conservative normalization
shree krishna hot chips,2,2,2,Medium,Conservative normalization
shree krishna restaurant,2,2,2,Medium,Conservative normalization
shree krishna sweets,2,2,2,Medium,Conservative normalization
shree mohans karachi sweet mart,2,2,2,Medium,Conservative normalization
shree pappu restaurant,2,1,2,High,Conservative normalization
shree ram cafe,2,1,2,High,Conservative normalization
shree sai chinese corner,2,2,2,Medium,Conservative normalization
shree sai fast food,2,2,2,Medium,Conservative normalization
shree sai restaurant,2,2,2,Medium,Conservative normalization
shree santhosh family dhaba,2,1,2,High,Conservative normalization
shree santosh dhaba,2,1,2,High,Conservative normalization
shree satya vijay ice cream,2,1,2,High,Conservative normalization
shree shyam foods,2,1,2,High,Conservative normalization
shreeji bakers,2,2,2,Medium,Conservative normalization
shreeji farali center,2,1,2,High,Conservative normalization
shreeji food zone,2,1,2,High,Conservative normalization
shreeji khana khazana,2,1,2,High,Conservative normalization
shreejikrupa,2,1,2,High,Conservative normalization
shreenath ice cream,2,2,2,Medium,Conservative normalization
shreenath sandwich,2,1,2,High,Conservative normalization
shri agrawal sweets and namkeen,2,2,2,Medium,Conservative normalization
shri anandam restaurant,2,2,2,Medium,Conservative normalization
shri anandhaas veg,2,1,2,High,Conservative normalization
shri basaveshwara khanavali,2,2,2,Medium,Conservative normalization
shri bikaner misthan bhandar,2,1,2,High,Conservative normalization
shri gajanan shegaon kachori,2,2,2,Medium,Conservative normalization
shri ganesh chat bhandar,2,2,2,Medium,Conservative normalization
shri ganesh kitchen,2,1,2,High,Conservative normalization
shri ganesh sweet house,2,1,1,High,Conservative normalization
shri gowri krishnaa,2,1,2,High,Conservative normalization
shri gupta sweets,2,1,2,High,Conservative normalization
shri guru kripa bhojnalaya,2,2,2,Medium,Conservative normalization
shri gurukripa restaurant,2,1,2,High,Conservative normalization
shri hari restaurant,2,1,2,High,Conservative normalization
shri krishna restaurant,2,2,2,Medium,Conservative normalization
shri nath pav bhaji,2,1,2,High,Conservative normalization
shri ram dhaba,2,2,2,Medium,Conservative normalization
shri ram restaurant,2,2,2,Medium,Conservative normalization
shri sai chaap corner,2,1,2,High,Conservative normalization
shri sai lunch home,2,2,2,Medium,Conservative normalization
shri santosh family dhaba,2,2,2,Medium,Conservative normalization
shri satya vijay patel ice cream,2,1,2,High,Conservative normalization
shri shyam bakery,2,2,2,Medium,Conservative normalization
shri shyam dhaba,2,2,2,Medium,Conservative normalization
shri swami samarth paratha and misal house,2,2,2,Medium,Conservative normalization
shriji khana khazana,2,1,2,High,Conservative normalization
shriji rasoi,2,1,2,High,Conservative normalization
shrimanti misal and snacks,2,2,2,Medium,Conservative normalization
shris coffee,2,2,2,Medium,Conservative normalization
shrodinger s pizza,2,1,2,High,Conservative normalization
shubh sweet and snacks corner,2,1,2,High,Conservative normalization
shuddh desi khana,2,1,2,High,Conservative normalization
shudh vaishno rasoi,2,1,2,High,Conservative normalization
shyam fast food corner,2,2,2,Medium,Conservative normalization
shyam food corner,2,2,2,Medium,Conservative normalization
shyam ki rasoi,2,2,2,Medium,Conservative normalization
shyam restaurant,2,1,2,High,Conservative normalization
shyam s bombay halwa house,2,2,2,Medium,Conservative normalization
shyam sweets,2,2,2,Medium,Conservative normalization
sicily,2,1,2,High,Conservative normalization
siddhi restaurant,2,1,2,High,Conservative normalization
siddi fast food,2,2,2,Medium,Conservative normalization
siddique kabab centre,2,2,2,Medium,Conservative normalization
side dish,2,2,2,Medium,Conservative normalization
side dish factory,2,1,2,High,Conservative normalization
side wok,2,1,2,High,Conservative normalization
sigdi dosa,2,1,2,High,Conservative normalization
sigdi restaurant,2,1,2,High,Conservative normalization
signature cafe,2,2,2,Medium,Conservative normalization
signature restaurant,2,1,2,High,Conservative normalization
sijis pizza street,2,1,2,High,Conservative normalization
sikkim momo,2,1,2,High,Conservative normalization
sikkim momos,2,1,2,High,Conservative normalization
silver leaf,2,1,2,High,Conservative normalization
simbox,2,1,2,High,Conservative normalization
simla canteen,2,2,2,Medium,Conservative normalization
simple kitchen,2,1,2,High,Conservative normalization
simplee shawarma,2,2,2,Medium,Conservative normalization
simply delicious,2,2,2,Medium,Conservative normalization
simply desi,2,1,2,High,Conservative normalization
simply dosa,2,1,2,High,Conservative normalization
simply madras,2,1,2,High,Conservative normalization
sind bakery,2,2,2,Medium,Conservative normalization
sindh sweets,2,1,2,High,Conservative normalization
sindhi chicken corner,2,1,2,High,Conservative normalization
sindhoora gardenia,2,1,2,High,Conservative normalization
singh and ching,2,2,2,Medium,Conservative normalization
singh bakers,2,2,2,Medium,Conservative normalization
singh bakery,2,1,2,High,Conservative normalization
singh burger,2,1,2,High,Conservative normalization
singh chicken,2,1,2,High,Conservative normalization
singh chicken corner,2,2,2,Medium,Conservative normalization
singh grill chaap,2,1,2,High,Conservative normalization
singh kitchen,2,2,2,Medium,Conservative normalization
singh restaurant,2,1,2,High,Conservative normalization
singh s kitchen,2,1,2,High,Conservative normalization
singh s tadka,2,2,2,Medium,Conservative normalization
singh s tandoor,2,2,2,Medium,Conservative normalization
singh s veg grill,2,2,2,Medium,Conservative normalization
singh saab da dhaba,2,2,2,Medium,Conservative normalization
singh sahab,2,2,2,Medium,Conservative normalization
singh special kitchen,2,1,2,High,Conservative normalization
singla s,2,1,2,High,Conservative normalization
sippers,2,1,2,High,Conservative normalization
sitara family restaurant,2,1,2,High,Conservative normalization
sivarama reddy sweets,2,1,2,High,Conservative normalization
six degree restaurant,2,2,2,Medium,Conservative normalization
six degrees,2,2,2,Medium,Conservative normalization
sizzlers pizza inn,2,2,2,Medium,Conservative normalization
sizzling china,2,2,2,Medium,Conservative normalization
sizzling chinese,2,2,2,Medium,Conservative normalization
sizzling grill,2,2,2,Medium,Conservative normalization
sizzling momos,2,1,2,High,Conservative normalization
sizzling spices,2,1,2,High,Conservative normalization
sk foods,2,1,2,High,Conservative normalization
sk hotel,2,2,2,Medium,Conservative normalization
sk kitchen,2,1,2,High,Conservative normalization
sk s biryani house,2,2,2,Medium,Conservative normalization
skol,2,2,2,Medium,Conservative normalization
skroll,2,2,2,Medium,Conservative normalization
sky cafe,2,2,2,Medium,Conservative normalization
sky grill,2,2,2,Medium,Conservative normalization
skyline pizza,2,2,2,Medium,Conservative normalization
sliders and co,2,2,2,Medium,Conservative normalization
slurrp,2,1,2,High,Conservative normalization
slv kitchen,2,1,2,High,Conservative normalization
slv tiffin center,2,1,2,High,Conservative normalization
sm food court,2,2,2,Medium,Conservative normalization
small bites,2,1,2,High,Conservative normalization
small town cafe,2,2,2,Medium,Conservative normalization
smart cook,2,1,2,High,Conservative normalization
smiley,2,1,2,High,Conservative normalization
smiley kitchen,2,2,2,Medium,Conservative normalization
smoke bbq,2,1,2,High,Conservative normalization
smoke house bbq,2,2,2,Medium,Conservative normalization
smoke the sizzler house,2,1,2,High,Conservative normalization
smokeing tandoor,2,1,2,High,Conservative normalization
smokey shawarma,2,2,2,Medium,Conservative normalization
smokin burger,2,1,2,High,Conservative normalization
smokin joes,2,1,2,High,Conservative normalization
snack adda,2,2,2,Medium,Conservative normalization
snack attack,2,2,2,Medium,Conservative normalization
snack bar,2,1,2,High,Conservative normalization
snack bar express,2,1,2,High,Conservative normalization
snack hub,2,2,2,Medium,Conservative normalization
snack it,2,2,2,Medium,Conservative normalization
snack n go,2,2,2,Medium,Conservative normalization
snack n sip,2,2,2,Medium,Conservative normalization
snack point,2,1,2,High,Conservative normalization
snack shack,2,2,2,Medium,Conservative normalization
snack shack sandwich,2,2,2,Medium,Conservative normalization
snack station,2,1,2,High,Conservative normalization
snack zilla,2,1,2,High,Conservative normalization
snackers,2,2,2,Medium,Conservative normalization
snackers junktion,2,1,2,High,Conservative normalization
snackopedia,2,2,2,Medium,Conservative normalization
snackos,2,2,2,Medium,Conservative normalization
snackpack,2,1,2,High,Conservative normalization
snacks and more,2,2,2,Medium,Conservative normalization
snacks and sundaes,2,2,2,Medium,Conservative normalization
snacks box,2,2,2,Medium,Conservative normalization
snacks hut,2,2,2,Medium,Conservative normalization
snc curries,2,2,2,Medium,Conservative normalization
snow crest,2,2,2,Medium,Conservative normalization
snowdrop bakers,2,1,2,High,Conservative normalization
sns bites,2,1,2,High,Conservative normalization
so southy,2,1,2,High,Conservative normalization
sober and co,2,2,2,Medium,Conservative normalization
social adda,2,1,2,High,Conservative normalization
social kitchen,2,1,2,High,Conservative normalization
softy corner,2,2,2,Medium,Conservative normalization
softy treat,2,1,2,High,Conservative normalization
soi,2,1,2,High,Conservative normalization
soi panjab,2,2,2,Medium,Conservative normalization
solana food court,2,2,2,Medium,Conservative normalization
son of sardar,2,1,2,High,Conservative normalization
sonar bangla,2,1,2,High,Conservative normalization
sonu chaap corner,2,2,2,Medium,Conservative normalization
sonu fast food,2,1,2,High,Conservative normalization
sonu ki rasoi,2,2,2,Medium,Conservative normalization
sonu restaurant,2,2,2,Medium,Conservative normalization
sonu s kitchen,2,1,2,High,Conservative normalization
sonu tandoori paties,2,1,1,High,Conservative normalization
sony take away,2,2,2,Medium,Conservative normalization
sorrentina italian bakery,2,1,2,High,Conservative normalization
soul food,2,2,2,Medium,Conservative normalization
soul fry,2,1,2,High,Conservative normalization
soul kitchen,2,1,2,High,Conservative normalization
soul of china,2,2,2,Medium,Conservative normalization
soupx sip of health,2,1,2,High,Conservative normalization
south and more,2,2,2,Medium,Conservative normalization
south chef,2,1,2,High,Conservative normalization
south corner,2,2,2,Medium,Conservative normalization
south dosa plaza,2,1,2,High,Conservative normalization
south eats,2,1,2,High,Conservative normalization
south indian coffee house,2,2,2,Medium,Conservative normalization
south indian dhaba,2,2,2,Medium,Conservative normalization
south indian express,2,2,2,Medium,Conservative normalization
south indian snacks,2,2,2,Medium,Conservative normalization
south street,2,2,2,Medium,Conservative normalization
southern flavours,2,2,2,Medium,Conservative normalization
southex idli,2,1,2,High,Conservative normalization
southin cafe,2,1,2,High,Conservative normalization
soy de asian,2,1,2,High,Conservative normalization
soy street,2,1,2,High,Conservative normalization
soya chaap corner,2,2,2,Medium,Conservative normalization
soya moya chaap,2,2,2,Medium,Conservative normalization
space wings,2,1,2,High,Conservative normalization
special 30 dhaba,2,1,2,High,Conservative normalization
special biryani house,2,1,2,High,Conservative normalization
speedy asian,2,1,2,High,Conservative normalization
spice 2 go,2,2,2,Medium,Conservative normalization
spice affair,2,1,2,High,Conservative normalization
spice alley,2,2,2,Medium,Conservative normalization
spice aroma,2,2,2,Medium,Conservative normalization
spice bowl,2,1,2,High,Conservative normalization
spice delight,2,1,2,High,Conservative normalization
spice dragon,2,2,2,Medium,Conservative normalization
spice factory,2,2,2,Medium,Conservative normalization
spice hub restro cafe,2,1,2,High,Conservative normalization
spice klub,2,1,2,High,Conservative normalization
spice magic,2,1,2,High,Conservative normalization
spice mix,2,1,2,High,Conservative normalization
spice n nice,2,1,2,High,Conservative normalization
spice roots,2,2,2,Medium,Conservative normalization
spice route,2,2,2,Medium,Conservative normalization
spice stories,2,1,2,High,Conservative normalization
spice tandoor,2,1,2,High,Conservative normalization
spice trail,2,2,2,Medium,Conservative normalization
spice village,2,1,2,High,Conservative normalization
spice zone,2,1,2,High,Conservative normalization
spices,2,2,2,Medium,Conservative normalization
spicy bite restaurant,2,2,2,Medium,Conservative normalization
spicy bowl,2,1,2,High,Conservative normalization
spicy cafe,2,1,2,High,Conservative normalization
spicy chilly,2,2,2,Medium,Conservative normalization
spicy eats,2,2,2,Medium,Conservative normalization
spicy express,2,2,2,Medium,Conservative normalization
spicy food,2,2,2,Medium,Conservative normalization
spicy food plaza,2,2,2,Medium,Conservative normalization
spicy house,2,2,2,Medium,Conservative normalization
spicy junction,2,2,2,Medium,Conservative normalization
spicy n spice,2,2,2,Medium,Conservative normalization
spicy paradise,2,1,2,High,Conservative normalization
spicy pizza corner,2,2,2,Medium,Conservative normalization
spicy pulao house,2,1,2,High,Conservative normalization
spicy restaurant,2,1,2,High,Conservative normalization
spicy spoon,2,2,2,Medium,Conservative normalization
spicy treat,2,1,2,High,Conservative normalization
spicy wheels,2,2,2,Medium,Conservative normalization
spiffy,2,1,2,High,Conservative normalization
spoon and fork,2,2,2,Medium,Conservative normalization
spoony,2,1,2,High,Conservative normalization
square pizza,2,2,2,Medium,Conservative normalization
squisito cafe italiano,2,1,2,High,Conservative normalization
sr brothers,2,2,2,Medium,Conservative normalization
sr foods,2,1,2,High,Conservative normalization
sravani foods,2,2,2,Medium,Conservative normalization
sree akshayam,2,2,2,Medium,Conservative normalization
sree akshayam sweets n bakers,2,1,2,High,Conservative normalization
sree bhaktanjaneya abhiruchi sweets,2,1,2,High,Conservative normalization
sree durga sweets,2,1,2,High,Conservative normalization
sree krishna cafe,2,1,2,High,Conservative normalization
sree krishna hot chips,2,1,2,High,Conservative normalization
sree sampoornaa,2,1,2,High,Conservative normalization
sree santosh family dhaba,2,1,2,High,Conservative normalization
sree subbu mess,2,2,2,Medium,Conservative normalization
sri adiga veg,2,1,2,High,Conservative normalization
sri anjaneya family restaurant,2,1,2,High,Conservative normalization
sri annapoornis sweets,2,2,2,Medium,Conservative normalization
sri arya bhavan,2,2,2,Medium,Conservative normalization
sri balaji chapathi stall,2,2,2,Medium,Conservative normalization
sri balaji family dhaba,2,1,2,High,Conservative normalization
sri balaji fast food,2,1,2,High,Conservative normalization
sri balaji homely foods,2,2,2,Medium,Conservative normalization
sri balaji hotel,2,1,2,High,Conservative normalization
sri balaji mithai bhandar,2,2,2,Medium,Conservative normalization
sri balaji restaurant,2,2,2,Medium,Conservative normalization
sri banashankari donne biriyani,2,2,2,Medium,Conservative normalization
sri devi grand,2,1,2,High,Conservative normalization
sri durga bhavan,2,1,2,High,Conservative normalization
sri durga fast food,2,2,2,Medium,Conservative normalization
sri ganesh food court,2,2,2,Medium,Conservative normalization
sri ganesh sweets,2,2,2,Medium,Conservative normalization
sri ganesh tiffins,2,1,2,High,Conservative normalization
sri gayatri bhavan,2,2,2,Medium,Conservative normalization
sri gruhalaxmi home foods,2,1,2,High,Conservative normalization
sri guru prasad udipi hotel,2,2,2,Medium,Conservative normalization
sri jagannath special khaja,2,2,2,Medium,Conservative normalization
sri kanya comfort,2,1,2,High,Conservative normalization
sri kaveri tiffins,2,2,2,Medium,Conservative normalization
sri keshav chaats,2,1,2,High,Conservative normalization
sri krishna aramane,2,1,2,High,Conservative normalization
sri krishna gangothri,2,1,2,High,Conservative normalization
sri krishna grand,2,2,2,Medium,Conservative normalization
sri krishna mess,2,1,2,High,Conservative normalization
sri krishna upahara,2,1,2,High,Conservative normalization
sri kumaran mess,2,1,2,High,Conservative normalization
sri kumaran sweets and bakery,2,2,2,Medium,Conservative normalization
sri lakshmi bhavan,2,1,2,High,Conservative normalization
sri lakshmi food court,2,2,2,Medium,Conservative normalization
sri lakshmi tiffins and meals,2,2,2,Medium,Conservative normalization
sri laxmi food court,2,2,2,Medium,Conservative normalization
sri nidhi foods,2,2,2,Medium,Conservative normalization
sri raghavendra hot chips,2,2,2,Medium,Conservative normalization
sri raghavendra pure veg,2,2,2,Medium,Conservative normalization
sri raghavendra tiffins and meals,2,2,2,Medium,Conservative normalization
sri raja rajeswari fruit juices and salads,2,2,2,Medium,Conservative normalization
sri restaurant,2,2,2,Medium,Conservative normalization
sri sai chats,2,1,2,High,Conservative normalization
sri sai iyer bojan,2,2,2,Medium,Conservative normalization
sri sai manikanta cake world,2,2,2,Medium,Conservative normalization
sri sai mess,2,1,2,High,Conservative normalization
sri sai mom s kitchen restaurant,2,1,1,High,Conservative normalization
sri sai tiffins,2,2,2,Medium,Conservative normalization
sri sakthi mess,2,2,2,Medium,Conservative normalization
sri saravana hotel,2,2,2,Medium,Conservative normalization
sri srinivasa hotel,2,2,2,Medium,Conservative normalization
sri veg restaurant,2,1,2,High,Conservative normalization
sri venkateshwara hot chips,2,2,2,Medium,Conservative normalization
sri venkateswara tiffins,2,1,2,High,Conservative normalization
sridevi restaurant,2,1,2,High,Conservative normalization
srikanya,2,1,2,High,Conservative normalization
srinidhi sagar deluxe,2,1,2,High,Conservative normalization
srinidhi upachar,2,1,2,High,Conservative normalization
srinivasa mess,2,2,2,Medium,Conservative normalization
srinivasa restaurant and bar,2,2,2,Medium,Conservative normalization
srinivasa tiffins,2,2,2,Medium,Conservative normalization
sriracha,2,1,2,High,Conservative normalization
srishti foods,2,2,2,Medium,Conservative normalization
srk biryani,2,1,2,High,Conservative normalization
srm hotel,2,2,2,Medium,Conservative normalization
ss aashiq biriyani,2,1,2,High,Conservative normalization
ss cafe,2,1,2,High,Conservative normalization
ss hyderabad biryani,2,2,2,Medium,Conservative normalization
ss pandiyan hotel,2,1,2,High,Conservative normalization
ss restaurant,2,1,2,High,Conservative normalization
ss thoothukudi parotta,2,2,2,Medium,Conservative normalization
standard amritsari vaishno dhaba,2,2,2,Medium,Conservative normalization
standard kitchen,2,2,2,Medium,Conservative normalization
star ambur dum biryani,2,1,2,High,Conservative normalization
star biriyani and fast food,2,2,2,Medium,Conservative normalization
star briyani,2,2,2,Medium,Conservative normalization
star haji biryani,2,2,2,Medium,Conservative normalization
star hotel,2,2,2,Medium,Conservative normalization
star light,2,1,2,High,Conservative normalization
star pizzeria,2,2,2,Medium,Conservative normalization
star restaurant,2,1,2,High,Conservative normalization
startup cafe,2,2,2,Medium,Conservative normalization
starvin bros,2,2,2,Medium,Conservative normalization
starvin marvin,2,1,2,High,Conservative normalization
starving panda,2,1,2,High,Conservative normalization
stash cafe,2,1,2,High,Conservative normalization
steam momo,2,1,2,High,Conservative normalization
steaming mug,2,1,2,High,Conservative normalization
steaming mugs,2,1,2,High,Conservative normalization
steamy street,2,1,2,High,Conservative normalization
steel cafe by kunal gir,2,1,2,High,Conservative normalization
sticksy icecreams,2,1,2,High,Conservative normalization
stikstof ice cream cafe,2,2,2,Medium,Conservative normalization
stir fry express,2,2,2,Medium,Conservative normalization
stone oven,2,1,2,High,Conservative normalization
stonelicious,2,1,2,High,Conservative normalization
straight outta water,2,1,2,High,Conservative normalization
strati,2,1,2,High,Conservative normalization
street food corner,2,2,2,Medium,Conservative normalization
street kitchen,2,1,2,High,Conservative normalization
street monk pan asian gourmet,2,1,2,High,Conservative normalization
street pizza,2,2,2,Medium,Conservative normalization
street zaika,2,2,2,Medium,Conservative normalization
streetary,2,2,2,Medium,Conservative normalization
streetza pizza,2,2,2,Medium,Conservative normalization
sub co,2,2,2,Medium,Conservative normalization
sub hut,2,1,2,High,Conservative normalization
sub spot,2,1,2,High,Conservative normalization
subclub,2,1,2,High,Conservative normalization
sudam a1 sandwich,2,2,2,Medium,Conservative normalization
sudamache pohe,2,1,2,High,Conservative normalization
sudesh fast food,2,1,1,High,Conservative normalization
sufi palace,2,2,2,Medium,Conservative normalization
sugar and spice,2,2,2,Medium,Conservative normalization
sugarcane cafe,2,2,2,Medium,Conservative normalization
sugarcane wala,2,1,2,High,Conservative normalization
sugardough,2,1,2,High,Conservative normalization
sugarless life,2,1,2,High,Conservative normalization
sugarroom,2,1,2,High,Conservative normalization
sugo,2,1,2,High,Conservative normalization
sugran swayampakghar,2,1,2,High,Conservative normalization
sujata s kitchen,2,2,2,Medium,Conservative normalization
sukh sagar fast food,2,2,2,Medium,Conservative normalization
sukha sagara,2,1,2,High,Conservative normalization
sukoon cafe,2,2,2,Medium,Conservative normalization
sultan biryani,2,1,2,High,Conservative normalization
sultan rolls and sandwiches,2,1,2,High,Conservative normalization
sultan s biryani and kebab,2,2,2,Medium,Conservative normalization
sultan s shawarma,2,2,2,Medium,Conservative normalization
sultanat e biryani by purple foods,2,1,2,High,Conservative normalization
sulthan biriyani,2,2,2,Medium,Conservative normalization
sulthan briyani,2,1,2,High,Conservative normalization
sumo chinese vada pav,2,1,2,High,Conservative normalization
sun burger,2,1,2,High,Conservative normalization
sundae loverz,2,1,2,High,Conservative normalization
sunny bakery,2,2,2,Medium,Conservative normalization
sunny fast food,2,1,2,High,Conservative normalization
sunny s,2,2,2,Medium,Conservative normalization
sunny vaishno dhaba,2,1,2,High,Conservative normalization
sunrise bakers,2,1,2,High,Conservative normalization
sunrise restaurant,2,1,2,High,Conservative normalization
sunset desire,2,2,2,Medium,Conservative normalization
sunshine cafe,2,2,2,Medium,Conservative normalization
super dum biryani,2,1,2,High,Conservative normalization
super rolls,2,1,2,High,Conservative normalization
super shakes,2,1,2,High,Conservative normalization
super shawarma,2,1,2,High,Conservative normalization
super snacs corner,2,1,2,High,Conservative normalization
super star rajnikant hotel,2,1,2,High,Conservative normalization
superfoods,2,1,2,High,Conservative normalization
sura vie,2,1,2,High,Conservative normalization
surabhi grand,2,2,2,Medium,Conservative normalization
suraj fast food,2,2,2,Medium,Conservative normalization
suruchi biryani house,2,2,2,Medium,Conservative normalization
suruchi mess,2,2,2,Medium,Conservative normalization
suryawanshi,2,1,2,High,Conservative normalization
sushi haus by haus delivery,2,1,2,High,Conservative normalization
sushiholic,2,1,2,High,Conservative normalization
sushila thali wali kitchen,2,2,2,Medium,Conservative normalization
suswadu,2,1,2,High,Conservative normalization
sv food court,2,1,2,High,Conservative normalization
svm grand,2,1,2,High,Conservative normalization
swaad bhojnalaya,2,2,2,Medium,Conservative normalization
swaad dhaba,2,2,2,Medium,Conservative normalization
swaad kulfi and ice creams,2,1,2,High,Conservative normalization
swaad mahel,2,2,2,Medium,Conservative normalization
swaad sadan,2,2,2,Medium,Conservative normalization
swaad sangam,2,1,2,High,Conservative normalization
swad desi,2,1,2,High,Conservative normalization
swad e biryani,2,2,2,Medium,Conservative normalization
swad e punjab,2,2,2,Medium,Conservative normalization
swad fast food,2,1,2,High,Conservative normalization
swad ka khazana,2,1,2,High,Conservative normalization
swad kolhapuri,2,2,2,Medium,Conservative normalization
swad of india,2,1,2,High,Conservative normalization
swad paratha house,2,1,2,High,Conservative normalization
swadesh,2,1,2,High,Conservative normalization
swadeshi,2,1,2,High,Conservative normalization
swadish,2,1,2,High,Conservative normalization
swadishtam,2,2,2,Medium,Conservative normalization
swagth restaurant,2,1,2,High,Conservative normalization
swaminarayan dining hall,2,2,2,Medium,Conservative normalization
swaminarayan restaurant,2,2,2,Medium,Conservative normalization
swans,2,1,2,High,Conservative normalization
swaraj hotel,2,2,2,Medium,Conservative normalization
swastik dhaba,2,1,2,High,Conservative normalization
swastik hotel,2,2,2,Medium,Conservative normalization
swastik restaurant,2,2,2,Medium,Conservative normalization
swathi grand,2,2,2,Medium,Conservative normalization
swati s kitchen,2,2,2,Medium,Conservative normalization
swati snacks,2,1,2,High,Conservative normalization
sweet county,2,1,2,High,Conservative normalization
sweet home,2,2,2,Medium,Conservative normalization
sweet paradise,2,1,2,High,Conservative normalization
sweet spot,2,1,2,High,Conservative normalization
sweet teeth,2,1,2,High,Conservative normalization
sweet treat,2,2,2,Medium,Conservative normalization
sweet treats,2,2,2,Medium,Conservative normalization
sweetie up,2,1,2,High,Conservative normalization
swiffin cake shop,2,2,2,Medium,Conservative normalization
swiss cake and bakery,2,1,2,High,Conservative normalization
syamala dry fruit and snacks,2,1,2,High,Conservative normalization
szechuan dumpling house,2,1,2,High,Conservative normalization
t d l sandwich factory,2,2,2,Medium,Conservative normalization
t ruchi,2,1,1,High,Conservative normalization
t shop tea snacks and more,2,1,2,High,Conservative normalization
t spot,2,1,2,High,Conservative normalization
t vanamm purity of tasty,2,1,2,High,Conservative normalization
tabla,2,1,2,High,Conservative normalization
tag pizza and cafe,2,2,2,Medium,Conservative normalization
tai chi bowl,2,1,2,High,Conservative normalization
taiyar pan center,2,1,2,High,Conservative normalization
taj,2,2,2,Medium,Conservative normalization
taj biryani house,2,1,2,High,Conservative normalization
taj briyani,2,1,2,High,Conservative normalization
taj chicken corner,2,2,2,Medium,Conservative normalization
taj darbar,2,1,2,High,Conservative normalization
taj food corner,2,2,2,Medium,Conservative normalization
tajmahal hotel,2,1,2,High,Conservative normalization
take away,2,2,2,Medium,Conservative normalization
takeaway junction,2,2,2,Medium,Conservative normalization
takki tikka,2,1,2,High,Conservative normalization
tales and spirits,2,1,2,High,Conservative normalization
tamang momos,2,1,2,High,Conservative normalization
tambul,2,1,2,High,Conservative normalization
tanatan,2,2,2,Medium,Conservative normalization
tandoor and curries,2,2,2,Medium,Conservative normalization
tandoor and tadka,2,1,2,High,Conservative normalization
tandoor box,2,1,2,High,Conservative normalization
tandoor chai,2,1,2,High,Conservative normalization
tandoor e punjab,2,2,2,Medium,Conservative normalization
tandoor garage,2,1,2,High,Conservative normalization
tandoor king,2,1,2,High,Conservative normalization
tandoori bhatti,2,1,2,High,Conservative normalization
tandoori bite,2,2,2,Medium,Conservative normalization
tandoori chai and snacks,2,2,2,Medium,Conservative normalization
tandoori chaska,2,1,2,High,Conservative normalization
tandoori darbar,2,1,2,High,Conservative normalization
tandoori dhamaka,2,1,2,High,Conservative normalization
tandoori flame,2,2,2,Medium,Conservative normalization
tandoori grill,2,1,2,High,Conservative normalization
tandoori nation,2,2,2,Medium,Conservative normalization
tandoori night kitchen,2,2,2,Medium,Conservative normalization
tandoori paradise,2,1,2,High,Conservative normalization
tandoori pitara,2,2,2,Medium,Conservative normalization
tandoori spot,2,2,2,Medium,Conservative normalization
tandoori tokri,2,2,2,Medium,Conservative normalization
tandoori town,2,1,2,High,Conservative normalization
tandoori wala,2,1,2,High,Conservative normalization
tandoori zayka,2,2,2,Medium,Conservative normalization
tandooriwala,2,2,2,Medium,Conservative normalization
tangerine,2,1,2,High,Conservative normalization
tangra kitchen,2,2,2,Medium,Conservative normalization
tanishq family restaurant,2,1,1,High,Conservative normalization
tanndoori hut,2,1,1,High,Conservative normalization
tao asian kitchen,2,2,2,Medium,Conservative normalization
tapriwala,2,2,2,Medium,Conservative normalization
tarbouche,2,1,2,High,Conservative normalization
taskeen,2,1,2,High,Conservative normalization
taste corner,2,2,2,Medium,Conservative normalization
taste hub,2,2,2,Medium,Conservative normalization
taste of bombay sandwich,2,2,2,Medium,Conservative normalization
taste of champaran,2,2,2,Medium,Conservative normalization
taste of darjeeling,2,2,2,Medium,Conservative normalization
taste of delhi,2,2,2,Medium,Conservative normalization
taste of italy,2,2,2,Medium,Conservative normalization
taste of kolkata,2,2,2,Medium,Conservative normalization
taste of kolkata rolls,2,1,2,High,Conservative normalization
taste of magadh,2,1,2,High,Conservative normalization
taste of malabar,2,2,2,Medium,Conservative normalization
taste of malvan,2,1,2,High,Conservative normalization
taste of odisha,2,2,2,Medium,Conservative normalization
taste of sikkim,2,2,2,Medium,Conservative normalization
taste of street,2,1,2,High,Conservative normalization
taste of tandoor,2,2,2,Medium,Conservative normalization
taste of town,2,2,2,Medium,Conservative normalization
taste on wheels,2,1,2,High,Conservative normalization
taste town,2,2,2,Medium,Conservative normalization
taste ville,2,1,1,High,Conservative normalization
tasty and tasty fast food,2,2,2,Medium,Conservative normalization
tasty bakers,2,1,2,High,Conservative normalization
tasty biriyani center,2,2,2,Medium,Conservative normalization
tasty byte,2,2,2,Medium,Conservative normalization
tasty cafe,2,1,2,High,Conservative normalization
tasty chinese,2,2,2,Medium,Conservative normalization
tasty delights,2,1,2,High,Conservative normalization
tasty food court,2,2,2,Medium,Conservative normalization
tasty fried chicken,2,2,2,Medium,Conservative normalization
tasty guru,2,2,2,Medium,Conservative normalization
tasty home food,2,2,2,Medium,Conservative normalization
tasty punjab,2,2,2,Medium,Conservative normalization
tasty restaurant,2,1,2,High,Conservative normalization
tasty shawarma,2,1,2,High,Conservative normalization
tasty shawarmas,2,1,2,High,Conservative normalization
tasty thali,2,1,2,High,Conservative normalization
tasty thalis,2,1,2,High,Conservative normalization
tasty trails,2,2,2,Medium,Conservative normalization
tata the indian food company,2,2,2,Medium,Conservative normalization
tathastu restaurant,2,2,2,Medium,Conservative normalization
tauby s,2,1,2,High,Conservative normalization
tawa biryani,2,2,2,Medium,Conservative normalization
tawa restaurant,2,1,2,High,Conservative normalization
tawah,2,1,2,High,Conservative normalization
taxi world food cafe,2,2,2,Medium,Conservative normalization
taza khaana,2,1,2,High,Conservative normalization
te amo,2,1,2,High,Conservative normalization
te co juice land,2,2,2,Medium,Conservative normalization
tea boy,2,2,2,Medium,Conservative normalization
tea brew,2,1,2,High,Conservative normalization
tea capital,2,1,2,High,Conservative normalization
tea corner,2,2,2,Medium,Conservative normalization
tea kadai,2,2,2,Medium,Conservative normalization
tea lounge,2,2,2,Medium,Conservative normalization
tea max cafe,2,2,2,Medium,Conservative normalization
tea pea cafe,2,2,2,Medium,Conservative normalization
tea plus tea bar,2,1,2,High,Conservative normalization
tea s n more,2,1,2,High,Conservative normalization
tea spot,2,2,2,Medium,Conservative normalization
tea trails,2,1,2,High,Conservative normalization
tea types,2,2,2,Medium,Conservative normalization
tea way,2,1,2,High,Conservative normalization
tea world,2,2,2,Medium,Conservative normalization
tealicious cafe,2,2,2,Medium,Conservative normalization
tealogy cafe,2,1,2,High,Conservative normalization
teas and wishes,2,1,2,High,Conservative normalization
telangana house,2,2,2,Medium,Conservative normalization
telugu ruchulu,2,1,2,High,Conservative normalization
temperature,2,2,2,Medium,Conservative normalization
temptations bakery,2,1,2,High,Conservative normalization
temptations restaurant,2,1,2,High,Conservative normalization
tender fresh,2,2,2,Medium,Conservative normalization
tenzin wheat momos and more,2,1,2,High,Conservative normalization
tero parbon,2,1,2,High,Conservative normalization
testy bites,2,2,2,Medium,Conservative normalization
testy creativity,2,1,2,High,Conservative normalization
thaal kitchen,2,2,2,Medium,Conservative normalization
thaali box desi meals and thalis,2,1,2,High,Conservative normalization
thai mee by don giovanni s,2,1,2,High,Conservative normalization
thakkaaram restaurant,2,1,2,High,Conservative normalization
thalaivar the boss of south indian food,2,1,2,High,Conservative normalization
thalappakattu biriyani,2,1,2,High,Conservative normalization
thalasery house,2,1,2,High,Conservative normalization
thalassery kitchen,2,1,2,High,Conservative normalization
thalassery mess,2,2,2,Medium,Conservative normalization
thali,2,2,2,Medium,Conservative normalization
thali and combos 24x7,2,1,2,High,Conservative normalization
thali by mom,2,2,2,Medium,Conservative normalization
thali corner,2,2,2,Medium,Conservative normalization
thali ghar,2,2,2,Medium,Conservative normalization
thali hut,2,1,2,High,Conservative normalization
thali king,2,2,2,Medium,Conservative normalization
thali master malviya nagar,2,2,2,Medium,Conservative normalization
thali meals,2,1,2,High,Conservative normalization
thali nation,2,1,2,High,Conservative normalization
thali street,2,1,2,High,Conservative normalization
thali xpress,2,2,2,Medium,Conservative normalization
thalis of india,2,1,2,High,Conservative normalization
thaliwala com,2,1,2,High,Conservative normalization
thancos natural ice cream,2,2,2,Medium,Conservative normalization
thapa chinese,2,1,2,High,Conservative normalization
thapa chinese kitchen,2,1,2,High,Conservative normalization
thapa tasty momos,2,1,2,High,Conservative normalization
thara local,2,2,2,Medium,Conservative normalization
tharavadu,2,1,2,High,Conservative normalization
that idly place,2,1,2,High,Conservative normalization
the 9 wonders,2,1,2,High,Conservative normalization
the 99 thali shop by chaigram,2,1,2,High,Conservative normalization
the al baik,2,2,2,Medium,Conservative normalization
the alcove,2,1,2,High,Conservative normalization
the amazing kitchen,2,2,2,Medium,Conservative normalization
the appetite momos,2,1,2,High,Conservative normalization
the appetiter,2,1,2,High,Conservative normalization
the arab shack,2,1,2,High,Conservative normalization
the arab station,2,1,2,High,Conservative normalization
the arabian bites,2,2,2,Medium,Conservative normalization
the arabian factory,2,1,2,High,Conservative normalization
the arabian grills,2,1,2,High,Conservative normalization
the arabian restaurant,2,1,2,High,Conservative normalization
the art of pizza,2,2,2,Medium,Conservative normalization
the art of spices,2,1,2,High,Conservative normalization
the asian flare,2,1,2,High,Conservative normalization
the asian kitchen,2,2,2,Medium,Conservative normalization
the backbenchers,2,1,2,High,Conservative normalization
the backyard,2,1,2,High,Conservative normalization
the bake feast,2,2,2,Medium,Conservative normalization
the bake house,2,1,2,High,Conservative normalization
the bakers,2,1,2,High,Conservative normalization
the bakers table,2,2,2,Medium,Conservative normalization
the bakery shop,2,1,2,High,Conservative normalization
the baking room,2,1,2,High,Conservative normalization
the bangalore pizza house,2,1,2,High,Conservative normalization
the bangs,2,1,2,High,Conservative normalization
the banyan box,2,1,2,High,Conservative normalization
the barbeque company,2,1,2,High,Conservative normalization
the barbeque junction,2,1,2,High,Conservative normalization
the basil deck,2,1,2,High,Conservative normalization
the bawarchi s,2,2,2,Medium,Conservative normalization
the bay grill,2,1,2,High,Conservative normalization
the beanshot cafe,2,2,2,Medium,Conservative normalization
the beer cafe,2,2,2,Medium,Conservative normalization
the belgian street,2,2,2,Medium,Conservative normalization
the belgian waffelz,2,1,2,High,Conservative normalization
the belgian waffle factory,2,2,2,Medium,Conservative normalization
the best,2,1,2,High,Conservative normalization
the bhoj company,2,1,2,High,Conservative normalization
the big bake theory,2,1,2,High,Conservative normalization
the big bite,2,2,2,Medium,Conservative normalization
the big chilli,2,1,2,High,Conservative normalization
the big f,2,1,2,High,Conservative normalization
the big falooda,2,1,2,High,Conservative normalization
the big house cafe,2,1,2,High,Conservative normalization
the big momo,2,2,2,Medium,Conservative normalization
the big tummy,2,1,2,High,Conservative normalization
the biryani box,2,1,2,High,Conservative normalization
the biryani cafe,2,2,2,Medium,Conservative normalization
the biryani express,2,1,2,High,Conservative normalization
the biryani mall,2,1,2,High,Conservative normalization
the biryani nation,2,2,2,Medium,Conservative normalization
the biryani plate,2,1,2,High,Conservative normalization
the biryani point,2,2,2,Medium,Conservative normalization
the biryani tales,2,1,2,High,Conservative normalization
the biryani town,2,1,2,High,Conservative normalization
the biryanis,2,1,2,High,Conservative normalization
the bite,2,1,2,High,Conservative normalization
the bite gram,2,1,2,High,Conservative normalization
the black pepper,2,1,2,High,Conservative normalization
the blue bawarchi restaurant odia and bengali food,2,2,2,Medium,Conservative normalization
the bombay club,2,1,2,High,Conservative normalization
the bowl factory,2,2,2,Medium,Conservative normalization
the bowl factory by spice factory,2,1,2,High,Conservative normalization
the bowl project,2,2,2,Medium,Conservative normalization
the breakfast,2,2,2,Medium,Conservative normalization
the breakfast story,2,1,2,High,Conservative normalization
the brunch house,2,1,2,High,Conservative normalization
the bungalow cafe,2,1,2,High,Conservative normalization
the bunny cafe,2,2,2,Medium,Conservative normalization
the burger bar,2,1,2,High,Conservative normalization
the burger bay,2,1,2,High,Conservative normalization
the burger co,2,1,2,High,Conservative normalization
the burger craft,2,1,2,High,Conservative normalization
the burger factory by don giovannis,2,2,2,Medium,Conservative normalization
the burger hub,2,1,2,High,Conservative normalization
the burger king,2,1,2,High,Conservative normalization
the burger mafia,2,1,2,High,Conservative normalization
the burger s destination,2,1,2,High,Conservative normalization
the burger shack,2,1,2,High,Conservative normalization
the burger shop,2,1,2,High,Conservative normalization
the burrito bowl,2,1,2,High,Conservative normalization
the cafe,2,2,2,Medium,Conservative normalization
the cafe continental,2,2,2,Medium,Conservative normalization
the cafe town,2,2,2,Medium,Conservative normalization
the cake and spoon,2,2,2,Medium,Conservative normalization
the cake basket,2,2,2,Medium,Conservative normalization
the cake boutique,2,1,2,High,Conservative normalization
the cake box,2,2,2,Medium,Conservative normalization
the cake carnival,2,2,2,Medium,Conservative normalization
the cake city,2,1,2,High,Conservative normalization
the cake company,2,2,2,Medium,Conservative normalization
the cake connection,2,2,2,Medium,Conservative normalization
the cake couture,2,1,2,High,Conservative normalization
the cake empire,2,1,2,High,Conservative normalization
the cake farm,2,1,2,High,Conservative normalization
the cake room,2,1,2,High,Conservative normalization
the cake wala,2,2,2,Medium,Conservative normalization
the cake warehouse,2,1,2,High,Conservative normalization
the cake zone,2,2,2,Medium,Conservative normalization
the cakepoint,2,1,2,High,Conservative normalization
the cakery bakery,2,2,2,Medium,Conservative normalization
the calcutta club,2,1,2,High,Conservative normalization
the calorie kitchen,2,1,2,High,Conservative normalization
the canteen,2,1,2,High,Conservative normalization
the canteen project,2,1,2,High,Conservative normalization
the cascade grab and go,2,1,2,High,Conservative normalization
the celebration cakes and desserts,2,1,2,High,Conservative normalization
the centurian quick bites,2,1,2,High,Conservative normalization
the chaap club,2,1,2,High,Conservative normalization
the chaap company,2,1,2,High,Conservative normalization
the chaap street,2,1,2,High,Conservative normalization
the chai spot,2,1,2,High,Conservative normalization
the chai story,2,1,2,High,Conservative normalization
the chai theka,2,1,2,High,Conservative normalization
the chai theka specialist of chai,2,2,2,Medium,Conservative normalization
the chaiwala,2,1,2,High,Conservative normalization
the champaran meat house,2,2,2,Medium,Conservative normalization
the chapter kitchen,2,2,2,Medium,Conservative normalization
the chatter house,2,1,2,High,Conservative normalization
the cheese story,2,1,2,High,Conservative normalization
the cheesecake company,2,1,2,High,Conservative normalization
the cheesecakes and more,2,1,2,High,Conservative normalization
the chef house,2,1,2,High,Conservative normalization
the chef in,2,2,2,Medium,Conservative normalization
the chef s kitchen,2,2,2,Medium,Conservative normalization
the chefs cakes and bakes,2,2,2,Medium,Conservative normalization
the chennai sandwich shop,2,2,2,Medium,Conservative normalization
the chhaunk,2,1,2,High,Conservative normalization
the chicken hut,2,1,2,High,Conservative normalization
the chicken king,2,2,2,Medium,Conservative normalization
the china box,2,2,2,Medium,Conservative normalization
the china express,2,1,2,High,Conservative normalization
the chinese and thai restaurant,2,2,2,Medium,Conservative normalization
the chinese bistro,2,1,2,High,Conservative normalization
the chinese box,2,2,2,Medium,Conservative normalization
the chinese food,2,2,2,Medium,Conservative normalization
the chinese food company,2,1,2,High,Conservative normalization
the chinese house,2,2,2,Medium,Conservative normalization
the chinese junction,2,1,2,High,Conservative normalization
the chinese kitchen by cafe toastie express,2,1,2,High,Conservative normalization
the chinese man,2,1,2,High,Conservative normalization
the chinese plaza,2,2,2,Medium,Conservative normalization
the chowmein shop,2,1,2,High,Conservative normalization
the churro co,2,2,2,Medium,Conservative normalization
the chutney co,2,1,2,High,Conservative normalization
the clay pot,2,1,2,High,Conservative normalization
the coco story,2,2,2,Medium,Conservative normalization
the cocoa bond,2,1,2,High,Conservative normalization
the coffee cafe,2,1,2,High,Conservative normalization
the coffee culture,2,1,2,High,Conservative normalization
the coffee house,2,2,2,Medium,Conservative normalization
the coffee tree,2,1,2,High,Conservative normalization
the cone chaat,2,1,2,High,Conservative normalization
the container cafe,2,1,2,High,Conservative normalization
the coorg food co,2,1,2,High,Conservative normalization
the corner cafe,2,1,2,High,Conservative normalization
the crazy food,2,2,2,Medium,Conservative normalization
the cream melting,2,1,2,High,Conservative normalization
the crepe cafe,2,2,2,Medium,Conservative normalization
the crispy bites,2,2,2,Medium,Conservative normalization
the crispy hawkers,2,1,2,High,Conservative normalization
the curry,2,1,2,High,Conservative normalization
the curry hub,2,2,2,Medium,Conservative normalization
the curry king,2,2,2,Medium,Conservative normalization
the darjeeling,2,1,2,High,Conservative normalization
the deagh,2,1,2,High,Conservative normalization
the delicious kitchen,2,2,2,Medium,Conservative normalization
the delicious mafia,2,1,2,High,Conservative normalization
the delicious pizza,2,1,2,High,Conservative normalization
the desi tadka,2,2,2,Medium,Conservative normalization
the diet hub,2,2,2,Medium,Conservative normalization
the dirty apron,2,1,2,High,Conservative normalization
the divine cafe,2,2,2,Medium,Conservative normalization
the dosa,2,1,2,High,Conservative normalization
the downtown cafe,2,2,2,Medium,Conservative normalization
the dragon chinese,2,1,2,High,Conservative normalization
the dragons kitchen,2,1,2,High,Conservative normalization
the drumstick,2,1,2,High,Conservative normalization
the dugout,2,1,2,High,Conservative normalization
the eatery four points by sheraton,2,2,2,Medium,Conservative normalization
the egg eatery eggstremely delicious,2,2,2,Medium,Conservative normalization
the egg story,2,2,2,Medium,Conservative normalization
the falooda shop,2,2,2,Medium,Conservative normalization
the fat boy,2,1,2,High,Conservative normalization
the fat lala,2,2,2,Medium,Conservative normalization
the favourite biryani,2,1,2,High,Conservative normalization
the fern residency,2,1,2,High,Conservative normalization
the finch,2,2,2,Medium,Conservative normalization
the food adda,2,2,2,Medium,Conservative normalization
the food chain,2,2,2,Medium,Conservative normalization
the food company,2,2,2,Medium,Conservative normalization
the food corner,2,1,2,High,Conservative normalization
the food gallery,2,2,2,Medium,Conservative normalization
the food garden,2,1,2,High,Conservative normalization
the food house,2,1,2,High,Conservative normalization
the food hut,2,1,2,High,Conservative normalization
the food king,2,1,2,High,Conservative normalization
the food lover,2,2,2,Medium,Conservative normalization
the food spot,2,1,2,High,Conservative normalization
the food stories,2,1,2,High,Conservative normalization
the food studio kitchen and bar,2,1,2,High,Conservative normalization
the food tower,2,1,2,High,Conservative normalization
the food village,2,2,2,Medium,Conservative normalization
the foodie terrace,2,2,2,Medium,Conservative normalization
the foodies house,2,2,2,Medium,Conservative normalization
the frackers,2,2,2,Medium,Conservative normalization
the fried chicken,2,2,2,Medium,Conservative normalization
the fritter fry,2,1,2,High,Conservative normalization
the fruit bowl co,2,1,2,High,Conservative normalization
the fruit creamery,2,1,2,High,Conservative normalization
the fruit tree,2,1,2,High,Conservative normalization
the frying pan,2,1,2,High,Conservative normalization
the fusion pizza,2,1,2,High,Conservative normalization
the galley eats,2,1,2,High,Conservative normalization
the garage cafe,2,1,2,High,Conservative normalization
the garden cafe,2,2,2,Medium,Conservative normalization
the german bakers,2,2,2,Medium,Conservative normalization
the german bakes,2,1,2,High,Conservative normalization
the golden crust,2,2,2,Medium,Conservative normalization
the golden samosa,2,1,2,High,Conservative normalization
the good food,2,1,2,High,Conservative normalization
the great champaran chicken and mutton since 2009,2,1,2,High,Conservative normalization
the great indian food,2,2,2,Medium,Conservative normalization
the great indian kitchen since 2012,2,1,2,High,Conservative normalization
the great indian pizza,2,1,2,High,Conservative normalization
the great kabab factory,2,1,2,High,Conservative normalization
the great wall,2,2,2,Medium,Conservative normalization
the green clown,2,2,2,Medium,Conservative normalization
the green culture,2,1,2,High,Conservative normalization
the green house cafe,2,1,2,High,Conservative normalization
the green house health cafe,2,1,2,High,Conservative normalization
the green kitchen,2,1,2,High,Conservative normalization
the grill story,2,1,2,High,Conservative normalization
the grilled cheese lab,2,2,2,Medium,Conservative normalization
the grilled station,2,1,2,High,Conservative normalization
the grind house,2,1,2,High,Conservative normalization
the grub,2,1,2,High,Conservative normalization
the grub club,2,1,2,High,Conservative normalization
the gun bbq,2,2,2,Medium,Conservative normalization
the habit,2,1,2,High,Conservative normalization
the hangover,2,1,2,High,Conservative normalization
the happy punjabi kitchen,2,2,2,Medium,Conservative normalization
the healthy bakes,2,2,2,Medium,Conservative normalization
the healthy food,2,2,2,Medium,Conservative normalization
the hide out cafe,2,1,2,High,Conservative normalization
the high joint,2,1,2,High,Conservative normalization
the himalayan momo company,2,1,2,High,Conservative normalization
the home cuisine,2,2,2,Medium,Conservative normalization
the hot and sweet chinese,2,1,2,High,Conservative normalization
the hot box,2,1,2,High,Conservative normalization
the house milkshakes and waffles,2,2,2,Medium,Conservative normalization
the house of chopsticks by pind balluchi,2,1,2,High,Conservative normalization
the house of misal,2,2,2,Medium,Conservative normalization
the house of snacks,2,2,2,Medium,Conservative normalization
the howrah bridge,2,1,2,High,Conservative normalization
the hub,2,2,2,Medium,Conservative normalization
the hunger games,2,2,2,Medium,Conservative normalization
the hunger hub,2,2,2,Medium,Conservative normalization
the hungers point,2,2,2,Medium,Conservative normalization
the hungry birds,2,2,2,Medium,Conservative normalization
the hungry hut,2,1,2,High,Conservative normalization
the hungry lions,2,2,2,Medium,Conservative normalization
the hyderabad food house,2,1,2,High,Conservative normalization
the hyderabadi biryani house,2,1,2,High,Conservative normalization
the ice house,2,1,2,High,Conservative normalization
the imperial pizza,2,1,2,High,Conservative normalization
the indian bread,2,2,2,Medium,Conservative normalization
the indian cafe,2,2,2,Medium,Conservative normalization
the indian grill,2,2,2,Medium,Conservative normalization
the irish brewery a unit of the fortune bakery,2,2,2,Medium,Conservative normalization
the italian pizza,2,2,2,Medium,Conservative normalization
the jerry likes,2,2,2,Medium,Conservative normalization
the jorhat kitchen,2,1,2,High,Conservative normalization
the juice factory,2,1,2,High,Conservative normalization
the juice point,2,2,2,Medium,Conservative normalization
the kathi roll express,2,2,2,Medium,Conservative normalization
the kathi roll jail,2,2,2,Medium,Conservative normalization
the kathi roll junction,2,1,2,High,Conservative normalization
the kathi rolls,2,1,2,High,Conservative normalization
the kebab junction,2,2,2,Medium,Conservative normalization
the kebab point,2,2,2,Medium,Conservative normalization
the keto kitchen,2,1,2,High,Conservative normalization
the king biryani,2,2,2,Medium,Conservative normalization
the king cafe,2,2,2,Medium,Conservative normalization
the king of thali,2,2,2,Medium,Conservative normalization
the kitchen by chef deepa,2,1,2,High,Conservative normalization
the kitchen club,2,2,2,Medium,Conservative normalization
the kitchen exotica,2,1,2,High,Conservative normalization
the kitchen express,2,2,2,Medium,Conservative normalization
the kitchen king,2,2,2,Medium,Conservative normalization
the kolkata biryani,2,1,2,High,Conservative normalization
the krispy house,2,1,2,High,Conservative normalization
the kulcha king,2,1,2,High,Conservative normalization
the kunafa station,2,1,2,High,Conservative normalization
the landmark hotel,2,2,2,Medium,Conservative normalization
the lassi pub,2,2,2,Medium,Conservative normalization
the lassi shop,2,2,2,Medium,Conservative normalization
the lazeez house,2,1,2,High,Conservative normalization
the legendairy milkshakes,2,2,2,Medium,Conservative normalization
the light house,2,1,2,High,Conservative normalization
the litti chokha,2,2,2,Medium,Conservative normalization
the little bistro,2,2,2,Medium,Conservative normalization
the little easy,2,1,2,High,Conservative normalization
the little schezwan,2,1,2,High,Conservative normalization
the local house,2,2,2,Medium,Conservative normalization
the london shakes 1950,2,1,2,High,Conservative normalization
the mad cafe,2,2,2,Medium,Conservative normalization
the madras bakery,2,1,2,High,Conservative normalization
the madrasi hotel,2,1,1,High,Conservative normalization
the maggi company,2,1,2,High,Conservative normalization
the maggi point,2,2,2,Medium,Conservative normalization
the maggie adda,2,1,2,High,Conservative normalization
the maggy bowl,2,1,2,High,Conservative normalization
the magic box,2,1,2,High,Conservative normalization
the mangalorean,2,1,2,High,Conservative normalization
the mango mirchi,2,1,2,High,Conservative normalization
the marvellous pastries,2,1,2,High,Conservative normalization
the masala darbar,2,1,2,High,Conservative normalization
the master chef,2,1,2,High,Conservative normalization
the master chef restaurant,2,1,2,High,Conservative normalization
the meal bowl,2,1,2,High,Conservative normalization
the meal house,2,1,2,High,Conservative normalization
the meal story,2,2,2,Medium,Conservative normalization
the mill,2,1,2,High,Conservative normalization
the mint leaf,2,2,2,Medium,Conservative normalization
the momo factory,2,1,2,High,Conservative normalization
the momo hub,2,1,2,High,Conservative normalization
the momo lab,2,1,2,High,Conservative normalization
the momo story,2,2,2,Medium,Conservative normalization
the momos heist,2,1,2,High,Conservative normalization
the momos house,2,2,2,Medium,Conservative normalization
the momos hut,2,1,2,High,Conservative normalization
the momos king,2,2,2,Medium,Conservative normalization
the momos stories,2,2,2,Medium,Conservative normalization
the monkey cafe,2,1,2,High,Conservative normalization
the mosho,2,2,2,Medium,Conservative normalization
the moti mahal,2,1,1,High,Conservative normalization
the mughal darbar,2,1,2,High,Conservative normalization
the mughlai arc,2,1,2,High,Conservative normalization
the mughlai king,2,1,2,High,Conservative normalization
the mumbai canteen,2,1,2,High,Conservative normalization
the muyal restaurant,2,2,2,Medium,Conservative normalization
the nest,2,2,2,Medium,Conservative normalization
the new punjab club,2,1,2,High,Conservative normalization
the next level,2,2,2,Medium,Conservative normalization
the noodle factory,2,1,2,High,Conservative normalization
the noodle house,2,1,2,High,Conservative normalization
the noodle street,2,1,2,High,Conservative normalization
the north delicacy,2,1,2,High,Conservative normalization
the novelty,2,1,1,High,Conservative normalization
the nutcracker,2,1,2,High,Conservative normalization
the old delhi,2,1,2,High,Conservative normalization
the old madras baking company,2,1,2,High,Conservative normalization
the olive restaurant,2,1,2,High,Conservative normalization
the one bowl,2,1,2,High,Conservative normalization
the only place,2,1,2,High,Conservative normalization
the onyx pure veg,2,1,1,High,Conservative normalization
the orange twigs cafe,2,1,2,High,Conservative normalization
the orient,2,1,2,High,Conservative normalization
the oriental kitchen,2,1,2,High,Conservative normalization
the oriental spice,2,1,2,High,Conservative normalization
the oven,2,1,2,High,Conservative normalization
the paratha company,2,1,2,High,Conservative normalization
the paratha junction,2,2,2,Medium,Conservative normalization
the park,2,1,2,High,Conservative normalization
the park restaurant,2,2,2,Medium,Conservative normalization
the pasta bowl company,2,1,2,High,Conservative normalization
the pastry cafe,2,2,2,Medium,Conservative normalization
the pastry house,2,1,2,High,Conservative normalization
the pastry zone,2,2,2,Medium,Conservative normalization
the pavilion,2,2,2,Medium,Conservative normalization
the pawlicious foods by green house,2,1,2,High,Conservative normalization
the pentad bistro,2,2,2,Medium,Conservative normalization
the pixie bee,2,1,2,High,Conservative normalization
the piza makers,2,1,2,High,Conservative normalization
the pizza affair,2,1,2,High,Conservative normalization
the pizza cafe,2,2,2,Medium,Conservative normalization
the pizza castle,2,2,2,Medium,Conservative normalization
the pizza company,2,1,2,High,Conservative normalization
the pizza delight,2,1,2,High,Conservative normalization
the pizza family,2,1,2,High,Conservative normalization
the pizza grill,2,1,2,High,Conservative normalization
the pizza home,2,2,2,Medium,Conservative normalization
the pizza pen,2,1,2,High,Conservative normalization
the pizza place,2,1,2,High,Conservative normalization
the pizza planet,2,1,2,High,Conservative normalization
the pizza store,2,2,2,Medium,Conservative normalization
the pizza studio,2,2,2,Medium,Conservative normalization
the pizza theatre,2,1,2,High,Conservative normalization
the pizza town,2,2,2,Medium,Conservative normalization
the postman kitchen,2,2,2,Medium,Conservative normalization
the potbelly,2,1,2,High,Conservative normalization
the poutinerie,2,1,2,High,Conservative normalization
the prantha factory,2,2,2,Medium,Conservative normalization
the punjab curry house,2,1,2,High,Conservative normalization
the punjabi dhaba,2,1,2,High,Conservative normalization
the punjabi food factory,2,1,2,High,Conservative normalization
the punjabi restaurant,2,1,2,High,Conservative normalization
the quick wok,2,1,2,High,Conservative normalization
the rasoiya street,2,1,2,High,Conservative normalization
the reader s cafe,2,1,2,High,Conservative normalization
the real drums of heaven,2,2,2,Medium,Conservative normalization
the real pizza,2,2,2,Medium,Conservative normalization
the red chilli,2,1,2,High,Conservative normalization
the red pepper,2,1,2,High,Conservative normalization
the reef,2,2,2,Medium,Conservative normalization
the regal kitchen,2,2,2,Medium,Conservative normalization
the rice box,2,1,2,High,Conservative normalization
the rice factory,2,1,2,High,Conservative normalization
the rice root,2,1,2,High,Conservative normalization
the road side cafe,2,2,2,Medium,Conservative normalization
the roll co,2,2,2,Medium,Conservative normalization
the roll hut,2,1,2,High,Conservative normalization
the rolling stove,2,1,2,High,Conservative normalization
the rooster house,2,1,2,High,Conservative normalization
the round slice be pizza perfect,2,1,2,High,Conservative normalization
the royal,2,1,2,High,Conservative normalization
the royal bengal tiger cafe,2,2,2,Medium,Conservative normalization
the royal pizza,2,1,2,High,Conservative normalization
the royal restaurant,2,1,2,High,Conservative normalization
the rs dhaba,2,1,2,High,Conservative normalization
the rusty spoon,2,1,2,High,Conservative normalization
the saffron,2,2,2,Medium,Conservative normalization
the salad studio,2,1,2,High,Conservative normalization
the sandwich bite,2,1,2,High,Conservative normalization
the sandwich bro s,2,1,2,High,Conservative normalization
the sandwich man,2,1,2,High,Conservative normalization
the sandwich spot,2,1,2,High,Conservative normalization
the scoop,2,2,2,Medium,Conservative normalization
the shake bar,2,1,2,High,Conservative normalization
the shake connection,2,1,2,High,Conservative normalization
the shakes factory,2,2,2,Medium,Conservative normalization
the shawarma and momo factory,2,1,2,High,Conservative normalization
the shawarma bistro,2,1,2,High,Conservative normalization
the shawarma joint,2,2,2,Medium,Conservative normalization
the shawarma junction,2,1,2,High,Conservative normalization
the signature,2,1,2,High,Conservative normalization
the silver spoon,2,1,2,High,Conservative normalization
the slice,2,2,2,Medium,Conservative normalization
the smoked biryani,2,1,2,High,Conservative normalization
the snack hack,2,2,2,Medium,Conservative normalization
the snack hub,2,2,2,Medium,Conservative normalization
the snacks box,2,1,2,High,Conservative normalization
the social kitchen,2,2,2,Medium,Conservative normalization
the spice factory,2,1,2,High,Conservative normalization
the spice hut,2,2,2,Medium,Conservative normalization
the spicy affair,2,2,2,Medium,Conservative normalization
the spicy hut,2,2,2,Medium,Conservative normalization
the spot,2,2,2,Medium,Conservative normalization
the spud fries,2,1,2,High,Conservative normalization
the steaming mug,2,1,2,High,Conservative normalization
the stoffers,2,1,2,High,Conservative normalization
the street food,2,1,2,High,Conservative normalization
the street kitchen,2,2,2,Medium,Conservative normalization
the studs sports bar and grill,2,2,2,Medium,Conservative normalization
the swad,2,2,2,Medium,Conservative normalization
the swad restaurant,2,1,2,High,Conservative normalization
the tandoor central,2,1,2,High,Conservative normalization
the tandoor house,2,2,2,Medium,Conservative normalization
the tandoori hut,2,1,2,High,Conservative normalization
the tandoori pizza company,2,1,2,High,Conservative normalization
the tandoori tales,2,1,2,High,Conservative normalization
the taste house,2,1,2,High,Conservative normalization
the taste maker,2,2,2,Medium,Conservative normalization
the taste of hyderabad,2,2,2,Medium,Conservative normalization
the taste of india,2,2,2,Medium,Conservative normalization
the taste of kolkata,2,2,2,Medium,Conservative normalization
the tasty hub,2,2,2,Medium,Conservative normalization
the tasty kitchen,2,2,2,Medium,Conservative normalization
the tasty touch,2,2,2,Medium,Conservative normalization
the tea brewery,2,1,2,High,Conservative normalization
the thali,2,2,2,Medium,Conservative normalization
the thali king,2,1,2,High,Conservative normalization
the thickshake factory,2,1,2,High,Conservative normalization
the tiny tub,2,1,2,High,Conservative normalization
the tipsy pizza,2,2,2,Medium,Conservative normalization
the ugk pizzeria,2,1,2,High,Conservative normalization
the ultimate pizza,2,2,2,Medium,Conservative normalization
the urban chinese,2,2,2,Medium,Conservative normalization
the urban flavour,2,1,2,High,Conservative normalization
the urban kitchen,2,2,2,Medium,Conservative normalization
the veg,2,2,2,Medium,Conservative normalization
the veg bowl,2,2,2,Medium,Conservative normalization
the veg culture,2,1,2,High,Conservative normalization
the veggie kitchen,2,2,2,Medium,Conservative normalization
the vellore kitchen,2,2,2,Medium,Conservative normalization
the verandah,2,1,2,High,Conservative normalization
the village kitchen,2,1,2,High,Conservative normalization
the village restaurant,2,2,2,Medium,Conservative normalization
the vintage,2,1,2,High,Conservative normalization
the vintage cakes,2,2,2,Medium,Conservative normalization
the vintage kitchen,2,2,2,Medium,Conservative normalization
the waffle company,2,2,2,Medium,Conservative normalization
the waffle spot,2,2,2,Medium,Conservative normalization
the wall,2,1,2,High,Conservative normalization
the wedding briyani,2,2,2,Medium,Conservative normalization
the wok box,2,1,2,High,Conservative normalization
the wok co,2,1,2,High,Conservative normalization
the wok nation,2,1,2,High,Conservative normalization
the wok story,2,2,2,Medium,Conservative normalization
the wooden spoon,2,1,2,High,Conservative normalization
the world of pizza and burger,2,2,2,Medium,Conservative normalization
the yummy eats,2,1,2,High,Conservative normalization
theka coffee,2,1,2,High,Conservative normalization
theni cake point,2,2,2,Medium,Conservative normalization
thennatu karee kuzhambu kadai,2,1,2,High,Conservative normalization
theos patisserie,2,2,2,Medium,Conservative normalization
theth masala,2,1,2,High,Conservative normalization
thick shake town,2,2,2,Medium,Conservative normalization
thick shake zone,2,1,2,High,Conservative normalization
thickshake concepts,2,2,2,Medium,Conservative normalization
thickshake makers,2,1,2,High,Conservative normalization
thickshakes world star,2,1,2,High,Conservative normalization
thicksip,2,1,2,High,Conservative normalization
thunder sub s,2,1,2,High,Conservative normalization
thyme and whisk,2,1,2,High,Conservative normalization
tibb s frankie express serving rolls since 1969,2,1,2,High,Conservative normalization
tibetan mother s kitchen,2,2,2,Medium,Conservative normalization
tien,2,1,2,High,Conservative normalization
tiffin express,2,1,2,High,Conservative normalization
tiffin factory,2,2,2,Medium,Conservative normalization
tiffin peddler,2,1,2,High,Conservative normalization
tiffin time,2,1,2,High,Conservative normalization
tiffin xpress,2,2,2,Medium,Conservative normalization
tifin box,2,1,2,High,Conservative normalization
tikka and talks,2,1,2,High,Conservative normalization
tikka express,2,1,2,High,Conservative normalization
tikka kebab,2,1,2,High,Conservative normalization
tikka nation,2,1,2,High,Conservative normalization
tikke shikke,2,2,2,Medium,Conservative normalization
tikki wala,2,1,2,High,Conservative normalization
time out,2,1,1,High,Conservative normalization
time pass adda,2,2,2,Medium,Conservative normalization
time to eat,2,2,2,Medium,Conservative normalization
timpano the pasta shop,2,2,2,Medium,Conservative normalization
tipsy bull the bar exchange,2,2,2,Medium,Conservative normalization
tipsy cafe,2,1,2,High,Conservative normalization
tirumala food court,2,2,2,Medium,Conservative normalization
tirupati dosa,2,1,2,High,Conservative normalization
tirupati snacks,2,2,2,Medium,Conservative normalization
titiksha s bake junction,2,1,2,High,Conservative normalization
tiwari s ghee paratha and chaat,2,1,2,High,Conservative normalization
tiwary ji,2,2,2,Medium,Conservative normalization
toast 99 dosa,2,1,2,High,Conservative normalization
toast and tonic,2,1,2,High,Conservative normalization
toast n tonic,2,1,2,High,Conservative normalization
toastie and tonic,2,2,2,Medium,Conservative normalization
toit,2,1,2,High,Conservative normalization
tok jhal misti,2,1,2,High,Conservative normalization
tollyfood,2,2,2,Medium,Conservative normalization
tommy s bucket biryani,2,1,2,High,Conservative normalization
tommy s kitchen,2,2,2,Medium,Conservative normalization
tony bakery,2,1,2,High,Conservative normalization
top dog,2,1,2,High,Conservative normalization
top n town bakery,2,1,2,High,Conservative normalization
top touch,2,2,2,Medium,Conservative normalization
torna misal,2,2,2,Medium,Conservative normalization
torna mutton khanawal,2,2,2,Medium,Conservative normalization
toro toro,2,1,2,High,Conservative normalization
tossin pizza,2,1,2,High,Conservative normalization
touch of taste,2,2,2,Medium,Conservative normalization
touchwood cafe,2,2,2,Medium,Conservative normalization
town hall,2,1,2,High,Conservative normalization
transform diet,2,1,2,High,Conservative normalization
trapeze,2,2,2,Medium,Conservative normalization
trc the roll company,2,1,2,High,Conservative normalization
treats,2,1,2,High,Conservative normalization
tres,2,1,2,High,Conservative normalization
tricity pizza,2,1,2,High,Conservative normalization
trimurti,2,1,2,High,Conservative normalization
triple nine,2,1,2,High,Conservative normalization
trippy snacks fries momos and desserts,2,1,2,High,Conservative normalization
trishiv cafe and resto,2,2,2,Medium,Conservative normalization
tru falafel,2,1,2,High,Conservative normalization
true chinese,2,1,2,High,Conservative normalization
truly tandoori rolls,2,1,2,High,Conservative normalization
trupti farsan,2,1,2,High,Conservative normalization
try and taste,2,2,2,Medium,Conservative normalization
tuk tuk,2,2,2,Medium,Conservative normalization
tuli s restaurant,2,2,2,Medium,Conservative normalization
tuli s royal bengal,2,1,2,High,Conservative normalization
tulsi restaurant,2,1,2,High,Conservative normalization
tummy clinik fast food corner,2,1,1,High,Conservative normalization
tummy junction,2,1,2,High,Conservative normalization
tummy tucker,2,2,2,Medium,Conservative normalization
tummy yummy,2,2,2,Medium,Conservative normalization
tumpa s kitchen,2,1,2,High,Conservative normalization
turk indian done r,2,2,2,Medium,Conservative normalization
turkish shawarma,2,2,2,Medium,Conservative normalization
turnip the beat,2,2,2,Medium,Conservative normalization
tutto bene desserts cafe by little italy,2,1,2,High,Conservative normalization
twigly,2,1,2,High,Conservative normalization
twist of tadka,2,1,2,High,Conservative normalization
twisted toppings,2,2,2,Medium,Conservative normalization
twisting scoops,2,2,2,Medium,Conservative normalization
twisty,2,1,2,High,Conservative normalization
two spoons,2,1,2,High,Conservative normalization
two sticks,2,1,2,High,Conservative normalization
u k foods,2,2,2,Medium,Conservative normalization
u me aur hum,2,1,2,High,Conservative normalization
uddta punjab by don giovannis,2,2,2,Medium,Conservative normalization
udipi cafe,2,1,2,High,Conservative normalization
udipis upahar,2,1,2,High,Conservative normalization
udupi,2,2,2,Medium,Conservative normalization
udupi brindavan,2,1,2,High,Conservative normalization
udupi express,2,2,2,Medium,Conservative normalization
udupi garden,2,1,2,High,Conservative normalization
udupi gokula,2,1,2,High,Conservative normalization
udupi ruchi grand,2,2,2,Medium,Conservative normalization
udupi sagar,2,2,2,Medium,Conservative normalization
udupi spice,2,1,2,High,Conservative normalization
udupi upachar,2,2,2,Medium,Conservative normalization
udupi upahara,2,2,2,Medium,Conservative normalization
udupi veg,2,1,2,High,Conservative normalization
ujwal bar and restaurant,2,1,2,High,Conservative normalization
ulavacharu,2,1,2,High,Conservative normalization
ultimate sanjha chulha,2,2,2,Medium,Conservative normalization
uma s kitchen,2,2,2,Medium,Conservative normalization
unavey marunthu,2,1,2,High,Conservative normalization
uncafe,2,1,2,High,Conservative normalization
uncle john s pizza,2,1,2,High,Conservative normalization
uncle s butter chicken,2,1,2,High,Conservative normalization
uncle s kitchen,2,2,2,Medium,Conservative normalization
uncle tom s cafe,2,2,2,Medium,Conservative normalization
uncles chinese,2,1,2,High,Conservative normalization
uncles meal bowl,2,1,2,High,Conservative normalization
under the sky,2,2,2,Medium,Conservative normalization
unique food corner,2,1,2,High,Conservative normalization
unique kitchen,2,1,2,High,Conservative normalization
unique pizza,2,1,2,High,Conservative normalization
united canteen,2,1,2,High,Conservative normalization
united kitchens of india,2,1,2,High,Conservative normalization
uns curry love,2,1,2,High,Conservative normalization
upper taste,2,2,2,Medium,Conservative normalization
uptown burger,2,1,2,High,Conservative normalization
upwas uphargruha,2,1,2,High,Conservative normalization
urban biryani,2,1,2,High,Conservative normalization
urban bistro,2,1,2,High,Conservative normalization
urban chinese,2,1,2,High,Conservative normalization
urban desi,2,2,2,Medium,Conservative normalization
urban express,2,1,2,High,Conservative normalization
urban foodie,2,2,2,Medium,Conservative normalization
urban king,2,2,2,Medium,Conservative normalization
urban meals,2,2,2,Medium,Conservative normalization
urban monk fine baking,2,1,2,High,Conservative normalization
urban pind,2,2,2,Medium,Conservative normalization
urban plate,2,2,2,Medium,Conservative normalization
urban spice,2,1,2,High,Conservative normalization
urvi s kitchen,2,2,2,Medium,Conservative normalization
uspfc,2,1,2,High,Conservative normalization
uspfc us pizza and fried chicken,2,1,2,High,Conservative normalization
ustaad s kitchen,2,1,2,High,Conservative normalization
ustad,2,2,2,Medium,Conservative normalization
utsav,2,2,2,Medium,Conservative normalization
utsav restaurant,2,1,2,High,Conservative normalization
utsav sweets,2,2,2,Medium,Conservative normalization
utsavv,2,1,2,High,Conservative normalization
uttam sweets bakery and restaurant,2,1,2,High,Conservative normalization
uttapam flavours of south,2,2,2,Medium,Conservative normalization
uttar da puttar,2,1,2,High,Conservative normalization
uttar ke swadh,2,1,2,High,Conservative normalization
uttara karnataka food stores,2,1,2,High,Conservative normalization
uttara karnataka jolada rotti angadi,2,1,2,High,Conservative normalization
uzo pizza,2,2,2,Medium,Conservative normalization
v grand family restaurant,2,1,2,High,Conservative normalization
v k fast food,2,2,2,Medium,Conservative normalization
v4 midnight dhaba,2,1,2,High,Conservative normalization
vadapav wala,2,2,2,Medium,Conservative normalization
vaibhav fast food,2,1,2,High,Conservative normalization
vaigai vilas,2,1,2,High,Conservative normalization
vaishali pure veg,2,2,2,Medium,Conservative normalization
vaishnavi bhojnalaya,2,2,2,Medium,Conservative normalization
vaishnavi chinese and fast food corner,2,2,2,Medium,Conservative normalization
vaishnavi kitchen,2,2,2,Medium,Conservative normalization
vaishnavi litti bhandar,2,1,2,High,Conservative normalization
vaishnavi restaurant,2,2,2,Medium,Conservative normalization
vaishno amritsari dhaba,2,1,2,High,Conservative normalization
vaishno dhaba,2,1,2,High,Conservative normalization
vaishno punjabi dhaba,2,1,2,High,Conservative normalization
vaitha s cafe,2,1,2,High,Conservative normalization
vakratund modak and foods,2,1,2,High,Conservative normalization
vamos food hub,2,2,2,Medium,Conservative normalization
vanabhojanam,2,1,2,High,Conservative normalization
vandana,2,1,2,High,Conservative normalization
vandana foods,2,1,2,High,Conservative normalization
vantillu,2,1,2,High,Conservative normalization
varhadi that,2,1,2,High,Conservative normalization
vasireddy sweets,2,1,2,High,Conservative normalization
vasishta biryanis,2,1,2,High,Conservative normalization
vayuputra sweets and khara,2,2,2,Medium,Conservative normalization
vealthy cafe,2,2,2,Medium,Conservative normalization
vedant pure veg,2,1,2,High,Conservative normalization
vedic chai,2,2,2,Medium,Conservative normalization
veera da dhaba,2,2,2,Medium,Conservative normalization
veeraswamy cafe,2,2,2,Medium,Conservative normalization
veg biryani wala,2,2,2,Medium,Conservative normalization
veg darbar,2,2,2,Medium,Conservative normalization
veg dhaba,2,1,2,High,Conservative normalization
veg junction,2,1,2,High,Conservative normalization
veg palace,2,1,2,High,Conservative normalization
veg tadka,2,1,2,High,Conservative normalization
vegetarian soul,2,2,2,Medium,Conservative normalization
veggie chinese,2,1,2,High,Conservative normalization
velan mess,2,2,2,Medium,Conservative normalization
vellanki foods,2,1,2,High,Conservative normalization
venkatadri vantillu,2,2,2,Medium,Conservative normalization
venkateshwara boli stall,2,1,2,High,Conservative normalization
verona italica,2,1,2,High,Conservative normalization
vfc,2,1,2,High,Conservative normalization
via calcutta,2,1,2,High,Conservative normalization
via roma,2,2,2,Medium,Conservative normalization
vibes,2,1,2,High,Conservative normalization
vicky fast food,2,1,2,High,Conservative normalization
vicky s kitchen,2,2,2,Medium,Conservative normalization
victory cafe,2,2,2,Medium,Conservative normalization
viegas foods,2,2,2,Medium,Conservative normalization
vignesh bhavan,2,1,2,High,Conservative normalization
vijay chaat house,2,1,2,High,Conservative normalization
vijay hot dog,2,1,2,High,Conservative normalization
vijayshree sandwich,2,1,2,High,Conservative normalization
vikendi,2,1,2,High,Conservative normalization
vikrambhai chavda food zone,2,1,2,High,Conservative normalization
vilayati wok,2,1,2,High,Conservative normalization
village donne biryani,2,1,2,High,Conservative normalization
village kitchens,2,1,2,High,Conservative normalization
village special native sweets and snacks,2,1,2,High,Conservative normalization
vinayak,2,1,2,High,Conservative normalization
vinayak cafe,2,1,2,High,Conservative normalization
vindhwashni bakers confectioner and florist,2,2,2,Medium,Conservative normalization
vinny s,2,1,2,High,Conservative normalization
vintage bakery,2,2,2,Medium,Conservative normalization
vintage ice candy,2,1,2,High,Conservative normalization
vinu coorgu pork hotel,2,1,2,High,Conservative normalization
virani kitchens,2,1,2,High,Conservative normalization
vishal foods,2,2,2,Medium,Conservative normalization
vishnu mess,2,2,2,Medium,Conservative normalization
vishnuji ki rasoi,2,1,2,High,Conservative normalization
vishwa aahar,2,2,2,Medium,Conservative normalization
vishwa biryani,2,2,2,Medium,Conservative normalization
vito s pizzeria,2,2,2,Medium,Conservative normalization
volga restaurant,2,1,2,High,Conservative normalization
voosh thalis and bowls,2,1,2,High,Conservative normalization
vrindavan dhaba,2,1,2,High,Conservative normalization
vrundaavan kulfi and ice cream,2,1,2,High,Conservative normalization
vrundavan,2,1,2,High,Conservative normalization
vvyanjann,2,1,2,High,Conservative normalization
vyanjan,2,1,2,High,Conservative normalization
vyanjanam,2,1,2,High,Conservative normalization
waah hyderabadi,2,2,2,Medium,Conservative normalization
waah indore,2,2,2,Medium,Conservative normalization
waah mere india,2,1,2,High,Conservative normalization
wabi sabi,2,1,2,High,Conservative normalization
wack waffle and brownies,2,1,2,High,Conservative normalization
wadeshwar,2,1,2,High,Conservative normalization
waffee and co,2,1,2,High,Conservative normalization
waffle box,2,1,2,High,Conservative normalization
waffle head,2,1,2,High,Conservative normalization
waffle magic,2,1,2,High,Conservative normalization
wafflesome,2,2,2,Medium,Conservative normalization
wafflez,2,1,2,High,Conservative normalization
wah biryani,2,2,2,Medium,Conservative normalization
wah china,2,1,2,High,Conservative normalization
wah kolkata,2,2,2,Medium,Conservative normalization
wah momos wah,2,1,2,High,Conservative normalization
wah phuchka,2,2,2,Medium,Conservative normalization
wah punjab,2,1,2,High,Conservative normalization
wah wah chaap,2,1,2,High,Conservative normalization
wahh punjab,2,1,2,High,Conservative normalization
wake and bake,2,2,2,Medium,Conservative normalization
walnut,2,1,2,High,Conservative normalization
wangchuk s ladakhi and tibetan kitchen original,2,2,2,Medium,Conservative normalization
warehouse cafe,2,1,2,High,Conservative normalization
washington pizza,2,2,2,Medium,Conservative normalization
wat a burger,2,2,2,Medium,Conservative normalization
wat a paratha,2,1,2,High,Conservative normalization
wbfc,2,1,2,High,Conservative normalization
we idliwale,2,1,2,High,Conservative normalization
we knead pizza,2,2,2,Medium,Conservative normalization
wedesi,2,2,2,Medium,Conservative normalization
weerji dilli soya chaap,2,2,2,Medium,Conservative normalization
welcome biryani,2,2,2,Medium,Conservative normalization
welcome family restaurant,2,1,2,High,Conservative normalization
welcome point,2,2,2,Medium,Conservative normalization
welcome restaurant,2,1,2,High,Conservative normalization
western pizza hub,2,2,2,Medium,Conservative normalization
what a food,2,1,2,High,Conservative normalization
what s up food,2,1,1,High,Conservative normalization
what sinapita,2,1,2,High,Conservative normalization
what the food,2,2,2,Medium,Conservative normalization
whatta khichdi,2,1,2,High,Conservative normalization
where s my burger,2,2,2,Medium,Conservative normalization
whipped,2,1,2,High,Conservative normalization
whistle podu,2,1,2,High,Conservative normalization
white hart pizza,2,1,2,High,Conservative normalization
wholemeal,2,1,2,High,Conservative normalization
wholesale bakery,2,2,2,Medium,Conservative normalization
wholesale cakes,2,1,2,High,Conservative normalization
why not momos,2,1,2,High,Conservative normalization
why so delicious,2,2,2,Medium,Conservative normalization
wild sugar,2,1,2,High,Conservative normalization
william john s pizza superlative,2,1,2,High,Conservative normalization
william johns pizza,2,1,2,High,Conservative normalization
winger,2,2,2,Medium,Conservative normalization
wings on fire,2,1,2,High,Conservative normalization
wingsta,2,1,2,High,Conservative normalization
wishmeal,2,1,2,High,Conservative normalization
wisphot,2,1,2,High,Conservative normalization
wjw rice bowl,2,2,2,Medium,Conservative normalization
wofl,2,2,2,Medium,Conservative normalization
wok china,2,1,2,High,Conservative normalization
wok choi,2,2,2,Medium,Conservative normalization
wok fried chinese,2,1,2,High,Conservative normalization
wok house,2,2,2,Medium,Conservative normalization
wok in,2,2,2,Medium,Conservative normalization
wok in by aryan,2,1,2,High,Conservative normalization
wok in the box,2,2,2,Medium,Conservative normalization
wok n tok,2,1,2,High,Conservative normalization
wok n toss,2,2,2,Medium,Conservative normalization
wok singh,2,1,2,High,Conservative normalization
wok station,2,1,2,High,Conservative normalization
wok stories,2,2,2,Medium,Conservative normalization
wok street,2,1,2,High,Conservative normalization
wok toss,2,2,2,Medium,Conservative normalization
wok tossed,2,1,2,High,Conservative normalization
wonder s pizza,2,2,2,Medium,Conservative normalization
wonders pizza,2,1,2,High,Conservative normalization
wood box cafe,2,1,2,High,Conservative normalization
woodlands,2,1,2,High,Conservative normalization
woody s,2,1,2,High,Conservative normalization
woow momos,2,1,2,High,Conservative normalization
world of biryanis,2,1,2,High,Conservative normalization
world of khichdis,2,1,2,High,Conservative normalization
world of momos,2,2,2,Medium,Conservative normalization
world of scoops,2,2,2,Medium,Conservative normalization
world of tortillas,2,1,2,High,Conservative normalization
world of waffles,2,2,2,Medium,Conservative normalization
world on a swirl ice cream and desserts,2,1,2,High,Conservative normalization
world trail,2,1,2,High,Conservative normalization
wow bawarchi,2,1,2,High,Conservative normalization
wow cakes,2,2,2,Medium,Conservative normalization
wow chaap,2,1,2,High,Conservative normalization
wow china bistro,2,1,2,High,Conservative normalization
wow dosa,2,1,2,High,Conservative normalization
wow fried chicken,2,2,2,Medium,Conservative normalization
wow noodle,2,1,2,High,Conservative normalization
wow sandwiches,2,2,2,Medium,Conservative normalization
wow taste,2,2,2,Medium,Conservative normalization
wow tasty food,2,2,2,Medium,Conservative normalization
wow world of wings,2,1,2,High,Conservative normalization
wowfillss,2,1,2,High,Conservative normalization
wrap and go,2,2,2,Medium,Conservative normalization
wrap co,2,2,2,Medium,Conservative normalization
wrap hub,2,1,2,High,Conservative normalization
wrap it up,2,1,2,High,Conservative normalization
wrap n go,2,2,2,Medium,Conservative normalization
wrap the wraps,2,1,2,High,Conservative normalization
wrapchik,2,2,2,Medium,Conservative normalization
wrappers,2,1,2,High,Conservative normalization
wtf wow tasty food,2,2,2,Medium,Conservative normalization
xoco chocolates by foodhall,2,1,2,High,Conservative normalization
xpress chai,2,1,2,High,Conservative normalization
y s food fusion,2,2,2,Medium,Conservative normalization
ya basa the dhaba,2,2,2,Medium,Conservative normalization
yaara di chaap,2,2,2,Medium,Conservative normalization
yaaran da adda,2,2,2,Medium,Conservative normalization
yaaran di chaap,2,2,2,Medium,Conservative normalization
yaari biryani,2,1,2,High,Conservative normalization
yaaro ka adda,2,2,2,Medium,Conservative normalization
yadav khasta and vada,2,2,2,Medium,Conservative normalization
yalla momos,2,1,2,High,Conservative normalization
yammies cake and pastry,2,1,2,High,Conservative normalization
yana hut,2,1,2,High,Conservative normalization
yang chow,2,2,2,Medium,Conservative normalization
yanki sizzlers,2,1,2,High,Conservative normalization
yarana point,2,2,2,Medium,Conservative normalization
yash fast food,2,2,2,Medium,Conservative normalization
yash ki rasoi,2,1,2,High,Conservative normalization
yash siddhant takeaway,2,1,1,High,Conservative normalization
yello,2,1,2,High,Conservative normalization
yelloow,2,1,2,High,Conservative normalization
yellow chili s,2,1,2,High,Conservative normalization
yellow chilli,2,2,2,Medium,Conservative normalization
yen,2,1,2,High,Conservative normalization
yes biryani,2,1,2,High,Conservative normalization
yes burger,2,1,2,High,Conservative normalization
yes sir,2,1,2,High,Conservative normalization
yes yo momo,2,1,1,High,Conservative normalization
yfc,2,1,2,High,Conservative normalization
yo frankie,2,1,2,High,Conservative normalization
yo momos,2,1,2,High,Conservative normalization
yo yo china,2,1,2,High,Conservative normalization
yogi s kitchen,2,2,2,Medium,Conservative normalization
yolkshire,2,1,2,High,Conservative normalization
yolo gelatto,2,1,2,High,Conservative normalization
youngmonk fruit bar,2,2,2,Medium,Conservative normalization
your s pizza,2,1,2,High,Conservative normalization
yours cheesy day,2,1,2,High,Conservative normalization
yours foody hub,2,1,2,High,Conservative normalization
youth dosa,2,2,2,Medium,Conservative normalization
yoyo momo,2,1,2,High,Conservative normalization
yuan,2,1,2,High,Conservative normalization
yum n grill,2,1,2,High,Conservative normalization
yum yum chinese,2,2,2,Medium,Conservative normalization
yum yum kitchen,2,1,2,High,Conservative normalization
yumla,2,2,2,Medium,Conservative normalization
yumma swami,2,1,2,High,Conservative normalization
yummi momos,2,1,2,High,Conservative normalization
yummies family restaurant,2,2,2,Medium,Conservative normalization
yummy,2,1,2,High,Conservative normalization
yummy adda,2,2,2,Medium,Conservative normalization
yummy capital,2,1,2,High,Conservative normalization
yummy delight,2,2,2,Medium,Conservative normalization
yummy dosa,2,1,2,High,Conservative normalization
yummy fried chicken,2,1,2,High,Conservative normalization
yummy grills,2,1,2,High,Conservative normalization
yummy in my tummy,2,1,2,High,Conservative normalization
yummy khichdi,2,2,2,Medium,Conservative normalization
yummy of chinese,2,1,2,High,Conservative normalization
yummy paradise,2,2,2,Medium,Conservative normalization
yummy platters,2,1,2,High,Conservative normalization
yummy s paratha,2,1,2,High,Conservative normalization
yummy shawarma,2,2,2,Medium,Conservative normalization
yummy stories,2,2,2,Medium,Conservative normalization
yummy yum,2,1,2,High,Conservative normalization
yuvi the cafe,2,2,2,Medium,Conservative normalization
zaatar,2,1,2,High,Conservative normalization
zaatar arabic restaurant,2,1,2,High,Conservative normalization
zafran,2,2,2,Medium,Conservative normalization
zafran biryani,2,2,2,Medium,Conservative normalization
zaika 7,2,2,2,Medium,Conservative normalization
zaika caterers,2,1,2,High,Conservative normalization
zaika chai and misal house,2,2,2,Medium,Conservative normalization
zaika chicken,2,1,2,High,Conservative normalization
zaika chicken biryani,2,1,2,High,Conservative normalization
zaika darbar,2,2,2,Medium,Conservative normalization
zaika express,2,1,2,High,Conservative normalization
zaika inn,2,1,2,High,Conservative normalization
zaika junction,2,2,2,Medium,Conservative normalization
zaika kitchen,2,2,2,Medium,Conservative normalization
zaika muradabadi,2,1,2,High,Conservative normalization
zaika muradabadi chicken restaurant,2,1,2,High,Conservative normalization
zaika taste of dilli 6,2,1,2,High,Conservative normalization
zaiqa biryani,2,2,2,Medium,Conservative normalization
zaiqa the royal mughlai,2,2,2,Medium,Conservative normalization
zaitoun zaika,2,1,2,High,Conservative normalization
zam zam biriyani,2,2,2,Medium,Conservative normalization
zam zam dosa hut,2,1,2,High,Conservative normalization
zam zam fast food,2,2,2,Medium,Conservative normalization
zambar,2,1,2,High,Conservative normalization
zan cafe,2,2,2,Medium,Conservative normalization
zao,2,2,2,Medium,Conservative normalization
zara kitchen,2,2,2,Medium,Conservative normalization
zatka misal,2,2,2,Medium,Conservative normalization
zauk,2,1,2,High,Conservative normalization
zayka,2,1,2,High,Conservative normalization
zayka restaurant,2,1,2,High,Conservative normalization
zea gourmet,2,1,2,High,Conservative normalization
zero degree celsius,2,2,2,Medium,Conservative normalization
zest restaurant,2,1,2,High,Conservative normalization
zesturo,2,1,2,High,Conservative normalization
zesty kitchen,2,1,2,High,Conservative normalization
zfc,2,1,2,High,Conservative normalization
zingrille,2,1,2,High,Conservative normalization
ziyafat biryani,2,1,2,High,Conservative normalization
zoca cafe,2,2,2,Medium,Conservative normalization
zoca pizzeria,2,1,2,High,Conservative normalization
zoop cafe,2,2,2,Medium,Conservative normalization
zoya biryani,2,1,2,High,Conservative normalization
zubaan dilli,2,2,2,Medium,Conservative normalization
zwarma cafe,2,1,2,High,Conservative normalization
zzz pizza,2,2,2,Medium,Conservative normalization
